[2025-12-19T23:43:53.734+0000] {manager.py:487} INFO - Processing files using up to 2 processes at a time 
[2025-12-19T23:43:53.734+0000] {manager.py:488} INFO - Process each file at most once every 30 seconds
[2025-12-19T23:43:53.734+0000] {manager.py:489} INFO - Checking for new files in /opt/airflow/dags every 300 seconds
[2025-12-19T23:43:53.734+0000] {manager.py:759} INFO - Searching for files in /opt/airflow/dags
[2025-12-19T23:43:53.735+0000] {manager.py:762} INFO - There are 0 files in /opt/airflow/dags
[2025-12-19T23:44:42.105+0000] {manager.py:469} INFO - Exiting gracefully upon receiving signal 15
[2025-12-19T23:45:05.755+0000] {manager.py:487} INFO - Processing files using up to 2 processes at a time 
[2025-12-19T23:45:05.755+0000] {manager.py:488} INFO - Process each file at most once every 30 seconds
[2025-12-19T23:45:05.755+0000] {manager.py:489} INFO - Checking for new files in /opt/airflow/dags every 300 seconds
[2025-12-19T23:45:05.756+0000] {manager.py:759} INFO - Searching for files in /opt/airflow/dags
[2025-12-19T23:45:05.756+0000] {manager.py:762} INFO - There are 0 files in /opt/airflow/dags
[2025-12-19T23:47:15.442+0000] {manager.py:469} INFO - Exiting gracefully upon receiving signal 15
[2025-12-19T23:51:38.729+0000] {manager.py:487} INFO - Processing files using up to 2 processes at a time 
[2025-12-19T23:51:38.729+0000] {manager.py:488} INFO - Process each file at most once every 30 seconds
[2025-12-19T23:51:38.729+0000] {manager.py:489} INFO - Checking for new files in /opt/airflow/dags every 300 seconds
[2025-12-19T23:51:38.729+0000] {manager.py:759} INFO - Searching for files in /opt/airflow/dags
[2025-12-19T23:51:38.730+0000] {manager.py:762} INFO - There are 0 files in /opt/airflow/dags
[2025-12-19T23:52:01.065+0000] {manager.py:469} INFO - Exiting gracefully upon receiving signal 15
[2025-12-19T23:52:22.693+0000] {manager.py:487} INFO - Processing files using up to 2 processes at a time 
[2025-12-19T23:52:22.693+0000] {manager.py:488} INFO - Process each file at most once every 30 seconds
[2025-12-19T23:52:22.693+0000] {manager.py:489} INFO - Checking for new files in /opt/airflow/dags every 300 seconds
[2025-12-19T23:52:22.693+0000] {manager.py:759} INFO - Searching for files in /opt/airflow/dags
[2025-12-19T23:52:22.694+0000] {manager.py:762} INFO - There are 0 files in /opt/airflow/dags
[2025-12-19T23:53:48.793+0000] {manager.py:469} INFO - Exiting gracefully upon receiving signal 15
[2025-12-19T23:54:22.901+0000] {manager.py:487} INFO - Processing files using up to 2 processes at a time 
[2025-12-19T23:54:22.901+0000] {manager.py:488} INFO - Process each file at most once every 30 seconds
[2025-12-19T23:54:22.902+0000] {manager.py:489} INFO - Checking for new files in /opt/airflow/dags every 300 seconds
[2025-12-19T23:54:22.902+0000] {manager.py:759} INFO - Searching for files in /opt/airflow/dags
[2025-12-19T23:54:22.902+0000] {manager.py:762} INFO - There are 0 files in /opt/airflow/dags
[2025-12-19T23:59:23.094+0000] {manager.py:759} INFO - Searching for files in /opt/airflow/dags
[2025-12-19T23:59:23.095+0000] {manager.py:762} INFO - There are 0 files in /opt/airflow/dags
[2025-12-20T00:04:23.182+0000] {manager.py:759} INFO - Searching for files in /opt/airflow/dags
[2025-12-20T00:04:23.183+0000] {manager.py:762} INFO - There are 0 files in /opt/airflow/dags
[2025-12-20T00:04:37.986+0000] {manager.py:469} INFO - Exiting gracefully upon receiving signal 15
[2025-12-20T00:42:39.565+0000] {manager.py:487} INFO - Processing files using up to 2 processes at a time 
[2025-12-20T00:42:39.565+0000] {manager.py:488} INFO - Process each file at most once every 30 seconds
[2025-12-20T00:42:39.565+0000] {manager.py:489} INFO - Checking for new files in /opt/airflow/dags every 300 seconds
[2025-12-20T00:42:39.565+0000] {manager.py:759} INFO - Searching for files in /opt/airflow/dags
[2025-12-20T00:42:39.566+0000] {manager.py:762} INFO - There are 0 files in /opt/airflow/dags
[2025-12-20T00:47:39.948+0000] {manager.py:759} INFO - Searching for files in /opt/airflow/dags
[2025-12-20T00:47:39.949+0000] {manager.py:762} INFO - There are 1 files in /opt/airflow/dags
[2025-12-20T00:47:40.961+0000] {manager.py:893} INFO - 
================================================================================
DAG File Processing Stats

File Path                     PID    Runtime      # DAGs    # Errors  Last Runtime    Last Run
----------------------------  -----  ---------  --------  ----------  --------------  -------------------
/opt/airflow/dags/aracaju.py                           0           0  0.93s           2025-12-20T00:47:40
================================================================================
[2025-12-20T00:48:11.338+0000] {manager.py:893} INFO - 
================================================================================
DAG File Processing Stats

File Path                     PID    Runtime      # DAGs    # Errors  Last Runtime    Last Run
----------------------------  -----  ---------  --------  ----------  --------------  -------------------
/opt/airflow/dags/aracaju.py                           0           0  0.32s           2025-12-20T00:48:07
================================================================================
[2025-12-20T00:48:41.500+0000] {manager.py:893} INFO - 
================================================================================
DAG File Processing Stats

File Path                     PID    Runtime      # DAGs    # Errors  Last Runtime    Last Run
----------------------------  -----  ---------  --------  ----------  --------------  -------------------
/opt/airflow/dags/aracaju.py                           0           0  0.30s           2025-12-20T00:48:37
================================================================================
[2025-12-20T00:49:12.035+0000] {manager.py:893} INFO - 
================================================================================
DAG File Processing Stats

File Path                       PID  Runtime      # DAGs    # Errors  Last Runtime    Last Run
----------------------------  -----  ---------  --------  ----------  --------------  -------------------
/opt/airflow/dags/aracaju.py    247  0.01s             0           0  0.32s           2025-12-20T00:49:05
================================================================================
[2025-12-20T00:49:42.724+0000] {manager.py:893} INFO - 
================================================================================
DAG File Processing Stats

File Path                     PID    Runtime      # DAGs    # Errors  Last Runtime    Last Run
----------------------------  -----  ---------  --------  ----------  --------------  -------------------
/opt/airflow/dags/aracaju.py                           0           0  0.33s           2025-12-20T00:49:36
================================================================================
[2025-12-20T00:50:12.746+0000] {manager.py:893} INFO - 
================================================================================
DAG File Processing Stats

File Path                     PID    Runtime      # DAGs    # Errors  Last Runtime    Last Run
----------------------------  -----  ---------  --------  ----------  --------------  -------------------
/opt/airflow/dags/aracaju.py                           0           1  0.33s           2025-12-20T00:50:10
================================================================================
[2025-12-20T00:50:43.008+0000] {manager.py:893} INFO - 
================================================================================
DAG File Processing Stats

File Path                     PID    Runtime      # DAGs    # Errors  Last Runtime    Last Run
----------------------------  -----  ---------  --------  ----------  --------------  -------------------
/opt/airflow/dags/aracaju.py                           1           0  0.60s           2025-12-20T00:50:18
================================================================================
[2025-12-20T00:51:13.569+0000] {manager.py:893} INFO - 
================================================================================
DAG File Processing Stats

File Path                     PID    Runtime      # DAGs    # Errors  Last Runtime    Last Run
----------------------------  -----  ---------  --------  ----------  --------------  -------------------
/opt/airflow/dags/aracaju.py                           1           0  0.36s           2025-12-20T00:50:48
================================================================================
[2025-12-20T00:51:44.035+0000] {manager.py:893} INFO - 
================================================================================
DAG File Processing Stats

File Path                     PID    Runtime      # DAGs    # Errors  Last Runtime    Last Run
----------------------------  -----  ---------  --------  ----------  --------------  -------------------
/opt/airflow/dags/aracaju.py                           1           0  0.38s           2025-12-20T00:51:19
================================================================================
[2025-12-20T00:52:14.508+0000] {manager.py:893} INFO - 
================================================================================
DAG File Processing Stats

File Path                     PID    Runtime      # DAGs    # Errors  Last Runtime    Last Run
----------------------------  -----  ---------  --------  ----------  --------------  -------------------
/opt/airflow/dags/aracaju.py                           1           0  0.27s           2025-12-20T00:51:49
================================================================================
[2025-12-20T00:52:40.285+0000] {manager.py:759} INFO - Searching for files in /opt/airflow/dags
[2025-12-20T00:52:40.286+0000] {manager.py:762} INFO - There are 1 files in /opt/airflow/dags
[2025-12-20T00:52:44.884+0000] {manager.py:893} INFO - 
================================================================================
DAG File Processing Stats

File Path                     PID    Runtime      # DAGs    # Errors  Last Runtime    Last Run
----------------------------  -----  ---------  --------  ----------  --------------  -------------------
/opt/airflow/dags/aracaju.py                           1           0  0.42s           2025-12-20T00:52:20
================================================================================
[2025-12-20T00:53:15.397+0000] {manager.py:893} INFO - 
================================================================================
DAG File Processing Stats

File Path                     PID    Runtime      # DAGs    # Errors  Last Runtime    Last Run
----------------------------  -----  ---------  --------  ----------  --------------  -------------------
/opt/airflow/dags/aracaju.py                           1           0  0.28s           2025-12-20T00:52:50
================================================================================
[2025-12-20T00:53:45.792+0000] {manager.py:893} INFO - 
================================================================================
DAG File Processing Stats

File Path                     PID    Runtime      # DAGs    # Errors  Last Runtime    Last Run
----------------------------  -----  ---------  --------  ----------  --------------  -------------------
/opt/airflow/dags/aracaju.py                           1           0  0.29s           2025-12-20T00:53:20
================================================================================
[2025-12-20T00:54:16.180+0000] {manager.py:893} INFO - 
================================================================================
DAG File Processing Stats

File Path                     PID    Runtime      # DAGs    # Errors  Last Runtime    Last Run
----------------------------  -----  ---------  --------  ----------  --------------  -------------------
/opt/airflow/dags/aracaju.py                           1           0  0.37s           2025-12-20T00:53:51
================================================================================
[2025-12-20T00:54:46.649+0000] {manager.py:893} INFO - 
================================================================================
DAG File Processing Stats

File Path                     PID    Runtime      # DAGs    # Errors  Last Runtime    Last Run
----------------------------  -----  ---------  --------  ----------  --------------  -------------------
/opt/airflow/dags/aracaju.py                           1           0  0.30s           2025-12-20T00:54:21
================================================================================
[2025-12-20T00:55:17.045+0000] {manager.py:893} INFO - 
================================================================================
DAG File Processing Stats

File Path                     PID    Runtime      # DAGs    # Errors  Last Runtime    Last Run
----------------------------  -----  ---------  --------  ----------  --------------  -------------------
/opt/airflow/dags/aracaju.py                           1           0  0.28s           2025-12-20T00:54:52
================================================================================
[2025-12-20T00:55:47.410+0000] {manager.py:893} INFO - 
================================================================================
DAG File Processing Stats

File Path                     PID    Runtime      # DAGs    # Errors  Last Runtime    Last Run
----------------------------  -----  ---------  --------  ----------  --------------  -------------------
/opt/airflow/dags/aracaju.py                           1           0  0.29s           2025-12-20T00:55:22
================================================================================
[2025-12-20T00:56:17.790+0000] {manager.py:893} INFO - 
================================================================================
DAG File Processing Stats

File Path                     PID    Runtime      # DAGs    # Errors  Last Runtime    Last Run
----------------------------  -----  ---------  --------  ----------  --------------  -------------------
/opt/airflow/dags/aracaju.py                           1           0  0.29s           2025-12-20T00:55:53
================================================================================
[2025-12-20T00:56:48.170+0000] {manager.py:893} INFO - 
================================================================================
DAG File Processing Stats

File Path                     PID    Runtime      # DAGs    # Errors  Last Runtime    Last Run
----------------------------  -----  ---------  --------  ----------  --------------  -------------------
/opt/airflow/dags/aracaju.py                           1           0  0.29s           2025-12-20T00:56:23
================================================================================
[2025-12-20T00:57:18.550+0000] {manager.py:893} INFO - 
================================================================================
DAG File Processing Stats

File Path                     PID    Runtime      # DAGs    # Errors  Last Runtime    Last Run
----------------------------  -----  ---------  --------  ----------  --------------  -------------------
/opt/airflow/dags/aracaju.py                           1           0  0.29s           2025-12-20T00:56:53
================================================================================
[2025-12-20T00:57:40.916+0000] {manager.py:759} INFO - Searching for files in /opt/airflow/dags
[2025-12-20T00:57:40.917+0000] {manager.py:762} INFO - There are 1 files in /opt/airflow/dags
[2025-12-20T00:57:48.952+0000] {manager.py:893} INFO - 
================================================================================
DAG File Processing Stats

File Path                     PID    Runtime      # DAGs    # Errors  Last Runtime    Last Run
----------------------------  -----  ---------  --------  ----------  --------------  -------------------
/opt/airflow/dags/aracaju.py                           1           0  0.36s           2025-12-20T00:57:24
================================================================================
[2025-12-20T00:58:19.414+0000] {manager.py:893} INFO - 
================================================================================
DAG File Processing Stats

File Path                     PID    Runtime      # DAGs    # Errors  Last Runtime    Last Run
----------------------------  -----  ---------  --------  ----------  --------------  -------------------
/opt/airflow/dags/aracaju.py                           1           0  0.27s           2025-12-20T00:58:14
================================================================================
[2025-12-20T00:58:49.557+0000] {manager.py:893} INFO - 
================================================================================
DAG File Processing Stats

File Path                     PID    Runtime      # DAGs    # Errors  Last Runtime    Last Run
----------------------------  -----  ---------  --------  ----------  --------------  -------------------
/opt/airflow/dags/aracaju.py                           1           0  0.39s           2025-12-20T00:58:49
================================================================================
[2025-12-20T00:59:19.666+0000] {manager.py:893} INFO - 
================================================================================
DAG File Processing Stats

File Path                       PID  Runtime      # DAGs    # Errors  Last Runtime    Last Run
----------------------------  -----  ---------  --------  ----------  --------------  -------------------
/opt/airflow/dags/aracaju.py    415  0.01s             1           0  0.39s           2025-12-20T00:58:49
================================================================================
[2025-12-20T00:59:49.772+0000] {manager.py:893} INFO - 
================================================================================
DAG File Processing Stats

File Path                     PID    Runtime      # DAGs    # Errors  Last Runtime    Last Run
----------------------------  -----  ---------  --------  ----------  --------------  -------------------
/opt/airflow/dags/aracaju.py                           1           0  0.29s           2025-12-20T00:59:19
================================================================================
[2025-12-20T01:00:20.163+0000] {manager.py:893} INFO - 
================================================================================
DAG File Processing Stats

File Path                     PID    Runtime      # DAGs    # Errors  Last Runtime    Last Run
----------------------------  -----  ---------  --------  ----------  --------------  -------------------
/opt/airflow/dags/aracaju.py                           1           0  0.39s           2025-12-20T00:59:50
================================================================================
[2025-12-20T01:00:50.649+0000] {manager.py:893} INFO - 
================================================================================
DAG File Processing Stats

File Path                     PID    Runtime      # DAGs    # Errors  Last Runtime    Last Run
----------------------------  -----  ---------  --------  ----------  --------------  -------------------
/opt/airflow/dags/aracaju.py                           1           0  0.38s           2025-12-20T01:00:20
================================================================================
[2025-12-20T01:01:21.125+0000] {manager.py:893} INFO - 
================================================================================
DAG File Processing Stats

File Path                     PID    Runtime      # DAGs    # Errors  Last Runtime    Last Run
----------------------------  -----  ---------  --------  ----------  --------------  -------------------
/opt/airflow/dags/aracaju.py                           1           0  0.29s           2025-12-20T01:00:51
================================================================================
[2025-12-20T01:01:51.510+0000] {manager.py:893} INFO - 
================================================================================
DAG File Processing Stats

File Path                     PID    Runtime      # DAGs    # Errors  Last Runtime    Last Run
----------------------------  -----  ---------  --------  ----------  --------------  -------------------
/opt/airflow/dags/aracaju.py                           1           0  0.28s           2025-12-20T01:01:21
================================================================================
[2025-12-20T01:02:21.895+0000] {manager.py:893} INFO - 
================================================================================
DAG File Processing Stats

File Path                     PID    Runtime      # DAGs    # Errors  Last Runtime    Last Run
----------------------------  -----  ---------  --------  ----------  --------------  -------------------
/opt/airflow/dags/aracaju.py                           1           0  0.31s           2025-12-20T01:01:52
================================================================================
[2025-12-20T01:02:41.262+0000] {manager.py:759} INFO - Searching for files in /opt/airflow/dags
[2025-12-20T01:02:41.263+0000] {manager.py:762} INFO - There are 1 files in /opt/airflow/dags
[2025-12-20T01:02:52.310+0000] {manager.py:893} INFO - 
================================================================================
DAG File Processing Stats

File Path                     PID    Runtime      # DAGs    # Errors  Last Runtime    Last Run
----------------------------  -----  ---------  --------  ----------  --------------  -------------------
/opt/airflow/dags/aracaju.py                           1           0  0.35s           2025-12-20T01:02:22
================================================================================
[2025-12-20T01:03:22.762+0000] {manager.py:893} INFO - 
================================================================================
DAG File Processing Stats

File Path                     PID    Runtime      # DAGs    # Errors  Last Runtime    Last Run
----------------------------  -----  ---------  --------  ----------  --------------  -------------------
/opt/airflow/dags/aracaju.py                           1           0  0.28s           2025-12-20T01:02:53
================================================================================
[2025-12-20T01:03:53.145+0000] {manager.py:893} INFO - 
================================================================================
DAG File Processing Stats

File Path                     PID    Runtime      # DAGs    # Errors  Last Runtime    Last Run
----------------------------  -----  ---------  --------  ----------  --------------  -------------------
/opt/airflow/dags/aracaju.py                           1           0  0.34s           2025-12-20T01:03:24
================================================================================
[2025-12-20T01:04:23.875+0000] {manager.py:893} INFO - 
================================================================================
DAG File Processing Stats

File Path                     PID    Runtime      # DAGs    # Errors  Last Runtime    Last Run
----------------------------  -----  ---------  --------  ----------  --------------  -------------------
/opt/airflow/dags/aracaju.py                           1           0  0.34s           2025-12-20T01:04:14
================================================================================
[2025-12-20T01:04:54.018+0000] {manager.py:893} INFO - 
================================================================================
DAG File Processing Stats

File Path                     PID    Runtime      # DAGs    # Errors  Last Runtime    Last Run
----------------------------  -----  ---------  --------  ----------  --------------  -------------------
/opt/airflow/dags/aracaju.py                           1           0  0.38s           2025-12-20T01:04:45
================================================================================
[2025-12-20T01:05:24.471+0000] {manager.py:893} INFO - 
================================================================================
DAG File Processing Stats

File Path                     PID    Runtime      # DAGs    # Errors  Last Runtime    Last Run
----------------------------  -----  ---------  --------  ----------  --------------  -------------------
/opt/airflow/dags/aracaju.py                           1           0  0.34s           2025-12-20T01:05:15
================================================================================
[2025-12-20T01:05:54.917+0000] {manager.py:893} INFO - 
================================================================================
DAG File Processing Stats

File Path                     PID    Runtime      # DAGs    # Errors  Last Runtime    Last Run
----------------------------  -----  ---------  --------  ----------  --------------  -------------------
/opt/airflow/dags/aracaju.py                           1           0  0.28s           2025-12-20T01:05:46
================================================================================
[2025-12-20T01:06:25.307+0000] {manager.py:893} INFO - 
================================================================================
DAG File Processing Stats

File Path                     PID    Runtime      # DAGs    # Errors  Last Runtime    Last Run
----------------------------  -----  ---------  --------  ----------  --------------  -------------------
/opt/airflow/dags/aracaju.py                           1           0  0.35s           2025-12-20T01:06:16
================================================================================
[2025-12-20T01:06:55.762+0000] {manager.py:893} INFO - 
================================================================================
DAG File Processing Stats

File Path                     PID    Runtime      # DAGs    # Errors  Last Runtime    Last Run
----------------------------  -----  ---------  --------  ----------  --------------  -------------------
/opt/airflow/dags/aracaju.py                           1           0  0.30s           2025-12-20T01:06:47
================================================================================
[2025-12-20T01:07:26.154+0000] {manager.py:893} INFO - 
================================================================================
DAG File Processing Stats

File Path                     PID    Runtime      # DAGs    # Errors  Last Runtime    Last Run
----------------------------  -----  ---------  --------  ----------  --------------  -------------------
/opt/airflow/dags/aracaju.py                           1           0  0.27s           2025-12-20T01:07:17
================================================================================
[2025-12-20T01:07:41.462+0000] {manager.py:759} INFO - Searching for files in /opt/airflow/dags
[2025-12-20T01:07:41.463+0000] {manager.py:762} INFO - There are 1 files in /opt/airflow/dags
[2025-12-20T01:07:56.530+0000] {manager.py:893} INFO - 
================================================================================
DAG File Processing Stats

File Path                     PID    Runtime      # DAGs    # Errors  Last Runtime    Last Run
----------------------------  -----  ---------  --------  ----------  --------------  -------------------
/opt/airflow/dags/aracaju.py                           1           0  0.39s           2025-12-20T01:07:47
================================================================================
[2025-12-20T01:08:27.004+0000] {manager.py:893} INFO - 
================================================================================
DAG File Processing Stats

File Path                     PID    Runtime      # DAGs    # Errors  Last Runtime    Last Run
----------------------------  -----  ---------  --------  ----------  --------------  -------------------
/opt/airflow/dags/aracaju.py                           1           0  0.29s           2025-12-20T01:08:18
================================================================================
[2025-12-20T01:08:57.397+0000] {manager.py:893} INFO - 
================================================================================
DAG File Processing Stats

File Path                     PID    Runtime      # DAGs    # Errors  Last Runtime    Last Run
----------------------------  -----  ---------  --------  ----------  --------------  -------------------
/opt/airflow/dags/aracaju.py                           1           0  0.37s           2025-12-20T01:08:48
================================================================================
[2025-12-20T01:09:27.889+0000] {manager.py:893} INFO - 
================================================================================
DAG File Processing Stats

File Path                     PID    Runtime      # DAGs    # Errors  Last Runtime    Last Run
----------------------------  -----  ---------  --------  ----------  --------------  -------------------
/opt/airflow/dags/aracaju.py                           1           0  0.37s           2025-12-20T01:09:19
================================================================================
[2025-12-20T01:09:58.380+0000] {manager.py:893} INFO - 
================================================================================
DAG File Processing Stats

File Path                     PID    Runtime      # DAGs    # Errors  Last Runtime    Last Run
----------------------------  -----  ---------  --------  ----------  --------------  -------------------
/opt/airflow/dags/aracaju.py                           1           0  0.36s           2025-12-20T01:09:49
================================================================================
[2025-12-20T01:10:28.852+0000] {manager.py:893} INFO - 
================================================================================
DAG File Processing Stats

File Path                     PID    Runtime      # DAGs    # Errors  Last Runtime    Last Run
----------------------------  -----  ---------  --------  ----------  --------------  -------------------
/opt/airflow/dags/aracaju.py                           1           0  0.39s           2025-12-20T01:10:20
================================================================================
[2025-12-20T01:10:59.336+0000] {manager.py:893} INFO - 
================================================================================
DAG File Processing Stats

File Path                     PID    Runtime      # DAGs    # Errors  Last Runtime    Last Run
----------------------------  -----  ---------  --------  ----------  --------------  -------------------
/opt/airflow/dags/aracaju.py                           1           0  0.27s           2025-12-20T01:10:50
================================================================================
[2025-12-20T01:11:29.713+0000] {manager.py:893} INFO - 
================================================================================
DAG File Processing Stats

File Path                     PID    Runtime      # DAGs    # Errors  Last Runtime    Last Run
----------------------------  -----  ---------  --------  ----------  --------------  -------------------
/opt/airflow/dags/aracaju.py                           1           0  0.37s           2025-12-20T01:11:21
================================================================================
[2025-12-20T01:12:00.087+0000] {manager.py:893} INFO - 
================================================================================
DAG File Processing Stats

File Path                     PID    Runtime      # DAGs    # Errors  Last Runtime    Last Run
----------------------------  -----  ---------  --------  ----------  --------------  -------------------
/opt/airflow/dags/aracaju.py                           0           1  0.04s           2025-12-20T01:11:59
================================================================================
[2025-12-20T01:12:30.534+0000] {manager.py:893} INFO - 
================================================================================
DAG File Processing Stats

File Path                     PID    Runtime      # DAGs    # Errors  Last Runtime    Last Run
----------------------------  -----  ---------  --------  ----------  --------------  -------------------
/opt/airflow/dags/aracaju.py                           1           0  0.33s           2025-12-20T01:12:14
================================================================================
[2025-12-20T01:12:41.583+0000] {manager.py:759} INFO - Searching for files in /opt/airflow/dags
[2025-12-20T01:12:41.584+0000] {manager.py:762} INFO - There are 1 files in /opt/airflow/dags
[2025-12-20T01:13:00.687+0000] {manager.py:893} INFO - 
================================================================================
DAG File Processing Stats

File Path                     PID    Runtime      # DAGs    # Errors  Last Runtime    Last Run
----------------------------  -----  ---------  --------  ----------  --------------  -------------------
/opt/airflow/dags/aracaju.py                           1           0  0.27s           2025-12-20T01:12:50
================================================================================
[2025-12-20T01:13:31.437+0000] {manager.py:893} INFO - 
================================================================================
DAG File Processing Stats

File Path                     PID    Runtime      # DAGs    # Errors  Last Runtime    Last Run
----------------------------  -----  ---------  --------  ----------  --------------  -------------------
/opt/airflow/dags/aracaju.py                           1           0  0.37s           2025-12-20T01:13:30
================================================================================
[2025-12-20T01:14:01.556+0000] {manager.py:893} INFO - 
================================================================================
DAG File Processing Stats

File Path                     PID    Runtime      # DAGs    # Errors  Last Runtime    Last Run
----------------------------  -----  ---------  --------  ----------  --------------  -------------------
/opt/airflow/dags/aracaju.py                           1           0  0.35s           2025-12-20T01:13:33
================================================================================
[2025-12-20T01:14:31.996+0000] {manager.py:893} INFO - 
================================================================================
DAG File Processing Stats

File Path                     PID    Runtime      # DAGs    # Errors  Last Runtime    Last Run
----------------------------  -----  ---------  --------  ----------  --------------  -------------------
/opt/airflow/dags/aracaju.py                           1           0  0.33s           2025-12-20T01:14:04
================================================================================
[2025-12-20T01:15:02.429+0000] {manager.py:893} INFO - 
================================================================================
DAG File Processing Stats

File Path                     PID    Runtime      # DAGs    # Errors  Last Runtime    Last Run
----------------------------  -----  ---------  --------  ----------  --------------  -------------------
/opt/airflow/dags/aracaju.py                           1           0  0.28s           2025-12-20T01:14:34
================================================================================
[2025-12-20T01:15:32.820+0000] {manager.py:893} INFO - 
================================================================================
DAG File Processing Stats

File Path                     PID    Runtime      # DAGs    # Errors  Last Runtime    Last Run
----------------------------  -----  ---------  --------  ----------  --------------  -------------------
/opt/airflow/dags/aracaju.py                           1           0  0.39s           2025-12-20T01:15:05
================================================================================
[2025-12-20T01:16:03.310+0000] {manager.py:893} INFO - 
================================================================================
DAG File Processing Stats

File Path                     PID    Runtime      # DAGs    # Errors  Last Runtime    Last Run
----------------------------  -----  ---------  --------  ----------  --------------  -------------------
/opt/airflow/dags/aracaju.py                           1           0  0.36s           2025-12-20T01:15:35
================================================================================
[2025-12-20T01:16:33.776+0000] {manager.py:893} INFO - 
================================================================================
DAG File Processing Stats

File Path                     PID    Runtime      # DAGs    # Errors  Last Runtime    Last Run
----------------------------  -----  ---------  --------  ----------  --------------  -------------------
/opt/airflow/dags/aracaju.py                           1           0  0.38s           2025-12-20T01:16:06
================================================================================
[2025-12-20T01:17:04.267+0000] {manager.py:893} INFO - 
================================================================================
DAG File Processing Stats

File Path                     PID    Runtime      # DAGs    # Errors  Last Runtime    Last Run
----------------------------  -----  ---------  --------  ----------  --------------  -------------------
/opt/airflow/dags/aracaju.py                           1           0  0.28s           2025-12-20T01:16:36
================================================================================
[2025-12-20T01:17:34.665+0000] {manager.py:893} INFO - 
================================================================================
DAG File Processing Stats

File Path                     PID    Runtime      # DAGs    # Errors  Last Runtime    Last Run
----------------------------  -----  ---------  --------  ----------  --------------  -------------------
/opt/airflow/dags/aracaju.py                           1           0  0.37s           2025-12-20T01:17:06
================================================================================
[2025-12-20T01:17:42.054+0000] {manager.py:759} INFO - Searching for files in /opt/airflow/dags
[2025-12-20T01:17:42.056+0000] {manager.py:762} INFO - There are 2 files in /opt/airflow/dags
[2025-12-20T01:18:05.146+0000] {manager.py:893} INFO - 
================================================================================
DAG File Processing Stats

File Path                          PID    Runtime      # DAGs    # Errors  Last Runtime    Last Run
---------------------------------  -----  ---------  --------  ----------  --------------  -------------------
/opt/airflow/dags/etl_completa.py                           0           0  0.29s           2025-12-20T01:17:42
/opt/airflow/dags/aracaju.py                                1           0  0.38s           2025-12-20T01:17:37
================================================================================
[2025-12-20T01:18:35.812+0000] {manager.py:893} INFO - 
================================================================================
DAG File Processing Stats

File Path                          PID    Runtime      # DAGs    # Errors  Last Runtime    Last Run
---------------------------------  -----  ---------  --------  ----------  --------------  -------------------
/opt/airflow/dags/etl_completa.py                           0           0  0.32s           2025-12-20T01:18:12
/opt/airflow/dags/aracaju.py                                1           0  0.26s           2025-12-20T01:18:07
================================================================================
[2025-12-20T01:19:06.303+0000] {manager.py:893} INFO - 
================================================================================
DAG File Processing Stats

File Path                          PID    Runtime      # DAGs    # Errors  Last Runtime    Last Run
---------------------------------  -----  ---------  --------  ----------  --------------  -------------------
/opt/airflow/dags/etl_completa.py                           0           0  0.35s           2025-12-20T01:18:43
/opt/airflow/dags/aracaju.py                                1           0  0.38s           2025-12-20T01:18:38
================================================================================
[2025-12-20T01:19:36.420+0000] {manager.py:893} INFO - 
================================================================================
DAG File Processing Stats

File Path                          PID    Runtime      # DAGs    # Errors  Last Runtime    Last Run
---------------------------------  -----  ---------  --------  ----------  --------------  -------------------
/opt/airflow/dags/etl_completa.py                           0           0  0.22s           2025-12-20T01:19:13
/opt/airflow/dags/aracaju.py                                1           0  0.31s           2025-12-20T01:19:08
================================================================================
[2025-12-20T01:20:06.752+0000] {manager.py:893} INFO - 
================================================================================
DAG File Processing Stats

File Path                          PID    Runtime      # DAGs    # Errors  Last Runtime    Last Run
---------------------------------  -----  ---------  --------  ----------  --------------  -------------------
/opt/airflow/dags/etl_completa.py                           0           0  0.24s           2025-12-20T01:19:43
/opt/airflow/dags/aracaju.py                                1           0  0.30s           2025-12-20T01:19:38
================================================================================
[2025-12-20T01:20:37.084+0000] {manager.py:893} INFO - 
================================================================================
DAG File Processing Stats

File Path                          PID    Runtime      # DAGs    # Errors  Last Runtime    Last Run
---------------------------------  -----  ---------  --------  ----------  --------------  -------------------
/opt/airflow/dags/etl_completa.py                           0           0  0.24s           2025-12-20T01:20:14
/opt/airflow/dags/aracaju.py                                1           0  0.28s           2025-12-20T01:20:09
================================================================================
[2025-12-20T01:21:07.438+0000] {manager.py:893} INFO - 
================================================================================
DAG File Processing Stats

File Path                          PID    Runtime      # DAGs    # Errors  Last Runtime    Last Run
---------------------------------  -----  ---------  --------  ----------  --------------  -------------------
/opt/airflow/dags/etl_completa.py                           0           0  0.27s           2025-12-20T01:20:44
/opt/airflow/dags/aracaju.py                                1           0  0.32s           2025-12-20T01:20:39
================================================================================
[2025-12-20T01:21:37.812+0000] {manager.py:893} INFO - 
================================================================================
DAG File Processing Stats

File Path                          PID    Runtime      # DAGs    # Errors  Last Runtime    Last Run
---------------------------------  -----  ---------  --------  ----------  --------------  -------------------
/opt/airflow/dags/etl_completa.py                           0           0  0.27s           2025-12-20T01:21:14
/opt/airflow/dags/aracaju.py                                1           0  0.33s           2025-12-20T01:21:10
================================================================================
[2025-12-20T01:22:08.180+0000] {manager.py:893} INFO - 
================================================================================
DAG File Processing Stats

File Path                          PID    Runtime      # DAGs    # Errors  Last Runtime    Last Run
---------------------------------  -----  ---------  --------  ----------  --------------  -------------------
/opt/airflow/dags/etl_completa.py                           0           0  0.25s           2025-12-20T01:21:45
/opt/airflow/dags/aracaju.py                                1           0  0.31s           2025-12-20T01:21:40
================================================================================
[2025-12-20T01:22:38.528+0000] {manager.py:893} INFO - 
================================================================================
DAG File Processing Stats

File Path                          PID    Runtime      # DAGs    # Errors  Last Runtime    Last Run
---------------------------------  -----  ---------  --------  ----------  --------------  -------------------
/opt/airflow/dags/etl_completa.py                           0           0  0.27s           2025-12-20T01:22:15
/opt/airflow/dags/aracaju.py                                1           0  0.31s           2025-12-20T01:22:10
================================================================================
[2025-12-20T01:22:42.105+0000] {manager.py:759} INFO - Searching for files in /opt/airflow/dags
[2025-12-20T01:22:42.106+0000] {manager.py:762} INFO - There are 2 files in /opt/airflow/dags
[2025-12-20T01:23:08.891+0000] {manager.py:893} INFO - 
================================================================================
DAG File Processing Stats

File Path                          PID    Runtime      # DAGs    # Errors  Last Runtime    Last Run
---------------------------------  -----  ---------  --------  ----------  --------------  -------------------
/opt/airflow/dags/etl_completa.py                           0           0  0.31s           2025-12-20T01:22:46
/opt/airflow/dags/aracaju.py                                1           0  0.31s           2025-12-20T01:22:41
================================================================================
[2025-12-20T01:23:39.294+0000] {manager.py:893} INFO - 
================================================================================
DAG File Processing Stats

File Path                          PID    Runtime      # DAGs    # Errors  Last Runtime    Last Run
---------------------------------  -----  ---------  --------  ----------  --------------  -------------------
/opt/airflow/dags/etl_completa.py                           0           0  0.25s           2025-12-20T01:23:16
/opt/airflow/dags/aracaju.py                                1           0  0.29s           2025-12-20T01:23:11
================================================================================
[2025-12-20T01:24:09.648+0000] {manager.py:893} INFO - 
================================================================================
DAG File Processing Stats

File Path                          PID    Runtime      # DAGs    # Errors  Last Runtime    Last Run
---------------------------------  -----  ---------  --------  ----------  --------------  -------------------
/opt/airflow/dags/etl_completa.py                           0           0  0.25s           2025-12-20T01:23:46
/opt/airflow/dags/aracaju.py                                1           0  0.30s           2025-12-20T01:23:41
================================================================================
[2025-12-20T01:24:39.989+0000] {manager.py:893} INFO - 
================================================================================
DAG File Processing Stats

File Path                          PID    Runtime      # DAGs    # Errors  Last Runtime    Last Run
---------------------------------  -----  ---------  --------  ----------  --------------  -------------------
/opt/airflow/dags/etl_completa.py                           0           0  0.25s           2025-12-20T01:24:17
/opt/airflow/dags/aracaju.py                                1           0  0.29s           2025-12-20T01:24:12
================================================================================
[2025-12-20T01:25:10.340+0000] {manager.py:893} INFO - 
================================================================================
DAG File Processing Stats

File Path                          PID    Runtime      # DAGs    # Errors  Last Runtime    Last Run
---------------------------------  -----  ---------  --------  ----------  --------------  -------------------
/opt/airflow/dags/etl_completa.py                           0           0  0.25s           2025-12-20T01:24:47
/opt/airflow/dags/aracaju.py                                1           0  0.31s           2025-12-20T01:24:42
================================================================================
[2025-12-20T01:25:40.677+0000] {manager.py:893} INFO - 
================================================================================
DAG File Processing Stats

File Path                          PID    Runtime      # DAGs    # Errors  Last Runtime    Last Run
---------------------------------  -----  ---------  --------  ----------  --------------  -------------------
/opt/airflow/dags/etl_completa.py                           0           0  0.24s           2025-12-20T01:25:17
/opt/airflow/dags/aracaju.py                                1           0  0.28s           2025-12-20T01:25:12
================================================================================
[2025-12-20T01:26:11.017+0000] {manager.py:893} INFO - 
================================================================================
DAG File Processing Stats

File Path                          PID    Runtime      # DAGs    # Errors  Last Runtime    Last Run
---------------------------------  -----  ---------  --------  ----------  --------------  -------------------
/opt/airflow/dags/etl_completa.py                           0           0  0.24s           2025-12-20T01:25:48
/opt/airflow/dags/aracaju.py                                1           0  0.29s           2025-12-20T01:25:43
================================================================================
[2025-12-20T01:26:41.388+0000] {manager.py:893} INFO - 
================================================================================
DAG File Processing Stats

File Path                          PID    Runtime      # DAGs    # Errors  Last Runtime    Last Run
---------------------------------  -----  ---------  --------  ----------  --------------  -------------------
/opt/airflow/dags/etl_completa.py                           0           0  0.32s           2025-12-20T01:26:18
/opt/airflow/dags/aracaju.py                                1           0  0.34s           2025-12-20T01:26:13
================================================================================
[2025-12-20T01:27:11.842+0000] {manager.py:893} INFO - 
================================================================================
DAG File Processing Stats

File Path                          PID    Runtime      # DAGs    # Errors  Last Runtime    Last Run
---------------------------------  -----  ---------  --------  ----------  --------------  -------------------
/opt/airflow/dags/etl_completa.py                           0           0  0.32s           2025-12-20T01:26:49
/opt/airflow/dags/aracaju.py                                1           0  0.37s           2025-12-20T01:26:44
================================================================================
[2025-12-20T01:27:42.302+0000] {manager.py:759} INFO - Searching for files in /opt/airflow/dags
[2025-12-20T01:27:42.304+0000] {manager.py:762} INFO - There are 2 files in /opt/airflow/dags
[2025-12-20T01:27:42.311+0000] {manager.py:893} INFO - 
================================================================================
DAG File Processing Stats

File Path                          PID    Runtime      # DAGs    # Errors  Last Runtime    Last Run
---------------------------------  -----  ---------  --------  ----------  --------------  -------------------
/opt/airflow/dags/etl_completa.py                           0           0  0.32s           2025-12-20T01:27:19
/opt/airflow/dags/aracaju.py                                1           0  0.36s           2025-12-20T01:27:14
================================================================================
[2025-12-20T01:28:12.745+0000] {manager.py:893} INFO - 
================================================================================
DAG File Processing Stats

File Path                          PID    Runtime      # DAGs    # Errors  Last Runtime    Last Run
---------------------------------  -----  ---------  --------  ----------  --------------  -------------------
/opt/airflow/dags/etl_completa.py                           0           0  0.33s           2025-12-20T01:27:49
/opt/airflow/dags/aracaju.py                                1           0  0.36s           2025-12-20T01:27:44
================================================================================
[2025-12-20T01:28:43.206+0000] {manager.py:893} INFO - 
================================================================================
DAG File Processing Stats

File Path                          PID    Runtime      # DAGs    # Errors  Last Runtime    Last Run
---------------------------------  -----  ---------  --------  ----------  --------------  -------------------
/opt/airflow/dags/etl_completa.py                           0           0  0.32s           2025-12-20T01:28:20
/opt/airflow/dags/aracaju.py                                1           0  0.36s           2025-12-20T01:28:15
================================================================================
[2025-12-20T01:29:13.644+0000] {manager.py:893} INFO - 
================================================================================
DAG File Processing Stats

File Path                          PID    Runtime      # DAGs    # Errors  Last Runtime    Last Run
---------------------------------  -----  ---------  --------  ----------  --------------  -------------------
/opt/airflow/dags/etl_completa.py                           0           0  0.32s           2025-12-20T01:28:50
/opt/airflow/dags/aracaju.py                                1           0  0.36s           2025-12-20T01:28:45
================================================================================
[2025-12-20T01:29:44.093+0000] {manager.py:893} INFO - 
================================================================================
DAG File Processing Stats

File Path                          PID    Runtime      # DAGs    # Errors  Last Runtime    Last Run
---------------------------------  -----  ---------  --------  ----------  --------------  -------------------
/opt/airflow/dags/etl_completa.py                           0           0  0.32s           2025-12-20T01:29:21
/opt/airflow/dags/aracaju.py                                1           0  0.37s           2025-12-20T01:29:16
================================================================================
[2025-12-20T01:30:14.538+0000] {manager.py:893} INFO - 
================================================================================
DAG File Processing Stats

File Path                          PID    Runtime      # DAGs    # Errors  Last Runtime    Last Run
---------------------------------  -----  ---------  --------  ----------  --------------  -------------------
/opt/airflow/dags/etl_completa.py                           0           0  0.32s           2025-12-20T01:29:51
/opt/airflow/dags/aracaju.py                                1           0  0.37s           2025-12-20T01:29:46
================================================================================
[2025-12-20T01:30:44.965+0000] {manager.py:893} INFO - 
================================================================================
DAG File Processing Stats

File Path                          PID    Runtime      # DAGs    # Errors  Last Runtime    Last Run
---------------------------------  -----  ---------  --------  ----------  --------------  -------------------
/opt/airflow/dags/etl_completa.py                           0           0  0.32s           2025-12-20T01:30:22
/opt/airflow/dags/aracaju.py                                1           0  0.37s           2025-12-20T01:30:17
================================================================================
[2025-12-20T01:31:15.432+0000] {manager.py:893} INFO - 
================================================================================
DAG File Processing Stats

File Path                          PID    Runtime      # DAGs    # Errors  Last Runtime    Last Run
---------------------------------  -----  ---------  --------  ----------  --------------  -------------------
/opt/airflow/dags/etl_completa.py                           0           0  0.32s           2025-12-20T01:30:52
/opt/airflow/dags/aracaju.py                                1           0  0.37s           2025-12-20T01:30:47
================================================================================
[2025-12-20T01:31:45.875+0000] {manager.py:893} INFO - 
================================================================================
DAG File Processing Stats

File Path                          PID    Runtime      # DAGs    # Errors  Last Runtime    Last Run
---------------------------------  -----  ---------  --------  ----------  --------------  -------------------
/opt/airflow/dags/etl_completa.py                           0           0  0.32s           2025-12-20T01:31:23
/opt/airflow/dags/aracaju.py                                1           0  0.37s           2025-12-20T01:31:18
================================================================================
[2025-12-20T01:32:16.330+0000] {manager.py:893} INFO - 
================================================================================
DAG File Processing Stats

File Path                          PID    Runtime      # DAGs    # Errors  Last Runtime    Last Run
---------------------------------  -----  ---------  --------  ----------  --------------  -------------------
/opt/airflow/dags/etl_completa.py                           0           0  0.32s           2025-12-20T01:31:53
/opt/airflow/dags/aracaju.py                                1           0  0.37s           2025-12-20T01:31:48
================================================================================
[2025-12-20T01:32:42.756+0000] {manager.py:759} INFO - Searching for files in /opt/airflow/dags
[2025-12-20T01:32:42.758+0000] {manager.py:762} INFO - There are 2 files in /opt/airflow/dags
[2025-12-20T01:32:46.784+0000] {manager.py:893} INFO - 
================================================================================
DAG File Processing Stats

File Path                          PID    Runtime      # DAGs    # Errors  Last Runtime    Last Run
---------------------------------  -----  ---------  --------  ----------  --------------  -------------------
/opt/airflow/dags/etl_completa.py                           0           0  0.32s           2025-12-20T01:32:23
/opt/airflow/dags/aracaju.py                                1           0  0.36s           2025-12-20T01:32:19
================================================================================
[2025-12-20T01:33:17.230+0000] {manager.py:893} INFO - 
================================================================================
DAG File Processing Stats

File Path                          PID    Runtime      # DAGs    # Errors  Last Runtime    Last Run
---------------------------------  -----  ---------  --------  ----------  --------------  -------------------
/opt/airflow/dags/etl_completa.py                           0           0  0.32s           2025-12-20T01:32:54
/opt/airflow/dags/aracaju.py                                1           0  0.37s           2025-12-20T01:32:49
================================================================================
[2025-12-20T01:33:47.685+0000] {manager.py:893} INFO - 
================================================================================
DAG File Processing Stats

File Path                          PID    Runtime      # DAGs    # Errors  Last Runtime    Last Run
---------------------------------  -----  ---------  --------  ----------  --------------  -------------------
/opt/airflow/dags/etl_completa.py                           0           0  0.32s           2025-12-20T01:33:24
/opt/airflow/dags/aracaju.py                                1           0  0.37s           2025-12-20T01:33:19
================================================================================
[2025-12-20T01:34:18.140+0000] {manager.py:893} INFO - 
================================================================================
DAG File Processing Stats

File Path                          PID    Runtime      # DAGs    # Errors  Last Runtime    Last Run
---------------------------------  -----  ---------  --------  ----------  --------------  -------------------
/opt/airflow/dags/etl_completa.py                           0           0  0.32s           2025-12-20T01:33:55
/opt/airflow/dags/aracaju.py                                1           0  0.37s           2025-12-20T01:33:50
================================================================================
[2025-12-20T01:34:48.595+0000] {manager.py:893} INFO - 
================================================================================
DAG File Processing Stats

File Path                          PID    Runtime      # DAGs    # Errors  Last Runtime    Last Run
---------------------------------  -----  ---------  --------  ----------  --------------  -------------------
/opt/airflow/dags/etl_completa.py                           0           0  0.33s           2025-12-20T01:34:25
/opt/airflow/dags/aracaju.py                                1           0  0.37s           2025-12-20T01:34:20
================================================================================
[2025-12-20T01:35:19.055+0000] {manager.py:893} INFO - 
================================================================================
DAG File Processing Stats

File Path                          PID    Runtime      # DAGs    # Errors  Last Runtime    Last Run
---------------------------------  -----  ---------  --------  ----------  --------------  -------------------
/opt/airflow/dags/etl_completa.py                           0           0  0.32s           2025-12-20T01:34:56
/opt/airflow/dags/aracaju.py                                1           0  0.37s           2025-12-20T01:34:51
================================================================================
[2025-12-20T01:35:49.497+0000] {manager.py:893} INFO - 
================================================================================
DAG File Processing Stats

File Path                          PID    Runtime      # DAGs    # Errors  Last Runtime    Last Run
---------------------------------  -----  ---------  --------  ----------  --------------  -------------------
/opt/airflow/dags/etl_completa.py                           0           0  0.32s           2025-12-20T01:35:26
/opt/airflow/dags/aracaju.py                                1           0  0.37s           2025-12-20T01:35:21
================================================================================
[2025-12-20T01:36:19.940+0000] {manager.py:893} INFO - 
================================================================================
DAG File Processing Stats

File Path                          PID    Runtime      # DAGs    # Errors  Last Runtime    Last Run
---------------------------------  -----  ---------  --------  ----------  --------------  -------------------
/opt/airflow/dags/etl_completa.py                           0           0  0.32s           2025-12-20T01:35:57
/opt/airflow/dags/aracaju.py                                1           0  0.37s           2025-12-20T01:35:52
================================================================================
[2025-12-20T01:36:50.391+0000] {manager.py:893} INFO - 
================================================================================
DAG File Processing Stats

File Path                          PID    Runtime      # DAGs    # Errors  Last Runtime    Last Run
---------------------------------  -----  ---------  --------  ----------  --------------  -------------------
/opt/airflow/dags/etl_completa.py                           0           0  0.32s           2025-12-20T01:36:27
/opt/airflow/dags/aracaju.py                                1           0  0.37s           2025-12-20T01:36:22
================================================================================
[2025-12-20T01:37:20.851+0000] {manager.py:893} INFO - 
================================================================================
DAG File Processing Stats

File Path                          PID    Runtime      # DAGs    # Errors  Last Runtime    Last Run
---------------------------------  -----  ---------  --------  ----------  --------------  -------------------
/opt/airflow/dags/etl_completa.py                           0           0  0.33s           2025-12-20T01:36:58
/opt/airflow/dags/aracaju.py                                1           0  0.37s           2025-12-20T01:36:53
================================================================================
[2025-12-20T01:37:43.264+0000] {manager.py:759} INFO - Searching for files in /opt/airflow/dags
[2025-12-20T01:37:43.266+0000] {manager.py:762} INFO - There are 2 files in /opt/airflow/dags
[2025-12-20T01:37:51.306+0000] {manager.py:893} INFO - 
================================================================================
DAG File Processing Stats

File Path                          PID    Runtime      # DAGs    # Errors  Last Runtime    Last Run
---------------------------------  -----  ---------  --------  ----------  --------------  -------------------
/opt/airflow/dags/etl_completa.py                           0           0  0.32s           2025-12-20T01:37:28
/opt/airflow/dags/aracaju.py                                1           0  0.37s           2025-12-20T01:37:23
================================================================================
[2025-12-20T01:38:21.743+0000] {manager.py:893} INFO - 
================================================================================
DAG File Processing Stats

File Path                          PID    Runtime      # DAGs    # Errors  Last Runtime    Last Run
---------------------------------  -----  ---------  --------  ----------  --------------  -------------------
/opt/airflow/dags/etl_completa.py                           0           0  0.31s           2025-12-20T01:37:58
/opt/airflow/dags/aracaju.py                                1           0  0.36s           2025-12-20T01:37:53
================================================================================
[2025-12-20T01:38:52.180+0000] {manager.py:893} INFO - 
================================================================================
DAG File Processing Stats

File Path                          PID    Runtime      # DAGs    # Errors  Last Runtime    Last Run
---------------------------------  -----  ---------  --------  ----------  --------------  -------------------
/opt/airflow/dags/etl_completa.py                           0           0  0.32s           2025-12-20T01:38:29
/opt/airflow/dags/aracaju.py                                1           0  0.38s           2025-12-20T01:38:24
================================================================================
[2025-12-20T01:39:22.628+0000] {manager.py:893} INFO - 
================================================================================
DAG File Processing Stats

File Path                          PID    Runtime      # DAGs    # Errors  Last Runtime    Last Run
---------------------------------  -----  ---------  --------  ----------  --------------  -------------------
/opt/airflow/dags/etl_completa.py                           0           0  0.32s           2025-12-20T01:38:59
/opt/airflow/dags/aracaju.py                                1           0  0.36s           2025-12-20T01:38:54
================================================================================
[2025-12-20T01:39:53.087+0000] {manager.py:893} INFO - 
================================================================================
DAG File Processing Stats

File Path                          PID    Runtime      # DAGs    # Errors  Last Runtime    Last Run
---------------------------------  -----  ---------  --------  ----------  --------------  -------------------
/opt/airflow/dags/etl_completa.py                           0           0  0.32s           2025-12-20T01:39:30
/opt/airflow/dags/aracaju.py                                1           0  0.37s           2025-12-20T01:39:25
================================================================================
[2025-12-20T01:40:23.532+0000] {manager.py:893} INFO - 
================================================================================
DAG File Processing Stats

File Path                          PID    Runtime      # DAGs    # Errors  Last Runtime    Last Run
---------------------------------  -----  ---------  --------  ----------  --------------  -------------------
/opt/airflow/dags/etl_completa.py                           0           0  0.32s           2025-12-20T01:40:00
/opt/airflow/dags/aracaju.py                                1           0  0.37s           2025-12-20T01:39:55
================================================================================
[2025-12-20T01:40:53.987+0000] {manager.py:893} INFO - 
================================================================================
DAG File Processing Stats

File Path                          PID    Runtime      # DAGs    # Errors  Last Runtime    Last Run
---------------------------------  -----  ---------  --------  ----------  --------------  -------------------
/opt/airflow/dags/etl_completa.py                           0           0  0.32s           2025-12-20T01:40:31
/opt/airflow/dags/aracaju.py                                1           0  0.37s           2025-12-20T01:40:26
================================================================================
[2025-12-20T01:41:24.444+0000] {manager.py:893} INFO - 
================================================================================
DAG File Processing Stats

File Path                          PID    Runtime      # DAGs    # Errors  Last Runtime    Last Run
---------------------------------  -----  ---------  --------  ----------  --------------  -------------------
/opt/airflow/dags/etl_completa.py                           0           0  0.32s           2025-12-20T01:41:01
/opt/airflow/dags/aracaju.py                                1           0  0.36s           2025-12-20T01:40:56
================================================================================
[2025-12-20T01:41:54.895+0000] {manager.py:893} INFO - 
================================================================================
DAG File Processing Stats

File Path                          PID    Runtime      # DAGs    # Errors  Last Runtime    Last Run
---------------------------------  -----  ---------  --------  ----------  --------------  -------------------
/opt/airflow/dags/etl_completa.py                           0           0  0.32s           2025-12-20T01:41:32
/opt/airflow/dags/aracaju.py                                1           0  0.37s           2025-12-20T01:41:27
================================================================================
[2025-12-20T01:42:25.363+0000] {manager.py:893} INFO - 
================================================================================
DAG File Processing Stats

File Path                          PID    Runtime      # DAGs    # Errors  Last Runtime    Last Run
---------------------------------  -----  ---------  --------  ----------  --------------  -------------------
/opt/airflow/dags/etl_completa.py                           0           0  0.32s           2025-12-20T01:42:02
/opt/airflow/dags/aracaju.py                                1           0  0.36s           2025-12-20T01:41:57
================================================================================
[2025-12-20T01:42:43.763+0000] {manager.py:759} INFO - Searching for files in /opt/airflow/dags
[2025-12-20T01:42:43.765+0000] {manager.py:762} INFO - There are 2 files in /opt/airflow/dags
[2025-12-20T01:42:55.823+0000] {manager.py:893} INFO - 
================================================================================
DAG File Processing Stats

File Path                          PID    Runtime      # DAGs    # Errors  Last Runtime    Last Run
---------------------------------  -----  ---------  --------  ----------  --------------  -------------------
/opt/airflow/dags/etl_completa.py                           0           0  0.32s           2025-12-20T01:42:33
/opt/airflow/dags/aracaju.py                                1           0  0.37s           2025-12-20T01:42:28
================================================================================
[2025-12-20T01:43:26.263+0000] {manager.py:893} INFO - 
================================================================================
DAG File Processing Stats

File Path                          PID    Runtime      # DAGs    # Errors  Last Runtime    Last Run
---------------------------------  -----  ---------  --------  ----------  --------------  -------------------
/opt/airflow/dags/etl_completa.py                           0           0  0.32s           2025-12-20T01:43:03
/opt/airflow/dags/aracaju.py                                1           0  0.37s           2025-12-20T01:42:58
================================================================================
[2025-12-20T01:43:56.705+0000] {manager.py:893} INFO - 
================================================================================
DAG File Processing Stats

File Path                          PID    Runtime      # DAGs    # Errors  Last Runtime    Last Run
---------------------------------  -----  ---------  --------  ----------  --------------  -------------------
/opt/airflow/dags/etl_completa.py                           0           0  0.32s           2025-12-20T01:43:33
/opt/airflow/dags/aracaju.py                                1           0  0.36s           2025-12-20T01:43:28
================================================================================
[2025-12-20T01:44:27.418+0000] {manager.py:893} INFO - 
================================================================================
DAG File Processing Stats

File Path                          PID    Runtime      # DAGs    # Errors  Last Runtime    Last Run
---------------------------------  -----  ---------  --------  ----------  --------------  -------------------
/opt/airflow/dags/etl_completa.py                           0           0  0.32s           2025-12-20T01:44:04
/opt/airflow/dags/aracaju.py                                1           0  0.26s           2025-12-20T01:43:59
================================================================================
[2025-12-20T01:44:57.920+0000] {manager.py:893} INFO - 
================================================================================
DAG File Processing Stats

File Path                          PID    Runtime      # DAGs    # Errors  Last Runtime    Last Run
---------------------------------  -----  ---------  --------  ----------  --------------  -------------------
/opt/airflow/dags/etl_completa.py                           0           0  0.32s           2025-12-20T01:44:34
/opt/airflow/dags/aracaju.py                                1           0  0.36s           2025-12-20T01:44:29
================================================================================
[2025-12-20T01:45:28.054+0000] {manager.py:893} INFO - 
================================================================================
DAG File Processing Stats

File Path                          PID    Runtime      # DAGs    # Errors  Last Runtime    Last Run
---------------------------------  -----  ---------  --------  ----------  --------------  -------------------
/opt/airflow/dags/etl_completa.py                           0           0  0.32s           2025-12-20T01:45:05
/opt/airflow/dags/aracaju.py                                1           0  0.37s           2025-12-20T01:45:00
================================================================================
[2025-12-20T01:45:58.508+0000] {manager.py:893} INFO - 
================================================================================
DAG File Processing Stats

File Path                          PID    Runtime      # DAGs    # Errors  Last Runtime    Last Run
---------------------------------  -----  ---------  --------  ----------  --------------  -------------------
/opt/airflow/dags/etl_completa.py                           0           0  0.35s           2025-12-20T01:45:35
/opt/airflow/dags/aracaju.py                                1           0  0.38s           2025-12-20T01:45:30
================================================================================
[2025-12-20T01:46:28.628+0000] {manager.py:893} INFO - 
================================================================================
DAG File Processing Stats

File Path                          PID    Runtime      # DAGs    # Errors  Last Runtime    Last Run
---------------------------------  -----  ---------  --------  ----------  --------------  -------------------
/opt/airflow/dags/etl_completa.py                           0           0  0.33s           2025-12-20T01:46:24
/opt/airflow/dags/aracaju.py                                1           0  0.34s           2025-12-20T01:46:01
================================================================================
[2025-12-20T01:46:58.998+0000] {manager.py:893} INFO - 
================================================================================
DAG File Processing Stats

File Path                          PID    Runtime      # DAGs    # Errors  Last Runtime    Last Run
---------------------------------  -----  ---------  --------  ----------  --------------  -------------------
/opt/airflow/dags/etl_completa.py                           0           0  0.34s           2025-12-20T01:46:55
/opt/airflow/dags/aracaju.py                                1           0  0.34s           2025-12-20T01:46:31
================================================================================
[2025-12-20T01:47:29.473+0000] {manager.py:893} INFO - 
================================================================================
DAG File Processing Stats

File Path                          PID    Runtime      # DAGs    # Errors  Last Runtime    Last Run
---------------------------------  -----  ---------  --------  ----------  --------------  -------------------
/opt/airflow/dags/etl_completa.py                           0           0  0.32s           2025-12-20T01:47:07
/opt/airflow/dags/aracaju.py                                1           0  0.37s           2025-12-20T01:47:02
================================================================================
[2025-12-20T01:47:43.873+0000] {manager.py:759} INFO - Searching for files in /opt/airflow/dags
[2025-12-20T01:47:43.874+0000] {manager.py:762} INFO - There are 2 files in /opt/airflow/dags
[2025-12-20T01:47:59.935+0000] {manager.py:893} INFO - 
================================================================================
DAG File Processing Stats

File Path                          PID    Runtime      # DAGs    # Errors  Last Runtime    Last Run
---------------------------------  -----  ---------  --------  ----------  --------------  -------------------
/opt/airflow/dags/etl_completa.py                           0           0  0.25s           2025-12-20T01:47:38
/opt/airflow/dags/aracaju.py                                1           0  0.35s           2025-12-20T01:47:32
================================================================================
[2025-12-20T01:48:30.444+0000] {manager.py:893} INFO - 
================================================================================
DAG File Processing Stats

File Path                          PID    Runtime      # DAGs    # Errors  Last Runtime    Last Run
---------------------------------  -----  ---------  --------  ----------  --------------  -------------------
/opt/airflow/dags/etl_completa.py                           0           0  0.33s           2025-12-20T01:48:08
/opt/airflow/dags/aracaju.py                                1           0  0.38s           2025-12-20T01:48:03
================================================================================
[2025-12-20T01:49:00.940+0000] {manager.py:893} INFO - 
================================================================================
DAG File Processing Stats

File Path                          PID    Runtime      # DAGs    # Errors  Last Runtime    Last Run
---------------------------------  -----  ---------  --------  ----------  --------------  -------------------
/opt/airflow/dags/etl_completa.py                           0           0  0.33s           2025-12-20T01:48:38
/opt/airflow/dags/aracaju.py                                1           0  0.37s           2025-12-20T01:48:33
================================================================================
[2025-12-20T01:49:31.086+0000] {manager.py:893} INFO - 
================================================================================
DAG File Processing Stats

File Path                          PID    Runtime      # DAGs    # Errors  Last Runtime    Last Run
---------------------------------  -----  ---------  --------  ----------  --------------  -------------------
/opt/airflow/dags/etl_completa.py                           0           0  0.23s           2025-12-20T01:49:09
/opt/airflow/dags/aracaju.py                                1           0  0.28s           2025-12-20T01:49:04
================================================================================
[2025-12-20T01:50:01.709+0000] {manager.py:893} INFO - 
================================================================================
DAG File Processing Stats

File Path                          PID    Runtime      # DAGs    # Errors  Last Runtime    Last Run
---------------------------------  -----  ---------  --------  ----------  --------------  -------------------
/opt/airflow/dags/etl_completa.py                           0           0  0.30s           2025-12-20T01:49:39
/opt/airflow/dags/aracaju.py                                1           0  0.28s           2025-12-20T01:49:34
================================================================================
[2025-12-20T01:50:31.846+0000] {manager.py:893} INFO - 
================================================================================
DAG File Processing Stats

File Path                          PID    Runtime      # DAGs    # Errors  Last Runtime    Last Run
---------------------------------  -----  ---------  --------  ----------  --------------  -------------------
/opt/airflow/dags/etl_completa.py                           0           0  0.32s           2025-12-20T01:50:10
/opt/airflow/dags/aracaju.py                                1           0  0.41s           2025-12-20T01:50:05
================================================================================
[2025-12-20T01:51:02.284+0000] {manager.py:893} INFO - 
================================================================================
DAG File Processing Stats

File Path                          PID    Runtime      # DAGs    # Errors  Last Runtime    Last Run
---------------------------------  -----  ---------  --------  ----------  --------------  -------------------
/opt/airflow/dags/etl_completa.py                           0           0  0.34s           2025-12-20T01:50:40
/opt/airflow/dags/aracaju.py                                1           0  0.39s           2025-12-20T01:50:35
================================================================================
[2025-12-20T01:51:33.014+0000] {manager.py:893} INFO - 
================================================================================
DAG File Processing Stats

File Path                          PID    Runtime      # DAGs    # Errors  Last Runtime    Last Run
---------------------------------  -----  ---------  --------  ----------  --------------  -------------------
/opt/airflow/dags/etl_completa.py                           0           0  0.28s           2025-12-20T01:51:21
/opt/airflow/dags/aracaju.py                                1           0  0.34s           2025-12-20T01:51:05
================================================================================
[2025-12-20T01:52:03.487+0000] {manager.py:893} INFO - 
================================================================================
DAG File Processing Stats

File Path                          PID    Runtime      # DAGs    # Errors  Last Runtime    Last Run
---------------------------------  -----  ---------  --------  ----------  --------------  -------------------
/opt/airflow/dags/etl_completa.py                           0           0  0.34s           2025-12-20T01:52:00
/opt/airflow/dags/aracaju.py                                1           0  0.30s           2025-12-20T01:51:36
================================================================================
[2025-12-20T01:52:33.556+0000] {manager.py:893} INFO - 
================================================================================
DAG File Processing Stats

File Path                          PID    Runtime      # DAGs    # Errors  Last Runtime    Last Run
---------------------------------  -----  ---------  --------  ----------  --------------  -------------------
/opt/airflow/dags/etl_completa.py                           0           0  0.33s           2025-12-20T01:52:31
/opt/airflow/dags/aracaju.py                                1           0  0.37s           2025-12-20T01:52:07
================================================================================
[2025-12-20T01:52:44.857+0000] {manager.py:759} INFO - Searching for files in /opt/airflow/dags
[2025-12-20T01:52:44.859+0000] {manager.py:762} INFO - There are 2 files in /opt/airflow/dags
[2025-12-20T01:53:03.948+0000] {manager.py:893} INFO - 
================================================================================
DAG File Processing Stats

File Path                          PID    Runtime      # DAGs    # Errors  Last Runtime    Last Run
---------------------------------  -----  ---------  --------  ----------  --------------  -------------------
/opt/airflow/dags/etl_completa.py                           0           0  0.32s           2025-12-20T01:52:47
/opt/airflow/dags/aracaju.py                                1           0  0.30s           2025-12-20T01:52:37
================================================================================
[2025-12-20T01:53:34.432+0000] {manager.py:893} INFO - 
================================================================================
DAG File Processing Stats

File Path                          PID    Runtime      # DAGs    # Errors  Last Runtime    Last Run
---------------------------------  -----  ---------  --------  ----------  --------------  -------------------
/opt/airflow/dags/etl_completa.py                           0           0  0.27s           2025-12-20T01:53:17
/opt/airflow/dags/aracaju.py                                1           0  0.38s           2025-12-20T01:53:08
================================================================================
[2025-12-20T01:54:04.804+0000] {manager.py:893} INFO - 
================================================================================
DAG File Processing Stats

File Path                          PID    Runtime      # DAGs    # Errors  Last Runtime    Last Run
---------------------------------  -----  ---------  --------  ----------  --------------  -------------------
/opt/airflow/dags/etl_completa.py                           0           0  0.26s           2025-12-20T01:53:47
/opt/airflow/dags/aracaju.py                                1           0  0.28s           2025-12-20T01:53:38
================================================================================
[2025-12-20T01:54:35.197+0000] {manager.py:893} INFO - 
================================================================================
DAG File Processing Stats

File Path                          PID    Runtime      # DAGs    # Errors  Last Runtime    Last Run
---------------------------------  -----  ---------  --------  ----------  --------------  -------------------
/opt/airflow/dags/etl_completa.py                           0           0  0.29s           2025-12-20T01:54:18
/opt/airflow/dags/aracaju.py                                1           0  0.29s           2025-12-20T01:54:09
================================================================================
[2025-12-20T01:55:05.670+0000] {manager.py:893} INFO - 
================================================================================
DAG File Processing Stats

File Path                          PID    Runtime      # DAGs    # Errors  Last Runtime    Last Run
---------------------------------  -----  ---------  --------  ----------  --------------  -------------------
/opt/airflow/dags/etl_completa.py                           0           0  0.26s           2025-12-20T01:54:48
/opt/airflow/dags/aracaju.py                                1           0  0.37s           2025-12-20T01:54:39
================================================================================
[2025-12-20T01:55:36.069+0000] {manager.py:893} INFO - 
================================================================================
DAG File Processing Stats

File Path                          PID    Runtime      # DAGs    # Errors  Last Runtime    Last Run
---------------------------------  -----  ---------  --------  ----------  --------------  -------------------
/opt/airflow/dags/etl_completa.py                           0           0  0.28s           2025-12-20T01:55:19
/opt/airflow/dags/aracaju.py                                1           0  0.30s           2025-12-20T01:55:09
================================================================================
[2025-12-20T01:56:06.194+0000] {manager.py:893} INFO - 
================================================================================
DAG File Processing Stats

File Path                          PID    Runtime      # DAGs    # Errors  Last Runtime    Last Run
---------------------------------  -----  ---------  --------  ----------  --------------  -------------------
/opt/airflow/dags/etl_completa.py                           0           0  0.28s           2025-12-20T01:55:49
/opt/airflow/dags/aracaju.py                                1           0  0.33s           2025-12-20T01:55:40
================================================================================
[2025-12-20T01:56:36.587+0000] {manager.py:893} INFO - 
================================================================================
DAG File Processing Stats

File Path                          PID    Runtime      # DAGs    # Errors  Last Runtime    Last Run
---------------------------------  -----  ---------  --------  ----------  --------------  -------------------
/opt/airflow/dags/etl_completa.py                           0           0  0.33s           2025-12-20T01:56:19
/opt/airflow/dags/aracaju.py                                1           0  0.37s           2025-12-20T01:56:10
================================================================================
[2025-12-20T01:57:07.295+0000] {manager.py:893} INFO - 
================================================================================
DAG File Processing Stats

File Path                          PID    Runtime      # DAGs    # Errors  Last Runtime    Last Run
---------------------------------  -----  ---------  --------  ----------  --------------  -------------------
/opt/airflow/dags/etl_completa.py                           0           0  0.33s           2025-12-20T01:56:50
/opt/airflow/dags/aracaju.py                                1           0  0.26s           2025-12-20T01:56:41
================================================================================
[2025-12-20T02:10:24.755+0000] {manager.py:487} INFO - Processing files using up to 2 processes at a time 
[2025-12-20T02:10:24.755+0000] {manager.py:488} INFO - Process each file at most once every 30 seconds
[2025-12-20T02:10:24.756+0000] {manager.py:489} INFO - Checking for new files in /opt/airflow/dags every 300 seconds
[2025-12-20T02:10:24.756+0000] {manager.py:759} INFO - Searching for files in /opt/airflow/dags
[2025-12-20T02:10:24.757+0000] {manager.py:762} INFO - There are 2 files in /opt/airflow/dags
[2025-12-20T02:10:24.859+0000] {manager.py:893} INFO - 
================================================================================
DAG File Processing Stats

File Path                            PID  Runtime      # DAGs    # Errors  Last Runtime    Last Run
---------------------------------  -----  ---------  --------  ----------  --------------  ----------
/opt/airflow/dags/aracaju.py         178  0.03s             0           0
/opt/airflow/dags/etl_completa.py    175  0.03s             0           0
================================================================================
[2025-12-20T02:10:42.386+0000] {manager.py:469} INFO - Exiting gracefully upon receiving signal 15
[2025-12-20T02:12:03.154+0000] {manager.py:487} INFO - Processing files using up to 2 processes at a time 
[2025-12-20T02:12:03.154+0000] {manager.py:488} INFO - Process each file at most once every 30 seconds
[2025-12-20T02:12:03.154+0000] {manager.py:489} INFO - Checking for new files in /opt/airflow/dags every 300 seconds
[2025-12-20T02:12:03.154+0000] {manager.py:759} INFO - Searching for files in /opt/airflow/dags
[2025-12-20T02:12:03.156+0000] {manager.py:762} INFO - There are 2 files in /opt/airflow/dags
[2025-12-20T02:12:03.255+0000] {manager.py:893} INFO - 
================================================================================
DAG File Processing Stats

File Path                            PID  Runtime      # DAGs    # Errors  Last Runtime    Last Run
---------------------------------  -----  ---------  --------  ----------  --------------  ----------
/opt/airflow/dags/aracaju.py         178  0.02s             0           0
/opt/airflow/dags/etl_completa.py    175  0.03s             0           0
================================================================================
[2025-12-20T02:12:33.266+0000] {manager.py:893} INFO - 
================================================================================
DAG File Processing Stats

File Path                          PID    Runtime      # DAGs    # Errors  Last Runtime    Last Run
---------------------------------  -----  ---------  --------  ----------  --------------  -------------------
/opt/airflow/dags/etl_completa.py                           0           1  0.93s           2025-12-20T02:12:04
/opt/airflow/dags/aracaju.py                                1           0  0.96s           2025-12-20T02:12:04
================================================================================
[2025-12-20T02:13:03.856+0000] {manager.py:893} INFO - 
================================================================================
DAG File Processing Stats

File Path                          PID    Runtime      # DAGs    # Errors  Last Runtime    Last Run
---------------------------------  -----  ---------  --------  ----------  --------------  -------------------
/opt/airflow/dags/etl_completa.py                           0           1  0.45s           2025-12-20T02:12:34
/opt/airflow/dags/aracaju.py                                1           0  0.49s           2025-12-20T02:12:34
================================================================================
[2025-12-20T02:13:34.434+0000] {manager.py:893} INFO - 
================================================================================
DAG File Processing Stats

File Path                          PID    Runtime      # DAGs    # Errors  Last Runtime    Last Run
---------------------------------  -----  ---------  --------  ----------  --------------  -------------------
/opt/airflow/dags/etl_completa.py                           0           1  0.46s           2025-12-20T02:13:05
/opt/airflow/dags/aracaju.py                                1           0  0.49s           2025-12-20T02:13:05
================================================================================
[2025-12-20T02:14:05.013+0000] {manager.py:893} INFO - 
================================================================================
DAG File Processing Stats

File Path                          PID    Runtime      # DAGs    # Errors  Last Runtime    Last Run
---------------------------------  -----  ---------  --------  ----------  --------------  -------------------
/opt/airflow/dags/etl_completa.py                           0           1  0.45s           2025-12-20T02:13:35
/opt/airflow/dags/aracaju.py                                1           0  0.47s           2025-12-20T02:13:35
================================================================================
[2025-12-20T02:14:35.564+0000] {manager.py:893} INFO - 
================================================================================
DAG File Processing Stats

File Path                          PID    Runtime      # DAGs    # Errors  Last Runtime    Last Run
---------------------------------  -----  ---------  --------  ----------  --------------  -------------------
/opt/airflow/dags/etl_completa.py                           0           1  0.44s           2025-12-20T02:14:06
/opt/airflow/dags/aracaju.py                                1           0  0.46s           2025-12-20T02:14:06
================================================================================
[2025-12-20T02:15:06.249+0000] {manager.py:893} INFO - 
================================================================================
DAG File Processing Stats

File Path                          PID    Runtime      # DAGs    # Errors  Last Runtime    Last Run
---------------------------------  -----  ---------  --------  ----------  --------------  -------------------
/opt/airflow/dags/etl_completa.py                           0           1  0.44s           2025-12-20T02:14:37
/opt/airflow/dags/aracaju.py                                1           0  0.46s           2025-12-20T02:14:37
================================================================================
[2025-12-20T02:15:36.724+0000] {manager.py:893} INFO - 
================================================================================
DAG File Processing Stats

File Path                          PID    Runtime      # DAGs    # Errors  Last Runtime    Last Run
---------------------------------  -----  ---------  --------  ----------  --------------  -------------------
/opt/airflow/dags/etl_completa.py                           0           1  0.34s           2025-12-20T02:15:07
/opt/airflow/dags/aracaju.py                                1           0  0.37s           2025-12-20T02:15:07
================================================================================
[2025-12-20T02:16:07.176+0000] {manager.py:893} INFO - 
================================================================================
DAG File Processing Stats

File Path                          PID    Runtime      # DAGs    # Errors  Last Runtime    Last Run
---------------------------------  -----  ---------  --------  ----------  --------------  -------------------
/opt/airflow/dags/etl_completa.py                           0           1  0.34s           2025-12-20T02:15:38
/opt/airflow/dags/aracaju.py                                1           0  0.37s           2025-12-20T02:15:38
================================================================================
[2025-12-20T02:16:37.544+0000] {manager.py:893} INFO - 
================================================================================
DAG File Processing Stats

File Path                          PID    Runtime      # DAGs    # Errors  Last Runtime    Last Run
---------------------------------  -----  ---------  --------  ----------  --------------  -------------------
/opt/airflow/dags/etl_completa.py                           0           1  0.27s           2025-12-20T02:16:08
/opt/airflow/dags/aracaju.py                                1           0  0.29s           2025-12-20T02:16:08
================================================================================
[2025-12-20T02:16:38.934+0000] {manager.py:469} INFO - Exiting gracefully upon receiving signal 15
[2025-12-20T02:17:34.549+0000] {manager.py:487} INFO - Processing files using up to 2 processes at a time 
[2025-12-20T02:17:34.549+0000] {manager.py:488} INFO - Process each file at most once every 30 seconds
[2025-12-20T02:17:34.549+0000] {manager.py:489} INFO - Checking for new files in /opt/airflow/dags every 300 seconds
[2025-12-20T02:17:34.550+0000] {manager.py:759} INFO - Searching for files in /opt/airflow/dags
[2025-12-20T02:17:34.551+0000] {manager.py:762} INFO - There are 2 files in /opt/airflow/dags
[2025-12-20T02:17:34.652+0000] {manager.py:893} INFO - 
================================================================================
DAG File Processing Stats

File Path                            PID  Runtime      # DAGs    # Errors  Last Runtime    Last Run
---------------------------------  -----  ---------  --------  ----------  --------------  ----------
/opt/airflow/dags/aracaju.py         178  0.02s             0           0
/opt/airflow/dags/etl_completa.py    175  0.03s             0           0
================================================================================
[2025-12-20T02:18:04.677+0000] {manager.py:893} INFO - 
================================================================================
DAG File Processing Stats

File Path                          PID    Runtime      # DAGs    # Errors  Last Runtime    Last Run
---------------------------------  -----  ---------  --------  ----------  --------------  -------------------
/opt/airflow/dags/etl_completa.py                           0           1  0.94s           2025-12-20T02:17:35
/opt/airflow/dags/aracaju.py                                1           0  0.98s           2025-12-20T02:17:35
================================================================================
[2025-12-20T02:18:35.270+0000] {manager.py:893} INFO - 
================================================================================
DAG File Processing Stats

File Path                          PID    Runtime      # DAGs    # Errors  Last Runtime    Last Run
---------------------------------  -----  ---------  --------  ----------  --------------  -------------------
/opt/airflow/dags/etl_completa.py                           0           1  0.46s           2025-12-20T02:18:06
/opt/airflow/dags/aracaju.py                                1           0  0.50s           2025-12-20T02:18:06
================================================================================
[2025-12-20T02:19:05.782+0000] {manager.py:893} INFO - 
================================================================================
DAG File Processing Stats

File Path                          PID    Runtime      # DAGs    # Errors  Last Runtime    Last Run
---------------------------------  -----  ---------  --------  ----------  --------------  -------------------
/opt/airflow/dags/etl_completa.py                           0           1  0.41s           2025-12-20T02:18:36
/opt/airflow/dags/aracaju.py                                1           0  0.43s           2025-12-20T02:18:36
================================================================================
[2025-12-20T02:19:06.813+0000] {manager.py:469} INFO - Exiting gracefully upon receiving signal 15
[2025-12-20T02:19:06.813+0000] {manager.py:469} INFO - Exiting gracefully upon receiving signal 15
[2025-12-20T02:19:06.814+0000] {manager.py:469} INFO - Exiting gracefully upon receiving signal 15
[2025-12-20T02:19:06.955+0000] {manager.py:469} INFO - Exiting gracefully upon receiving signal 15
[2025-12-20T02:19:07.057+0000] {manager.py:469} INFO - Exiting gracefully upon receiving signal 15
[2025-12-20T02:19:07.422+0000] {manager.py:469} INFO - Exiting gracefully upon receiving signal 15
[2025-12-20T02:24:11.270+0000] {manager.py:487} INFO - Processing files using up to 2 processes at a time 
[2025-12-20T02:24:11.270+0000] {manager.py:488} INFO - Process each file at most once every 30 seconds
[2025-12-20T02:24:11.270+0000] {manager.py:489} INFO - Checking for new files in /opt/airflow/dags every 300 seconds
[2025-12-20T02:24:11.270+0000] {manager.py:759} INFO - Searching for files in /opt/airflow/dags
[2025-12-20T02:24:11.271+0000] {manager.py:762} INFO - There are 2 files in /opt/airflow/dags
[2025-12-20T02:24:11.374+0000] {manager.py:893} INFO - 
================================================================================
DAG File Processing Stats

File Path                            PID  Runtime      # DAGs    # Errors  Last Runtime    Last Run
---------------------------------  -----  ---------  --------  ----------  --------------  ----------
/opt/airflow/dags/aracaju.py         178  0.02s             0           0
/opt/airflow/dags/etl_completa.py    175  0.03s             0           0
================================================================================
[2025-12-20T02:24:41.479+0000] {manager.py:893} INFO - 
================================================================================
DAG File Processing Stats

File Path                          PID    Runtime      # DAGs    # Errors  Last Runtime    Last Run
---------------------------------  -----  ---------  --------  ----------  --------------  -------------------
/opt/airflow/dags/aracaju.py                                1           0  0.97s           2025-12-20T02:24:12
/opt/airflow/dags/etl_completa.py                           1           0  1.04s           2025-12-20T02:24:12
================================================================================
[2025-12-20T02:25:12.100+0000] {manager.py:893} INFO - 
================================================================================
DAG File Processing Stats

File Path                          PID    Runtime      # DAGs    # Errors  Last Runtime    Last Run
---------------------------------  -----  ---------  --------  ----------  --------------  -------------------
/opt/airflow/dags/aracaju.py                                1           0  0.50s           2025-12-20T02:24:42
/opt/airflow/dags/etl_completa.py                           1           0  0.54s           2025-12-20T02:24:43
================================================================================
[2025-12-20T02:25:42.727+0000] {manager.py:893} INFO - 
================================================================================
DAG File Processing Stats

File Path                          PID    Runtime      # DAGs    # Errors  Last Runtime    Last Run
---------------------------------  -----  ---------  --------  ----------  --------------  -------------------
/opt/airflow/dags/aracaju.py                                1           0  0.50s           2025-12-20T02:25:13
/opt/airflow/dags/etl_completa.py                           1           0  0.55s           2025-12-20T02:25:13
================================================================================
[2025-12-20T02:26:13.261+0000] {manager.py:893} INFO - 
================================================================================
DAG File Processing Stats

File Path                          PID    Runtime      # DAGs    # Errors  Last Runtime    Last Run
---------------------------------  -----  ---------  --------  ----------  --------------  -------------------
/opt/airflow/dags/aracaju.py                                1           0  0.40s           2025-12-20T02:25:44
/opt/airflow/dags/etl_completa.py                           1           0  0.45s           2025-12-20T02:25:44
================================================================================
[2025-12-20T02:26:31.328+0000] {manager.py:469} INFO - Exiting gracefully upon receiving signal 15
[2025-12-20T02:26:50.359+0000] {manager.py:487} INFO - Processing files using up to 2 processes at a time 
[2025-12-20T02:26:50.360+0000] {manager.py:488} INFO - Process each file at most once every 30 seconds
[2025-12-20T02:26:50.360+0000] {manager.py:489} INFO - Checking for new files in /opt/airflow/dags every 300 seconds
[2025-12-20T02:26:50.360+0000] {manager.py:759} INFO - Searching for files in /opt/airflow/dags
[2025-12-20T02:26:50.361+0000] {manager.py:762} INFO - There are 2 files in /opt/airflow/dags
[2025-12-20T02:26:50.463+0000] {manager.py:893} INFO - 
================================================================================
DAG File Processing Stats

File Path                            PID  Runtime      # DAGs    # Errors  Last Runtime    Last Run
---------------------------------  -----  ---------  --------  ----------  --------------  ----------
/opt/airflow/dags/aracaju.py         178  0.02s             0           0
/opt/airflow/dags/etl_completa.py    175  0.03s             0           0
================================================================================
[2025-12-20T02:27:20.571+0000] {manager.py:893} INFO - 
================================================================================
DAG File Processing Stats

File Path                          PID    Runtime      # DAGs    # Errors  Last Runtime    Last Run
---------------------------------  -----  ---------  --------  ----------  --------------  -------------------
/opt/airflow/dags/aracaju.py                                1           0  0.97s           2025-12-20T02:26:51
/opt/airflow/dags/etl_completa.py                           1           0  1.04s           2025-12-20T02:26:51
================================================================================
[2025-12-20T02:27:51.137+0000] {manager.py:893} INFO - 
================================================================================
DAG File Processing Stats

File Path                          PID    Runtime      # DAGs    # Errors  Last Runtime    Last Run
---------------------------------  -----  ---------  --------  ----------  --------------  -------------------
/opt/airflow/dags/aracaju.py                                1           0  0.43s           2025-12-20T02:27:22
/opt/airflow/dags/etl_completa.py                           1           0  0.48s           2025-12-20T02:27:22
================================================================================
[2025-12-20T02:28:20.177+0000] {manager.py:469} INFO - Exiting gracefully upon receiving signal 15
[2025-12-20T02:28:43.575+0000] {manager.py:487} INFO - Processing files using up to 2 processes at a time 
[2025-12-20T02:28:43.575+0000] {manager.py:488} INFO - Process each file at most once every 30 seconds
[2025-12-20T02:28:43.576+0000] {manager.py:489} INFO - Checking for new files in /opt/airflow/dags every 300 seconds
[2025-12-20T02:28:43.576+0000] {manager.py:759} INFO - Searching for files in /opt/airflow/dags
[2025-12-20T02:28:43.577+0000] {manager.py:762} INFO - There are 2 files in /opt/airflow/dags
[2025-12-20T02:28:43.711+0000] {manager.py:893} INFO - 
================================================================================
DAG File Processing Stats

File Path                            PID  Runtime      # DAGs    # Errors  Last Runtime    Last Run
---------------------------------  -----  ---------  --------  ----------  --------------  ----------
/opt/airflow/dags/aracaju.py         178  0.03s             0           0
/opt/airflow/dags/etl_completa.py    175  0.03s             0           0
================================================================================
[2025-12-20T02:29:13.817+0000] {manager.py:893} INFO - 
================================================================================
DAG File Processing Stats

File Path                          PID    Runtime      # DAGs    # Errors  Last Runtime    Last Run
---------------------------------  -----  ---------  --------  ----------  --------------  -------------------
/opt/airflow/dags/aracaju.py                                1           0  1.00s           2025-12-20T02:28:44
/opt/airflow/dags/etl_completa.py                           1           0  1.06s           2025-12-20T02:28:44
================================================================================
[2025-12-20T02:29:44.354+0000] {manager.py:893} INFO - 
================================================================================
DAG File Processing Stats

File Path                          PID    Runtime      # DAGs    # Errors  Last Runtime    Last Run
---------------------------------  -----  ---------  --------  ----------  --------------  -------------------
/opt/airflow/dags/aracaju.py                                1           0  0.42s           2025-12-20T02:29:15
/opt/airflow/dags/etl_completa.py                           1           0  0.46s           2025-12-20T02:29:15
================================================================================
[2025-12-20T02:30:14.966+0000] {manager.py:893} INFO - 
================================================================================
DAG File Processing Stats

File Path                          PID    Runtime      # DAGs    # Errors  Last Runtime    Last Run
---------------------------------  -----  ---------  --------  ----------  --------------  -------------------
/opt/airflow/dags/aracaju.py                                1           0  0.47s           2025-12-20T02:29:45
/opt/airflow/dags/etl_completa.py                           1           0  0.54s           2025-12-20T02:29:45
================================================================================
[2025-12-20T02:30:45.582+0000] {manager.py:893} INFO - 
================================================================================
DAG File Processing Stats

File Path                          PID    Runtime      # DAGs    # Errors  Last Runtime    Last Run
---------------------------------  -----  ---------  --------  ----------  --------------  -------------------
/opt/airflow/dags/aracaju.py                                1           0  0.47s           2025-12-20T02:30:16
/opt/airflow/dags/etl_completa.py                           1           0  0.54s           2025-12-20T02:30:16
================================================================================
[2025-12-20T02:31:16.194+0000] {manager.py:893} INFO - 
================================================================================
DAG File Processing Stats

File Path                          PID    Runtime      # DAGs    # Errors  Last Runtime    Last Run
---------------------------------  -----  ---------  --------  ----------  --------------  -------------------
/opt/airflow/dags/aracaju.py                                1           0  0.47s           2025-12-20T02:30:47
/opt/airflow/dags/etl_completa.py                           1           0  0.55s           2025-12-20T02:30:47
================================================================================
[2025-12-20T02:31:46.951+0000] {manager.py:893} INFO - 
================================================================================
DAG File Processing Stats

File Path                          PID    Runtime      # DAGs    # Errors  Last Runtime    Last Run
---------------------------------  -----  ---------  --------  ----------  --------------  -------------------
/opt/airflow/dags/aracaju.py                                1           0  0.50s           2025-12-20T02:31:17
/opt/airflow/dags/etl_completa.py                           1           0  0.56s           2025-12-20T02:31:17
================================================================================
[2025-12-20T02:32:17.443+0000] {manager.py:893} INFO - 
================================================================================
DAG File Processing Stats

File Path                          PID    Runtime      # DAGs    # Errors  Last Runtime    Last Run
---------------------------------  -----  ---------  --------  ----------  --------------  -------------------
/opt/airflow/dags/aracaju.py                                1           0  0.35s           2025-12-20T02:31:48
/opt/airflow/dags/etl_completa.py                           1           0  0.43s           2025-12-20T02:31:48
================================================================================
[2025-12-20T02:32:47.927+0000] {manager.py:893} INFO - 
================================================================================
DAG File Processing Stats

File Path                          PID    Runtime      # DAGs    # Errors  Last Runtime    Last Run
---------------------------------  -----  ---------  --------  ----------  --------------  -------------------
/opt/airflow/dags/aracaju.py                                1           0  0.35s           2025-12-20T02:32:18
/opt/airflow/dags/etl_completa.py                           1           0  0.40s           2025-12-20T02:32:18
================================================================================
[2025-12-20T02:33:18.407+0000] {manager.py:893} INFO - 
================================================================================
DAG File Processing Stats

File Path                          PID    Runtime      # DAGs    # Errors  Last Runtime    Last Run
---------------------------------  -----  ---------  --------  ----------  --------------  -------------------
/opt/airflow/dags/aracaju.py                                1           0  0.36s           2025-12-20T02:32:49
/opt/airflow/dags/etl_completa.py                           1           0  0.40s           2025-12-20T02:32:49
================================================================================
[2025-12-20T02:33:43.822+0000] {manager.py:759} INFO - Searching for files in /opt/airflow/dags
[2025-12-20T02:33:43.826+0000] {manager.py:762} INFO - There are 2 files in /opt/airflow/dags
[2025-12-20T02:33:48.856+0000] {manager.py:893} INFO - 
================================================================================
DAG File Processing Stats

File Path                          PID    Runtime      # DAGs    # Errors  Last Runtime    Last Run
---------------------------------  -----  ---------  --------  ----------  --------------  -------------------
/opt/airflow/dags/aracaju.py                                1           0  0.30s           2025-12-20T02:33:19
/opt/airflow/dags/etl_completa.py                           1           0  0.35s           2025-12-20T02:33:19
================================================================================
[2025-12-20T02:34:19.390+0000] {manager.py:893} INFO - 
================================================================================
DAG File Processing Stats

File Path                          PID    Runtime      # DAGs    # Errors  Last Runtime    Last Run
---------------------------------  -----  ---------  --------  ----------  --------------  -------------------
/opt/airflow/dags/aracaju.py                                1           0  0.40s           2025-12-20T02:33:50
/opt/airflow/dags/etl_completa.py                           1           0  0.46s           2025-12-20T02:33:50
================================================================================
[2025-12-20T02:34:49.880+0000] {manager.py:893} INFO - 
================================================================================
DAG File Processing Stats

File Path                          PID    Runtime      # DAGs    # Errors  Last Runtime    Last Run
---------------------------------  -----  ---------  --------  ----------  --------------  -------------------
/opt/airflow/dags/aracaju.py                                1           0  0.36s           2025-12-20T02:34:20
/opt/airflow/dags/etl_completa.py                           1           0  0.42s           2025-12-20T02:34:20
================================================================================
[2025-12-20T02:35:20.392+0000] {manager.py:893} INFO - 
================================================================================
DAG File Processing Stats

File Path                          PID    Runtime      # DAGs    # Errors  Last Runtime    Last Run
---------------------------------  -----  ---------  --------  ----------  --------------  -------------------
/opt/airflow/dags/aracaju.py                                1           0  0.38s           2025-12-20T02:34:51
/opt/airflow/dags/etl_completa.py                           1           0  0.43s           2025-12-20T02:34:51
================================================================================
[2025-12-20T02:35:30.361+0000] {manager.py:469} INFO - Exiting gracefully upon receiving signal 15
[2025-12-20T02:35:52.646+0000] {manager.py:487} INFO - Processing files using up to 2 processes at a time 
[2025-12-20T02:35:52.647+0000] {manager.py:488} INFO - Process each file at most once every 30 seconds
[2025-12-20T02:35:52.647+0000] {manager.py:489} INFO - Checking for new files in /opt/airflow/dags every 300 seconds
[2025-12-20T02:35:52.647+0000] {manager.py:759} INFO - Searching for files in /opt/airflow/dags
[2025-12-20T02:35:52.649+0000] {manager.py:762} INFO - There are 2 files in /opt/airflow/dags
[2025-12-20T02:35:52.752+0000] {manager.py:893} INFO - 
================================================================================
DAG File Processing Stats

File Path                            PID  Runtime      # DAGs    # Errors  Last Runtime    Last Run
---------------------------------  -----  ---------  --------  ----------  --------------  ----------
/opt/airflow/dags/aracaju.py         178  0.02s             0           0
/opt/airflow/dags/etl_completa.py    175  0.03s             0           0
================================================================================
[2025-12-20T02:36:22.865+0000] {manager.py:893} INFO - 
================================================================================
DAG File Processing Stats

File Path                          PID    Runtime      # DAGs    # Errors  Last Runtime    Last Run
---------------------------------  -----  ---------  --------  ----------  --------------  -------------------
/opt/airflow/dags/aracaju.py                                1           0  1.03s           2025-12-20T02:35:53
/opt/airflow/dags/etl_completa.py                           1           0  1.10s           2025-12-20T02:35:53
================================================================================
[2025-12-20T02:36:53.474+0000] {manager.py:893} INFO - 
================================================================================
DAG File Processing Stats

File Path                          PID    Runtime      # DAGs    # Errors  Last Runtime    Last Run
---------------------------------  -----  ---------  --------  ----------  --------------  -------------------
/opt/airflow/dags/aracaju.py                                1           0  0.48s           2025-12-20T02:36:24
/opt/airflow/dags/etl_completa.py                           1           0  0.54s           2025-12-20T02:36:24
================================================================================
[2025-12-20T02:37:24.006+0000] {manager.py:893} INFO - 
================================================================================
DAG File Processing Stats

File Path                          PID    Runtime      # DAGs    # Errors  Last Runtime    Last Run
---------------------------------  -----  ---------  --------  ----------  --------------  -------------------
/opt/airflow/dags/aracaju.py                                1           0  0.42s           2025-12-20T02:36:54
/opt/airflow/dags/etl_completa.py                           1           0  0.48s           2025-12-20T02:36:54
================================================================================
[2025-12-20T02:37:54.618+0000] {manager.py:893} INFO - 
================================================================================
DAG File Processing Stats

File Path                          PID    Runtime      # DAGs    # Errors  Last Runtime    Last Run
---------------------------------  -----  ---------  --------  ----------  --------------  -------------------
/opt/airflow/dags/aracaju.py                                1           0  0.49s           2025-12-20T02:37:25
/opt/airflow/dags/etl_completa.py                           1           0  0.57s           2025-12-20T02:37:25
================================================================================
[2025-12-20T02:38:25.165+0000] {manager.py:893} INFO - 
================================================================================
DAG File Processing Stats

File Path                          PID    Runtime      # DAGs    # Errors  Last Runtime    Last Run
---------------------------------  -----  ---------  --------  ----------  --------------  -------------------
/opt/airflow/dags/aracaju.py                                1           0  0.43s           2025-12-20T02:37:56
/opt/airflow/dags/etl_completa.py                           1           0  0.48s           2025-12-20T02:37:56
================================================================================
[2025-12-20T02:38:55.801+0000] {manager.py:893} INFO - 
================================================================================
DAG File Processing Stats

File Path                          PID    Runtime      # DAGs    # Errors  Last Runtime    Last Run
---------------------------------  -----  ---------  --------  ----------  --------------  -------------------
/opt/airflow/dags/aracaju.py                                1           0  0.40s           2025-12-20T02:38:26
/opt/airflow/dags/etl_completa.py                           1           0  0.45s           2025-12-20T02:38:26
================================================================================
[2025-12-20T02:38:58.360+0000] {manager.py:469} INFO - Exiting gracefully upon receiving signal 15
[2025-12-20T02:39:13.659+0000] {manager.py:487} INFO - Processing files using up to 2 processes at a time 
[2025-12-20T02:39:13.659+0000] {manager.py:488} INFO - Process each file at most once every 30 seconds
[2025-12-20T02:39:13.659+0000] {manager.py:489} INFO - Checking for new files in /opt/airflow/dags every 300 seconds
[2025-12-20T02:39:13.659+0000] {manager.py:759} INFO - Searching for files in /opt/airflow/dags
[2025-12-20T02:39:13.661+0000] {manager.py:762} INFO - There are 2 files in /opt/airflow/dags
[2025-12-20T02:39:13.781+0000] {manager.py:893} INFO - 
================================================================================
DAG File Processing Stats

File Path                            PID  Runtime      # DAGs    # Errors  Last Runtime    Last Run
---------------------------------  -----  ---------  --------  ----------  --------------  ----------
/opt/airflow/dags/aracaju.py         178  0.03s             0           0
/opt/airflow/dags/etl_completa.py    175  0.03s             0           0
================================================================================
[2025-12-20T02:39:20.694+0000] {manager.py:469} INFO - Exiting gracefully upon receiving signal 15
[2025-12-20T02:39:36.940+0000] {manager.py:487} INFO - Processing files using up to 2 processes at a time 
[2025-12-20T02:39:36.940+0000] {manager.py:488} INFO - Process each file at most once every 30 seconds
[2025-12-20T02:39:36.940+0000] {manager.py:489} INFO - Checking for new files in /opt/airflow/dags every 300 seconds
[2025-12-20T02:39:36.940+0000] {manager.py:759} INFO - Searching for files in /opt/airflow/dags
[2025-12-20T02:39:36.942+0000] {manager.py:762} INFO - There are 2 files in /opt/airflow/dags
[2025-12-20T02:39:37.054+0000] {manager.py:893} INFO - 
================================================================================
DAG File Processing Stats

File Path                            PID  Runtime      # DAGs    # Errors  Last Runtime    Last Run
---------------------------------  -----  ---------  --------  ----------  --------------  ----------
/opt/airflow/dags/aracaju.py         178  0.03s             0           0
/opt/airflow/dags/etl_completa.py    175  0.03s             0           0
================================================================================
[2025-12-20T02:40:07.199+0000] {manager.py:893} INFO - 
================================================================================
DAG File Processing Stats

File Path                          PID    Runtime      # DAGs    # Errors  Last Runtime    Last Run
---------------------------------  -----  ---------  --------  ----------  --------------  -------------------
/opt/airflow/dags/aracaju.py                                1           0  1.08s           2025-12-20T02:39:38
/opt/airflow/dags/etl_completa.py                           1           0  1.15s           2025-12-20T02:39:38
================================================================================
[2025-12-20T02:40:37.797+0000] {manager.py:893} INFO - 
================================================================================
DAG File Processing Stats

File Path                          PID    Runtime      # DAGs    # Errors  Last Runtime    Last Run
---------------------------------  -----  ---------  --------  ----------  --------------  -------------------
/opt/airflow/dags/aracaju.py                                1           0  0.48s           2025-12-20T02:40:08
/opt/airflow/dags/etl_completa.py                           1           0  0.52s           2025-12-20T02:40:08
================================================================================
[2025-12-20T02:41:08.365+0000] {manager.py:893} INFO - 
================================================================================
DAG File Processing Stats

File Path                          PID    Runtime      # DAGs    # Errors  Last Runtime    Last Run
---------------------------------  -----  ---------  --------  ----------  --------------  -------------------
/opt/airflow/dags/aracaju.py                                1           0  0.44s           2025-12-20T02:40:39
/opt/airflow/dags/etl_completa.py                           1           0  0.50s           2025-12-20T02:40:39
================================================================================
[2025-12-20T02:41:38.888+0000] {manager.py:893} INFO - 
================================================================================
DAG File Processing Stats

File Path                          PID    Runtime      # DAGs    # Errors  Last Runtime    Last Run
---------------------------------  -----  ---------  --------  ----------  --------------  -------------------
/opt/airflow/dags/aracaju.py                                1           0  0.41s           2025-12-20T02:41:09
/opt/airflow/dags/etl_completa.py                           1           0  0.45s           2025-12-20T02:41:09
================================================================================
[2025-12-20T02:42:09.396+0000] {manager.py:893} INFO - 
================================================================================
DAG File Processing Stats

File Path                          PID    Runtime      # DAGs    # Errors  Last Runtime    Last Run
---------------------------------  -----  ---------  --------  ----------  --------------  -------------------
/opt/airflow/dags/aracaju.py                                1           0  0.38s           2025-12-20T02:41:40
/opt/airflow/dags/etl_completa.py                           1           0  0.44s           2025-12-20T02:41:40
================================================================================
[2025-12-20T02:42:20.030+0000] {manager.py:469} INFO - Exiting gracefully upon receiving signal 15
[2025-12-20T02:42:39.366+0000] {manager.py:487} INFO - Processing files using up to 2 processes at a time 
[2025-12-20T02:42:39.366+0000] {manager.py:488} INFO - Process each file at most once every 30 seconds
[2025-12-20T02:42:39.366+0000] {manager.py:489} INFO - Checking for new files in /opt/airflow/dags every 300 seconds
[2025-12-20T02:42:39.366+0000] {manager.py:759} INFO - Searching for files in /opt/airflow/dags
[2025-12-20T02:42:39.368+0000] {manager.py:762} INFO - There are 2 files in /opt/airflow/dags
[2025-12-20T02:42:39.472+0000] {manager.py:893} INFO - 
================================================================================
DAG File Processing Stats

File Path                            PID  Runtime      # DAGs    # Errors  Last Runtime    Last Run
---------------------------------  -----  ---------  --------  ----------  --------------  ----------
/opt/airflow/dags/aracaju.py         178  0.03s             0           0
/opt/airflow/dags/etl_completa.py    175  0.03s             0           0
================================================================================
[2025-12-20T02:43:09.563+0000] {manager.py:893} INFO - 
================================================================================
DAG File Processing Stats

File Path                          PID    Runtime      # DAGs    # Errors  Last Runtime    Last Run
---------------------------------  -----  ---------  --------  ----------  --------------  -------------------
/opt/airflow/dags/aracaju.py                                1           0  1.01s           2025-12-20T02:42:40
/opt/airflow/dags/etl_completa.py                           1           0  1.08s           2025-12-20T02:42:40
================================================================================
[2025-12-20T02:43:40.194+0000] {manager.py:893} INFO - 
================================================================================
DAG File Processing Stats

File Path                          PID    Runtime      # DAGs    # Errors  Last Runtime    Last Run
---------------------------------  -----  ---------  --------  ----------  --------------  -------------------
/opt/airflow/dags/aracaju.py                                1           0  0.49s           2025-12-20T02:43:11
/opt/airflow/dags/etl_completa.py                           1           0  0.54s           2025-12-20T02:43:11
================================================================================
[2025-12-20T02:44:10.788+0000] {manager.py:893} INFO - 
================================================================================
DAG File Processing Stats

File Path                          PID    Runtime      # DAGs    # Errors  Last Runtime    Last Run
---------------------------------  -----  ---------  --------  ----------  --------------  -------------------
/opt/airflow/dags/aracaju.py                                1           0  0.47s           2025-12-20T02:43:41
/opt/airflow/dags/etl_completa.py                           1           0  0.56s           2025-12-20T02:43:41
================================================================================
[2025-12-20T02:44:41.325+0000] {manager.py:893} INFO - 
================================================================================
DAG File Processing Stats

File Path                          PID    Runtime      # DAGs    # Errors  Last Runtime    Last Run
---------------------------------  -----  ---------  --------  ----------  --------------  -------------------
/opt/airflow/dags/aracaju.py                                1           0  0.42s           2025-12-20T02:44:12
/opt/airflow/dags/etl_completa.py                           1           0  0.48s           2025-12-20T02:44:12
================================================================================
[2025-12-20T02:44:49.573+0000] {manager.py:469} INFO - Exiting gracefully upon receiving signal 15
[2025-12-20T02:47:25.720+0000] {manager.py:487} INFO - Processing files using up to 2 processes at a time 
[2025-12-20T02:47:25.721+0000] {manager.py:488} INFO - Process each file at most once every 30 seconds
[2025-12-20T02:47:25.721+0000] {manager.py:489} INFO - Checking for new files in /opt/airflow/dags every 300 seconds
[2025-12-20T02:47:25.721+0000] {manager.py:759} INFO - Searching for files in /opt/airflow/dags
[2025-12-20T02:47:25.723+0000] {manager.py:762} INFO - There are 2 files in /opt/airflow/dags
[2025-12-20T02:47:25.839+0000] {manager.py:893} INFO - 
================================================================================
DAG File Processing Stats

File Path                            PID  Runtime      # DAGs    # Errors  Last Runtime    Last Run
---------------------------------  -----  ---------  --------  ----------  --------------  ----------
/opt/airflow/dags/aracaju.py         182  0.03s             0           0
/opt/airflow/dags/etl_completa.py    179  0.03s             0           0
================================================================================
[2025-12-20T02:47:55.933+0000] {manager.py:893} INFO - 
================================================================================
DAG File Processing Stats

File Path                          PID    Runtime      # DAGs    # Errors  Last Runtime    Last Run
---------------------------------  -----  ---------  --------  ----------  --------------  -------------------
/opt/airflow/dags/aracaju.py                                1           0  1.28s           2025-12-20T02:47:27
/opt/airflow/dags/etl_completa.py                           1           0  1.28s           2025-12-20T02:47:27
================================================================================
[2025-12-20T02:48:26.713+0000] {manager.py:893} INFO - 
================================================================================
DAG File Processing Stats

File Path                          PID    Runtime      # DAGs    # Errors  Last Runtime    Last Run
---------------------------------  -----  ---------  --------  ----------  --------------  -------------------
/opt/airflow/dags/aracaju.py                                1           0  0.42s           2025-12-20T02:47:57
/opt/airflow/dags/etl_completa.py                           1           0  0.47s           2025-12-20T02:47:57
================================================================================
[2025-12-20T02:48:57.303+0000] {manager.py:893} INFO - 
================================================================================
DAG File Processing Stats

File Path                          PID    Runtime      # DAGs    # Errors  Last Runtime    Last Run
---------------------------------  -----  ---------  --------  ----------  --------------  -------------------
/opt/airflow/dags/aracaju.py                                1           0  0.46s           2025-12-20T02:48:28
/opt/airflow/dags/etl_completa.py                           1           0  0.52s           2025-12-20T02:48:28
================================================================================
[2025-12-20T02:49:27.940+0000] {manager.py:893} INFO - 
================================================================================
DAG File Processing Stats

File Path                          PID    Runtime      # DAGs    # Errors  Last Runtime    Last Run
---------------------------------  -----  ---------  --------  ----------  --------------  -------------------
/opt/airflow/dags/aracaju.py                                1           0  0.50s           2025-12-20T02:48:58
/opt/airflow/dags/etl_completa.py                           1           0  0.56s           2025-12-20T02:48:58
================================================================================
[2025-12-20T02:49:33.722+0000] {manager.py:469} INFO - Exiting gracefully upon receiving signal 15
[2025-12-20T02:49:48.423+0000] {manager.py:487} INFO - Processing files using up to 2 processes at a time 
[2025-12-20T02:49:48.423+0000] {manager.py:488} INFO - Process each file at most once every 30 seconds
[2025-12-20T02:49:48.423+0000] {manager.py:489} INFO - Checking for new files in /opt/airflow/dags every 300 seconds
[2025-12-20T02:49:48.424+0000] {manager.py:759} INFO - Searching for files in /opt/airflow/dags
[2025-12-20T02:49:48.425+0000] {manager.py:762} INFO - There are 2 files in /opt/airflow/dags
[2025-12-20T02:49:48.534+0000] {manager.py:893} INFO - 
================================================================================
DAG File Processing Stats

File Path                            PID  Runtime      # DAGs    # Errors  Last Runtime    Last Run
---------------------------------  -----  ---------  --------  ----------  --------------  ----------
/opt/airflow/dags/aracaju.py         178  0.03s             0           0
/opt/airflow/dags/etl_completa.py    175  0.03s             0           0
================================================================================
[2025-12-20T02:50:11.427+0000] {manager.py:469} INFO - Exiting gracefully upon receiving signal 15
[2025-12-20T02:50:27.374+0000] {manager.py:487} INFO - Processing files using up to 2 processes at a time 
[2025-12-20T02:50:27.375+0000] {manager.py:488} INFO - Process each file at most once every 30 seconds
[2025-12-20T02:50:27.375+0000] {manager.py:489} INFO - Checking for new files in /opt/airflow/dags every 300 seconds
[2025-12-20T02:50:27.375+0000] {manager.py:759} INFO - Searching for files in /opt/airflow/dags
[2025-12-20T02:50:27.377+0000] {manager.py:762} INFO - There are 2 files in /opt/airflow/dags
[2025-12-20T02:50:27.484+0000] {manager.py:893} INFO - 
================================================================================
DAG File Processing Stats

File Path                            PID  Runtime      # DAGs    # Errors  Last Runtime    Last Run
---------------------------------  -----  ---------  --------  ----------  --------------  ----------
/opt/airflow/dags/aracaju.py         178  0.03s             0           0
/opt/airflow/dags/etl_completa.py    175  0.03s             0           0
================================================================================
[2025-12-20T02:50:57.577+0000] {manager.py:893} INFO - 
================================================================================
DAG File Processing Stats

File Path                          PID    Runtime      # DAGs    # Errors  Last Runtime    Last Run
---------------------------------  -----  ---------  --------  ----------  --------------  -------------------
/opt/airflow/dags/aracaju.py                                1           0  1.02s           2025-12-20T02:50:28
/opt/airflow/dags/etl_completa.py                           1           0  1.10s           2025-12-20T02:50:28
================================================================================
[2025-12-20T02:51:28.151+0000] {manager.py:893} INFO - 
================================================================================
DAG File Processing Stats

File Path                          PID    Runtime      # DAGs    # Errors  Last Runtime    Last Run
---------------------------------  -----  ---------  --------  ----------  --------------  -------------------
/opt/airflow/dags/aracaju.py                                1           0  0.46s           2025-12-20T02:50:59
/opt/airflow/dags/etl_completa.py                           1           0  0.50s           2025-12-20T02:50:59
================================================================================
[2025-12-20T02:51:58.690+0000] {manager.py:893} INFO - 
================================================================================
DAG File Processing Stats

File Path                          PID    Runtime      # DAGs    # Errors  Last Runtime    Last Run
---------------------------------  -----  ---------  --------  ----------  --------------  -------------------
/opt/airflow/dags/aracaju.py                                1           0  0.42s           2025-12-20T02:51:29
/opt/airflow/dags/etl_completa.py                           1           0  0.48s           2025-12-20T02:51:29
================================================================================
[2025-12-20T02:52:29.200+0000] {manager.py:893} INFO - 
================================================================================
DAG File Processing Stats

File Path                          PID    Runtime      # DAGs    # Errors  Last Runtime    Last Run
---------------------------------  -----  ---------  --------  ----------  --------------  -------------------
/opt/airflow/dags/aracaju.py                                1           0  0.40s           2025-12-20T02:52:00
/opt/airflow/dags/etl_completa.py                           1           0  0.44s           2025-12-20T02:52:00
================================================================================
[2025-12-20T02:52:59.325+0000] {manager.py:893} INFO - 
================================================================================
DAG File Processing Stats

File Path                          PID    Runtime      # DAGs    # Errors  Last Runtime    Last Run
---------------------------------  -----  ---------  --------  ----------  --------------  -------------------
/opt/airflow/dags/aracaju.py                                1           0  0.50s           2025-12-20T02:52:30
/opt/airflow/dags/etl_completa.py                           1           0  0.50s           2025-12-20T02:52:51
================================================================================
[2025-12-20T02:53:27.221+0000] {manager.py:469} INFO - Exiting gracefully upon receiving signal 15
[2025-12-20T02:58:49.611+0000] {manager.py:469} INFO - Processing files using up to 2 processes at a time 
[2025-12-20T02:58:49.612+0000] {manager.py:470} INFO - Process each file at most once every 30 seconds
[2025-12-20T02:58:49.612+0000] {manager.py:471} INFO - Checking for new files in /opt/airflow/dags every 300 seconds
[2025-12-20T02:58:49.612+0000] {manager.py:738} INFO - Searching for files in /opt/airflow/dags
[2025-12-20T02:58:49.614+0000] {manager.py:741} INFO - There are 2 files in /opt/airflow/dags
[2025-12-20T02:58:49.714+0000] {manager.py:879} INFO - 
================================================================================
DAG File Processing Stats

File Path                            PID  Runtime      # DAGs    # Errors  Last Runtime    Last Run
---------------------------------  -----  ---------  --------  ----------  --------------  ----------
/opt/airflow/dags/aracaju.py         175  0.02s             0           0
/opt/airflow/dags/etl_completa.py    172  0.03s             0           0
================================================================================
[2025-12-20T02:59:19.821+0000] {manager.py:879} INFO - 
================================================================================
DAG File Processing Stats

File Path                          PID    Runtime      # DAGs    # Errors  Last Runtime    Last Run
---------------------------------  -----  ---------  --------  ----------  --------------  -------------------
/opt/airflow/dags/etl_completa.py                           1           0  1.24s           2025-12-20T02:58:50
/opt/airflow/dags/aracaju.py                                1           0  1.23s           2025-12-20T02:58:50
================================================================================
[2025-12-20T02:59:50.589+0000] {manager.py:879} INFO - 
================================================================================
DAG File Processing Stats

File Path                          PID    Runtime      # DAGs    # Errors  Last Runtime    Last Run
---------------------------------  -----  ---------  --------  ----------  --------------  -------------------
/opt/airflow/dags/etl_completa.py                           1           0  0.55s           2025-12-20T02:59:21
/opt/airflow/dags/aracaju.py                                1           0  0.46s           2025-12-20T02:59:21
================================================================================
[2025-12-20T03:00:21.191+0000] {manager.py:879} INFO - 
================================================================================
DAG File Processing Stats

File Path                          PID    Runtime      # DAGs    # Errors  Last Runtime    Last Run
---------------------------------  -----  ---------  --------  ----------  --------------  -------------------
/opt/airflow/dags/etl_completa.py                           1           0  0.53s           2025-12-20T02:59:52
/opt/airflow/dags/aracaju.py                                1           0  0.48s           2025-12-20T02:59:52
================================================================================
[2025-12-20T03:00:51.648+0000] {manager.py:879} INFO - 
================================================================================
DAG File Processing Stats

File Path                          PID    Runtime      # DAGs    # Errors  Last Runtime    Last Run
---------------------------------  -----  ---------  --------  ----------  --------------  -------------------
/opt/airflow/dags/etl_completa.py                           1           0  0.40s           2025-12-20T03:00:22
/opt/airflow/dags/aracaju.py                                1           0  0.34s           2025-12-20T03:00:22
================================================================================
[2025-12-20T03:01:22.231+0000] {manager.py:879} INFO - 
================================================================================
DAG File Processing Stats

File Path                          PID    Runtime      # DAGs    # Errors  Last Runtime    Last Run
---------------------------------  -----  ---------  --------  ----------  --------------  -------------------
/opt/airflow/dags/etl_completa.py                           1           0  0.52s           2025-12-20T03:00:53
/opt/airflow/dags/aracaju.py                                1           0  0.46s           2025-12-20T03:00:53
================================================================================
[2026-02-03T13:51:33.992+0000] {manager.py:469} INFO - Processing files using up to 2 processes at a time 
[2026-02-03T13:51:33.992+0000] {manager.py:470} INFO - Process each file at most once every 30 seconds
[2026-02-03T13:51:33.992+0000] {manager.py:471} INFO - Checking for new files in /opt/airflow/dags every 300 seconds
[2026-02-03T13:51:33.993+0000] {manager.py:738} INFO - Searching for files in /opt/airflow/dags
[2026-02-03T13:51:33.996+0000] {manager.py:741} INFO - There are 2 files in /opt/airflow/dags
[2026-02-03T13:51:34.106+0000] {manager.py:879} INFO - 
================================================================================
DAG File Processing Stats

File Path                            PID  Runtime      # DAGs    # Errors  Last Runtime    Last Run
---------------------------------  -----  ---------  --------  ----------  --------------  ----------
/opt/airflow/dags/aracaju.py         175  0.03s             0           0
/opt/airflow/dags/etl_completa.py    172  0.03s             0           0
================================================================================
[2026-02-03T13:52:04.586+0000] {manager.py:879} INFO - 
================================================================================
DAG File Processing Stats

File Path                          PID    Runtime      # DAGs    # Errors  Last Runtime    Last Run
---------------------------------  -----  ---------  --------  ----------  --------------  -------------------
/opt/airflow/dags/etl_completa.py                           1           0  1.43s           2026-02-03T13:51:35
/opt/airflow/dags/aracaju.py                                1           0  1.41s           2026-02-03T13:51:35
================================================================================
[2026-02-03T13:52:35.118+0000] {manager.py:879} INFO - 
================================================================================
DAG File Processing Stats

File Path                          PID    Runtime      # DAGs    # Errors  Last Runtime    Last Run
---------------------------------  -----  ---------  --------  ----------  --------------  -------------------
/opt/airflow/dags/etl_completa.py                           1           0  0.51s           2026-02-03T13:52:06
/opt/airflow/dags/aracaju.py                                1           0  0.42s           2026-02-03T13:52:06
================================================================================
[2026-02-03T13:53:05.597+0000] {manager.py:879} INFO - 
================================================================================
DAG File Processing Stats

File Path                          PID    Runtime      # DAGs    # Errors  Last Runtime    Last Run
---------------------------------  -----  ---------  --------  ----------  --------------  -------------------
/opt/airflow/dags/etl_completa.py                           1           0  0.44s           2026-02-03T13:52:36
/opt/airflow/dags/aracaju.py                                1           0  0.37s           2026-02-03T13:52:36
================================================================================
[2026-02-03T13:53:36.074+0000] {manager.py:879} INFO - 
================================================================================
DAG File Processing Stats

File Path                          PID    Runtime      # DAGs    # Errors  Last Runtime    Last Run
---------------------------------  -----  ---------  --------  ----------  --------------  -------------------
/opt/airflow/dags/etl_completa.py                           1           0  0.42s           2026-02-03T13:53:07
/opt/airflow/dags/aracaju.py                                1           0  0.35s           2026-02-03T13:53:06
================================================================================
[2026-02-03T13:54:06.631+0000] {manager.py:879} INFO - 
================================================================================
DAG File Processing Stats

File Path                          PID    Runtime      # DAGs    # Errors  Last Runtime    Last Run
---------------------------------  -----  ---------  --------  ----------  --------------  -------------------
/opt/airflow/dags/etl_completa.py                           1           0  0.49s           2026-02-03T13:53:37
/opt/airflow/dags/aracaju.py                                1           0  0.44s           2026-02-03T13:53:37
================================================================================
[2026-02-03T13:54:37.079+0000] {manager.py:879} INFO - 
================================================================================
DAG File Processing Stats

File Path                          PID    Runtime      # DAGs    # Errors  Last Runtime    Last Run
---------------------------------  -----  ---------  --------  ----------  --------------  -------------------
/opt/airflow/dags/etl_completa.py                           1           0  0.40s           2026-02-03T13:54:08
/opt/airflow/dags/aracaju.py                                1           0  0.33s           2026-02-03T13:54:07
================================================================================
[2026-02-03T13:55:07.502+0000] {manager.py:879} INFO - 
================================================================================
DAG File Processing Stats

File Path                          PID    Runtime      # DAGs    # Errors  Last Runtime    Last Run
---------------------------------  -----  ---------  --------  ----------  --------------  -------------------
/opt/airflow/dags/etl_completa.py                           1           0  0.36s           2026-02-03T13:54:38
/opt/airflow/dags/aracaju.py                                1           0  0.30s           2026-02-03T13:54:38
================================================================================
[2026-02-03T13:55:37.875+0000] {manager.py:879} INFO - 
================================================================================
DAG File Processing Stats

File Path                          PID    Runtime      # DAGs    # Errors  Last Runtime    Last Run
---------------------------------  -----  ---------  --------  ----------  --------------  -------------------
/opt/airflow/dags/etl_completa.py                           1           0  0.31s           2026-02-03T13:55:08
/opt/airflow/dags/aracaju.py                                1           0  0.25s           2026-02-03T13:55:08
================================================================================
[2026-02-03T13:56:08.348+0000] {manager.py:879} INFO - 
================================================================================
DAG File Processing Stats

File Path                          PID    Runtime      # DAGs    # Errors  Last Runtime    Last Run
---------------------------------  -----  ---------  --------  ----------  --------------  -------------------
/opt/airflow/dags/etl_completa.py                           1           0  0.41s           2026-02-03T13:55:39
/opt/airflow/dags/aracaju.py                                1           0  0.34s           2026-02-03T13:55:39
================================================================================
[2026-02-03T13:56:34.818+0000] {manager.py:738} INFO - Searching for files in /opt/airflow/dags
[2026-02-03T13:56:34.820+0000] {manager.py:741} INFO - There are 2 files in /opt/airflow/dags
[2026-02-03T13:56:38.840+0000] {manager.py:879} INFO - 
================================================================================
DAG File Processing Stats

File Path                          PID    Runtime      # DAGs    # Errors  Last Runtime    Last Run
---------------------------------  -----  ---------  --------  ----------  --------------  -------------------
/opt/airflow/dags/etl_completa.py                           1           0  0.43s           2026-02-03T13:56:09
/opt/airflow/dags/aracaju.py                                1           0  0.36s           2026-02-03T13:56:09
================================================================================
[2026-02-03T13:57:09.286+0000] {manager.py:879} INFO - 
================================================================================
DAG File Processing Stats

File Path                          PID    Runtime      # DAGs    # Errors  Last Runtime    Last Run
---------------------------------  -----  ---------  --------  ----------  --------------  -------------------
/opt/airflow/dags/etl_completa.py                           1           0  0.39s           2026-02-03T13:56:40
/opt/airflow/dags/aracaju.py                                1           0  0.31s           2026-02-03T13:56:40
================================================================================
[2026-02-03T13:57:39.746+0000] {manager.py:879} INFO - 
================================================================================
DAG File Processing Stats

File Path                          PID    Runtime      # DAGs    # Errors  Last Runtime    Last Run
---------------------------------  -----  ---------  --------  ----------  --------------  -------------------
/opt/airflow/dags/etl_completa.py                           1           0  0.41s           2026-02-03T13:57:10
/opt/airflow/dags/aracaju.py                                1           0  0.32s           2026-02-03T13:57:10
================================================================================
[2026-02-03T13:58:10.203+0000] {manager.py:879} INFO - 
================================================================================
DAG File Processing Stats

File Path                          PID    Runtime      # DAGs    # Errors  Last Runtime    Last Run
---------------------------------  -----  ---------  --------  ----------  --------------  -------------------
/opt/airflow/dags/etl_completa.py                           1           0  0.39s           2026-02-03T13:57:41
/opt/airflow/dags/aracaju.py                                1           0  0.32s           2026-02-03T13:57:41
================================================================================
[2026-02-03T13:58:40.583+0000] {manager.py:879} INFO - 
================================================================================
DAG File Processing Stats

File Path                          PID    Runtime      # DAGs    # Errors  Last Runtime    Last Run
---------------------------------  -----  ---------  --------  ----------  --------------  -------------------
/opt/airflow/dags/etl_completa.py                           1           0  0.32s           2026-02-03T13:58:11
/opt/airflow/dags/aracaju.py                                1           0  0.26s           2026-02-03T13:58:11
================================================================================
[2026-02-03T13:59:11.038+0000] {manager.py:879} INFO - 
================================================================================
DAG File Processing Stats

File Path                          PID    Runtime      # DAGs    # Errors  Last Runtime    Last Run
---------------------------------  -----  ---------  --------  ----------  --------------  -------------------
/opt/airflow/dags/etl_completa.py                           1           0  0.40s           2026-02-03T13:58:41
/opt/airflow/dags/aracaju.py                                1           0  0.32s           2026-02-03T13:58:41
================================================================================
[2026-02-03T13:59:41.463+0000] {manager.py:879} INFO - 
================================================================================
DAG File Processing Stats

File Path                          PID    Runtime      # DAGs    # Errors  Last Runtime    Last Run
---------------------------------  -----  ---------  --------  ----------  --------------  -------------------
/opt/airflow/dags/etl_completa.py                           1           0  0.37s           2026-02-03T13:59:12
/opt/airflow/dags/aracaju.py                                1           0  0.30s           2026-02-03T13:59:12
================================================================================
[2026-02-03T14:00:11.843+0000] {manager.py:879} INFO - 
================================================================================
DAG File Processing Stats

File Path                          PID    Runtime      # DAGs    # Errors  Last Runtime    Last Run
---------------------------------  -----  ---------  --------  ----------  --------------  -------------------
/opt/airflow/dags/etl_completa.py                           1           0  0.33s           2026-02-03T13:59:42
/opt/airflow/dags/aracaju.py                                1           0  0.26s           2026-02-03T13:59:42
================================================================================
[2026-02-03T14:00:42.275+0000] {manager.py:879} INFO - 
================================================================================
DAG File Processing Stats

File Path                          PID    Runtime      # DAGs    # Errors  Last Runtime    Last Run
---------------------------------  -----  ---------  --------  ----------  --------------  -------------------
/opt/airflow/dags/etl_completa.py                           1           0  0.38s           2026-02-03T14:00:13
/opt/airflow/dags/aracaju.py                                1           0  0.31s           2026-02-03T14:00:13
================================================================================
[2026-02-03T14:01:12.658+0000] {manager.py:879} INFO - 
================================================================================
DAG File Processing Stats

File Path                          PID    Runtime      # DAGs    # Errors  Last Runtime    Last Run
---------------------------------  -----  ---------  --------  ----------  --------------  -------------------
/opt/airflow/dags/etl_completa.py                           1           0  0.32s           2026-02-03T14:00:43
/opt/airflow/dags/aracaju.py                                1           0  0.26s           2026-02-03T14:00:43
================================================================================
[2026-02-03T14:01:35.089+0000] {manager.py:738} INFO - Searching for files in /opt/airflow/dags
[2026-02-03T14:01:35.092+0000] {manager.py:741} INFO - There are 2 files in /opt/airflow/dags
[2026-02-03T14:01:43.130+0000] {manager.py:879} INFO - 
================================================================================
DAG File Processing Stats

File Path                          PID    Runtime      # DAGs    # Errors  Last Runtime    Last Run
---------------------------------  -----  ---------  --------  ----------  --------------  -------------------
/opt/airflow/dags/etl_completa.py                           1           0  0.41s           2026-02-03T14:01:14
/opt/airflow/dags/aracaju.py                                1           0  0.34s           2026-02-03T14:01:14
================================================================================
[2026-02-03T14:02:13.514+0000] {manager.py:879} INFO - 
================================================================================
DAG File Processing Stats

File Path                          PID    Runtime      # DAGs    # Errors  Last Runtime    Last Run
---------------------------------  -----  ---------  --------  ----------  --------------  -------------------
/opt/airflow/dags/etl_completa.py                           1           0  0.31s           2026-02-03T14:01:44
/opt/airflow/dags/aracaju.py                                1           0  0.26s           2026-02-03T14:01:44
================================================================================
[2026-02-03T14:02:43.959+0000] {manager.py:879} INFO - 
================================================================================
DAG File Processing Stats

File Path                          PID    Runtime      # DAGs    # Errors  Last Runtime    Last Run
---------------------------------  -----  ---------  --------  ----------  --------------  -------------------
/opt/airflow/dags/etl_completa.py                           1           0  0.39s           2026-02-03T14:02:14
/opt/airflow/dags/aracaju.py                                1           0  0.33s           2026-02-03T14:02:14
================================================================================
[2026-02-03T14:03:14.427+0000] {manager.py:879} INFO - 
================================================================================
DAG File Processing Stats

File Path                          PID    Runtime      # DAGs    # Errors  Last Runtime    Last Run
---------------------------------  -----  ---------  --------  ----------  --------------  -------------------
/opt/airflow/dags/etl_completa.py                           1           0  0.34s           2026-02-03T14:02:49
/opt/airflow/dags/aracaju.py                                1           0  0.30s           2026-02-03T14:02:45
================================================================================
[2026-02-03T14:03:44.872+0000] {manager.py:879} INFO - 
================================================================================
DAG File Processing Stats

File Path                          PID    Runtime      # DAGs    # Errors  Last Runtime    Last Run
---------------------------------  -----  ---------  --------  ----------  --------------  -------------------
/opt/airflow/dags/etl_completa.py                           1           0  0.39s           2026-02-03T14:03:20
/opt/airflow/dags/aracaju.py                                1           0  0.34s           2026-02-03T14:03:15
================================================================================
[2026-02-03T14:04:15.329+0000] {manager.py:879} INFO - 
================================================================================
DAG File Processing Stats

File Path                          PID    Runtime      # DAGs    # Errors  Last Runtime    Last Run
---------------------------------  -----  ---------  --------  ----------  --------------  -------------------
/opt/airflow/dags/etl_completa.py                           1           0  0.41s           2026-02-03T14:03:50
/opt/airflow/dags/aracaju.py                                1           0  0.33s           2026-02-03T14:03:46
================================================================================
[2026-02-03T14:04:45.787+0000] {manager.py:879} INFO - 
================================================================================
DAG File Processing Stats

File Path                          PID    Runtime      # DAGs    # Errors  Last Runtime    Last Run
---------------------------------  -----  ---------  --------  ----------  --------------  -------------------
/opt/airflow/dags/etl_completa.py                           1           0  0.37s           2026-02-03T14:04:21
/opt/airflow/dags/aracaju.py                                1           0  0.34s           2026-02-03T14:04:16
================================================================================
[2026-02-03T14:05:16.185+0000] {manager.py:879} INFO - 
================================================================================
DAG File Processing Stats

File Path                          PID    Runtime      # DAGs    # Errors  Last Runtime    Last Run
---------------------------------  -----  ---------  --------  ----------  --------------  -------------------
/opt/airflow/dags/etl_completa.py                           1           0  0.42s           2026-02-03T14:04:51
/opt/airflow/dags/aracaju.py                                1           0  0.28s           2026-02-03T14:04:47
================================================================================
[2026-02-03T14:05:46.640+0000] {manager.py:879} INFO - 
================================================================================
DAG File Processing Stats

File Path                          PID    Runtime      # DAGs    # Errors  Last Runtime    Last Run
---------------------------------  -----  ---------  --------  ----------  --------------  -------------------
/opt/airflow/dags/etl_completa.py                           1           0  0.36s           2026-02-03T14:05:21
/opt/airflow/dags/aracaju.py                                1           0  0.33s           2026-02-03T14:05:17
================================================================================
[2026-02-03T14:06:17.087+0000] {manager.py:879} INFO - 
================================================================================
DAG File Processing Stats

File Path                          PID    Runtime      # DAGs    # Errors  Last Runtime    Last Run
---------------------------------  -----  ---------  --------  ----------  --------------  -------------------
/opt/airflow/dags/etl_completa.py                           1           0  0.40s           2026-02-03T14:05:52
/opt/airflow/dags/aracaju.py                                1           0  0.32s           2026-02-03T14:05:47
================================================================================
[2026-02-03T14:06:35.500+0000] {manager.py:738} INFO - Searching for files in /opt/airflow/dags
[2026-02-03T14:06:35.503+0000] {manager.py:741} INFO - There are 2 files in /opt/airflow/dags
[2026-02-03T14:06:47.556+0000] {manager.py:879} INFO - 
================================================================================
DAG File Processing Stats

File Path                          PID    Runtime      # DAGs    # Errors  Last Runtime    Last Run
---------------------------------  -----  ---------  --------  ----------  --------------  -------------------
/opt/airflow/dags/etl_completa.py                           1           0  0.40s           2026-02-03T14:06:22
/opt/airflow/dags/aracaju.py                                1           0  0.33s           2026-02-03T14:06:18
================================================================================
[2026-02-03T14:07:17.975+0000] {manager.py:879} INFO - 
================================================================================
DAG File Processing Stats

File Path                          PID    Runtime      # DAGs    # Errors  Last Runtime    Last Run
---------------------------------  -----  ---------  --------  ----------  --------------  -------------------
/opt/airflow/dags/etl_completa.py                           1           0  0.34s           2026-02-03T14:06:53
/opt/airflow/dags/aracaju.py                                1           0  0.29s           2026-02-03T14:06:48
================================================================================
[2026-02-03T14:07:48.432+0000] {manager.py:879} INFO - 
================================================================================
DAG File Processing Stats

File Path                          PID    Runtime      # DAGs    # Errors  Last Runtime    Last Run
---------------------------------  -----  ---------  --------  ----------  --------------  -------------------
/opt/airflow/dags/etl_completa.py                           1           0  0.40s           2026-02-03T14:07:23
/opt/airflow/dags/aracaju.py                                1           0  0.33s           2026-02-03T14:07:19
================================================================================
[2026-02-03T14:08:18.902+0000] {manager.py:879} INFO - 
================================================================================
DAG File Processing Stats

File Path                          PID    Runtime      # DAGs    # Errors  Last Runtime    Last Run
---------------------------------  -----  ---------  --------  ----------  --------------  -------------------
/opt/airflow/dags/etl_completa.py                           1           0  0.41s           2026-02-03T14:07:54
/opt/airflow/dags/aracaju.py                                1           0  0.34s           2026-02-03T14:07:49
================================================================================
[2026-02-03T14:08:49.345+0000] {manager.py:879} INFO - 
================================================================================
DAG File Processing Stats

File Path                          PID    Runtime      # DAGs    # Errors  Last Runtime    Last Run
---------------------------------  -----  ---------  --------  ----------  --------------  -------------------
/opt/airflow/dags/etl_completa.py                           1           0  0.39s           2026-02-03T14:08:24
/opt/airflow/dags/aracaju.py                                1           0  0.31s           2026-02-03T14:08:20
================================================================================
[2026-02-03T14:09:19.790+0000] {manager.py:879} INFO - 
================================================================================
DAG File Processing Stats

File Path                          PID    Runtime      # DAGs    # Errors  Last Runtime    Last Run
---------------------------------  -----  ---------  --------  ----------  --------------  -------------------
/opt/airflow/dags/etl_completa.py                           1           0  0.41s           2026-02-03T14:08:55
/opt/airflow/dags/aracaju.py                                1           0  0.32s           2026-02-03T14:08:50
================================================================================
[2026-02-03T14:09:50.201+0000] {manager.py:879} INFO - 
================================================================================
DAG File Processing Stats

File Path                          PID    Runtime      # DAGs    # Errors  Last Runtime    Last Run
---------------------------------  -----  ---------  --------  ----------  --------------  -------------------
/opt/airflow/dags/etl_completa.py                           1           0  0.31s           2026-02-03T14:09:25
/opt/airflow/dags/aracaju.py                                1           0  0.30s           2026-02-03T14:09:21
================================================================================
[2026-02-03T14:10:20.627+0000] {manager.py:879} INFO - 
================================================================================
DAG File Processing Stats

File Path                          PID    Runtime      # DAGs    # Errors  Last Runtime    Last Run
---------------------------------  -----  ---------  --------  ----------  --------------  -------------------
/opt/airflow/dags/etl_completa.py                           1           0  0.41s           2026-02-03T14:09:55
/opt/airflow/dags/aracaju.py                                1           0  0.32s           2026-02-03T14:09:51
================================================================================
[2026-02-03T14:10:51.020+0000] {manager.py:879} INFO - 
================================================================================
DAG File Processing Stats

File Path                          PID    Runtime      # DAGs    # Errors  Last Runtime    Last Run
---------------------------------  -----  ---------  --------  ----------  --------------  -------------------
/opt/airflow/dags/etl_completa.py                           1           0  0.35s           2026-02-03T14:10:27
/opt/airflow/dags/aracaju.py                                1           0  0.28s           2026-02-03T14:10:21
================================================================================
[2026-02-03T14:11:21.428+0000] {manager.py:879} INFO - 
================================================================================
DAG File Processing Stats

File Path                          PID    Runtime      # DAGs    # Errors  Last Runtime    Last Run
---------------------------------  -----  ---------  --------  ----------  --------------  -------------------
/opt/airflow/dags/etl_completa.py                           1           0  0.34s           2026-02-03T14:10:57
/opt/airflow/dags/aracaju.py                                1           0  0.30s           2026-02-03T14:10:52
================================================================================
[2026-02-03T14:11:35.723+0000] {manager.py:738} INFO - Searching for files in /opt/airflow/dags
[2026-02-03T14:11:35.724+0000] {manager.py:741} INFO - There are 2 files in /opt/airflow/dags
[2026-02-03T14:11:51.781+0000] {manager.py:879} INFO - 
================================================================================
DAG File Processing Stats

File Path                          PID    Runtime      # DAGs    # Errors  Last Runtime    Last Run
---------------------------------  -----  ---------  --------  ----------  --------------  -------------------
/opt/airflow/dags/etl_completa.py                           1           0  0.33s           2026-02-03T14:11:27
/opt/airflow/dags/aracaju.py                                1           0  0.25s           2026-02-03T14:11:22
================================================================================
[2026-02-03T14:12:22.115+0000] {manager.py:879} INFO - 
================================================================================
DAG File Processing Stats

File Path                          PID    Runtime      # DAGs    # Errors  Last Runtime    Last Run
---------------------------------  -----  ---------  --------  ----------  --------------  -------------------
/opt/airflow/dags/etl_completa.py                           1           0  0.30s           2026-02-03T14:11:58
/opt/airflow/dags/aracaju.py                                1           0  0.24s           2026-02-03T14:11:53
================================================================================
[2026-02-03T14:12:52.482+0000] {manager.py:879} INFO - 
================================================================================
DAG File Processing Stats

File Path                          PID    Runtime      # DAGs    # Errors  Last Runtime    Last Run
---------------------------------  -----  ---------  --------  ----------  --------------  -------------------
/opt/airflow/dags/etl_completa.py                           1           0  0.31s           2026-02-03T14:12:28
/opt/airflow/dags/aracaju.py                                1           0  0.27s           2026-02-03T14:12:23
================================================================================
[2026-02-03T14:13:22.834+0000] {manager.py:879} INFO - 
================================================================================
DAG File Processing Stats

File Path                          PID    Runtime      # DAGs    # Errors  Last Runtime    Last Run
---------------------------------  -----  ---------  --------  ----------  --------------  -------------------
/opt/airflow/dags/etl_completa.py                           1           0  0.31s           2026-02-03T14:12:59
/opt/airflow/dags/aracaju.py                                1           0  0.25s           2026-02-03T14:12:53
================================================================================
[2026-02-03T14:13:53.178+0000] {manager.py:879} INFO - 
================================================================================
DAG File Processing Stats

File Path                          PID    Runtime      # DAGs    # Errors  Last Runtime    Last Run
---------------------------------  -----  ---------  --------  ----------  --------------  -------------------
/opt/airflow/dags/etl_completa.py                           1           0  0.31s           2026-02-03T14:13:29
/opt/airflow/dags/aracaju.py                                1           0  0.24s           2026-02-03T14:13:24
================================================================================
[2026-02-03T14:14:23.525+0000] {manager.py:879} INFO - 
================================================================================
DAG File Processing Stats

File Path                          PID    Runtime      # DAGs    # Errors  Last Runtime    Last Run
---------------------------------  -----  ---------  --------  ----------  --------------  -------------------
/opt/airflow/dags/etl_completa.py                           1           0  0.31s           2026-02-03T14:13:59
/opt/airflow/dags/aracaju.py                                1           0  0.25s           2026-02-03T14:13:54
================================================================================
[2026-02-03T14:14:53.873+0000] {manager.py:879} INFO - 
================================================================================
DAG File Processing Stats

File Path                          PID    Runtime      # DAGs    # Errors  Last Runtime    Last Run
---------------------------------  -----  ---------  --------  ----------  --------------  -------------------
/opt/airflow/dags/etl_completa.py                           1           0  0.31s           2026-02-03T14:14:30
/opt/airflow/dags/aracaju.py                                1           0  0.25s           2026-02-03T14:14:24
================================================================================
[2026-02-03T14:15:24.222+0000] {manager.py:879} INFO - 
================================================================================
DAG File Processing Stats

File Path                          PID    Runtime      # DAGs    # Errors  Last Runtime    Last Run
---------------------------------  -----  ---------  --------  ----------  --------------  -------------------
/opt/airflow/dags/etl_completa.py                           1           0  0.31s           2026-02-03T14:15:00
/opt/airflow/dags/aracaju.py                                1           0  0.25s           2026-02-03T14:14:55
================================================================================
[2026-02-03T14:15:54.580+0000] {manager.py:879} INFO - 
================================================================================
DAG File Processing Stats

File Path                          PID    Runtime      # DAGs    # Errors  Last Runtime    Last Run
---------------------------------  -----  ---------  --------  ----------  --------------  -------------------
/opt/airflow/dags/etl_completa.py                           1           0  0.31s           2026-02-03T14:15:30
/opt/airflow/dags/aracaju.py                                1           0  0.26s           2026-02-03T14:15:25
================================================================================
[2026-02-03T14:16:24.937+0000] {manager.py:879} INFO - 
================================================================================
DAG File Processing Stats

File Path                          PID    Runtime      # DAGs    # Errors  Last Runtime    Last Run
---------------------------------  -----  ---------  --------  ----------  --------------  -------------------
/opt/airflow/dags/etl_completa.py                           1           0  0.31s           2026-02-03T14:16:01
/opt/airflow/dags/aracaju.py                                1           0  0.26s           2026-02-03T14:15:55
================================================================================
[2026-02-03T14:16:36.304+0000] {manager.py:738} INFO - Searching for files in /opt/airflow/dags
[2026-02-03T14:16:36.307+0000] {manager.py:741} INFO - There are 2 files in /opt/airflow/dags
[2026-02-03T14:16:55.386+0000] {manager.py:879} INFO - 
================================================================================
DAG File Processing Stats

File Path                          PID    Runtime      # DAGs    # Errors  Last Runtime    Last Run
---------------------------------  -----  ---------  --------  ----------  --------------  -------------------
/opt/airflow/dags/etl_completa.py                           1           0  0.40s           2026-02-03T14:16:31
/opt/airflow/dags/aracaju.py                                1           0  0.33s           2026-02-03T14:16:26
================================================================================
[2026-02-03T14:17:25.826+0000] {manager.py:879} INFO - 
================================================================================
DAG File Processing Stats

File Path                          PID    Runtime      # DAGs    # Errors  Last Runtime    Last Run
---------------------------------  -----  ---------  --------  ----------  --------------  -------------------
/opt/airflow/dags/etl_completa.py                           1           0  0.41s           2026-02-03T14:17:02
/opt/airflow/dags/aracaju.py                                1           0  0.31s           2026-02-03T14:16:56
================================================================================
[2026-02-03T14:17:56.300+0000] {manager.py:879} INFO - 
================================================================================
DAG File Processing Stats

File Path                          PID    Runtime      # DAGs    # Errors  Last Runtime    Last Run
---------------------------------  -----  ---------  --------  ----------  --------------  -------------------
/opt/airflow/dags/etl_completa.py                           1           0  0.41s           2026-02-03T14:17:32
/opt/airflow/dags/aracaju.py                                1           0  0.35s           2026-02-03T14:17:27
================================================================================
[2026-02-03T14:18:26.712+0000] {manager.py:879} INFO - 
================================================================================
DAG File Processing Stats

File Path                          PID    Runtime      # DAGs    # Errors  Last Runtime    Last Run
---------------------------------  -----  ---------  --------  ----------  --------------  -------------------
/opt/airflow/dags/etl_completa.py                           1           0  0.41s           2026-02-03T14:18:03
/opt/airflow/dags/aracaju.py                                1           0  0.29s           2026-02-03T14:17:57
================================================================================
[2026-02-03T14:18:57.108+0000] {manager.py:879} INFO - 
================================================================================
DAG File Processing Stats

File Path                          PID    Runtime      # DAGs    # Errors  Last Runtime    Last Run
---------------------------------  -----  ---------  --------  ----------  --------------  -------------------
/opt/airflow/dags/etl_completa.py                           1           0  0.41s           2026-02-03T14:18:34
/opt/airflow/dags/aracaju.py                                1           0  0.27s           2026-02-03T14:18:27
================================================================================
[2026-02-03T14:19:27.555+0000] {manager.py:879} INFO - 
================================================================================
DAG File Processing Stats

File Path                          PID    Runtime      # DAGs    # Errors  Last Runtime    Last Run
---------------------------------  -----  ---------  --------  ----------  --------------  -------------------
/opt/airflow/dags/etl_completa.py                           1           0  0.40s           2026-02-03T14:19:04
/opt/airflow/dags/aracaju.py                                1           0  0.32s           2026-02-03T14:18:58
================================================================================
[2026-02-03T14:19:57.996+0000] {manager.py:879} INFO - 
================================================================================
DAG File Processing Stats

File Path                          PID    Runtime      # DAGs    # Errors  Last Runtime    Last Run
---------------------------------  -----  ---------  --------  ----------  --------------  -------------------
/opt/airflow/dags/etl_completa.py                           1           0  0.40s           2026-02-03T14:19:35
/opt/airflow/dags/aracaju.py                                1           0  0.32s           2026-02-03T14:19:28
================================================================================
[2026-02-03T14:20:28.453+0000] {manager.py:879} INFO - 
================================================================================
DAG File Processing Stats

File Path                          PID    Runtime      # DAGs    # Errors  Last Runtime    Last Run
---------------------------------  -----  ---------  --------  ----------  --------------  -------------------
/opt/airflow/dags/etl_completa.py                           1           0  0.34s           2026-02-03T14:20:05
/opt/airflow/dags/aracaju.py                                1           0  0.34s           2026-02-03T14:19:59
================================================================================
[2026-02-03T14:20:58.882+0000] {manager.py:879} INFO - 
================================================================================
DAG File Processing Stats

File Path                          PID    Runtime      # DAGs    # Errors  Last Runtime    Last Run
---------------------------------  -----  ---------  --------  ----------  --------------  -------------------
/opt/airflow/dags/etl_completa.py                           1           0  0.40s           2026-02-03T14:20:36
/opt/airflow/dags/aracaju.py                                1           0  0.32s           2026-02-03T14:20:29
================================================================================
[2026-02-03T14:21:29.282+0000] {manager.py:879} INFO - 
================================================================================
DAG File Processing Stats

File Path                          PID    Runtime      # DAGs    # Errors  Last Runtime    Last Run
---------------------------------  -----  ---------  --------  ----------  --------------  -------------------
/opt/airflow/dags/etl_completa.py                           1           0  0.31s           2026-02-03T14:21:06
/opt/airflow/dags/aracaju.py                                1           0  0.28s           2026-02-03T14:21:00
================================================================================
[2026-02-03T14:21:36.607+0000] {manager.py:738} INFO - Searching for files in /opt/airflow/dags
[2026-02-03T14:21:36.610+0000] {manager.py:741} INFO - There are 2 files in /opt/airflow/dags
[2026-02-03T14:21:59.721+0000] {manager.py:879} INFO - 
================================================================================
DAG File Processing Stats

File Path                          PID    Runtime      # DAGs    # Errors  Last Runtime    Last Run
---------------------------------  -----  ---------  --------  ----------  --------------  -------------------
/opt/airflow/dags/etl_completa.py                           1           0  0.41s           2026-02-03T14:21:37
/opt/airflow/dags/aracaju.py                                1           0  0.32s           2026-02-03T14:21:30
================================================================================
[2026-02-03T14:22:30.180+0000] {manager.py:879} INFO - 
================================================================================
DAG File Processing Stats

File Path                          PID    Runtime      # DAGs    # Errors  Last Runtime    Last Run
---------------------------------  -----  ---------  --------  ----------  --------------  -------------------
/opt/airflow/dags/aracaju.py                                1           0  0.33s           2026-02-03T14:22:01
/opt/airflow/dags/etl_completa.py                           1           0  0.31s           2026-02-03T14:22:07
================================================================================
[2026-02-03T14:23:00.634+0000] {manager.py:879} INFO - 
================================================================================
DAG File Processing Stats

File Path                          PID    Runtime      # DAGs    # Errors  Last Runtime    Last Run
---------------------------------  -----  ---------  --------  ----------  --------------  -------------------
/opt/airflow/dags/etl_completa.py                           1           0  0.34s           2026-02-03T14:22:37
/opt/airflow/dags/aracaju.py                                1           0  0.33s           2026-02-03T14:22:31
================================================================================
[2026-02-03T14:23:31.049+0000] {manager.py:879} INFO - 
================================================================================
DAG File Processing Stats

File Path                          PID    Runtime      # DAGs    # Errors  Last Runtime    Last Run
---------------------------------  -----  ---------  --------  ----------  --------------  -------------------
/opt/airflow/dags/aracaju.py                                1           0  0.30s           2026-02-03T14:23:01
/opt/airflow/dags/etl_completa.py                           1           0  0.29s           2026-02-03T14:23:08
================================================================================
[2026-02-03T14:24:01.504+0000] {manager.py:879} INFO - 
================================================================================
DAG File Processing Stats

File Path                          PID    Runtime      # DAGs    # Errors  Last Runtime    Last Run
---------------------------------  -----  ---------  --------  ----------  --------------  -------------------
/opt/airflow/dags/etl_completa.py                           1           0  0.40s           2026-02-03T14:23:38
/opt/airflow/dags/aracaju.py                                1           0  0.33s           2026-02-03T14:23:32
================================================================================
[2026-02-03T14:24:31.939+0000] {manager.py:879} INFO - 
================================================================================
DAG File Processing Stats

File Path                          PID    Runtime      # DAGs    # Errors  Last Runtime    Last Run
---------------------------------  -----  ---------  --------  ----------  --------------  -------------------
/opt/airflow/dags/etl_completa.py                           1           0  0.38s           2026-02-03T14:24:09
/opt/airflow/dags/aracaju.py                                1           0  0.32s           2026-02-03T14:24:02
================================================================================
[2026-02-03T14:25:02.308+0000] {manager.py:879} INFO - 
================================================================================
DAG File Processing Stats

File Path                          PID    Runtime      # DAGs    # Errors  Last Runtime    Last Run
---------------------------------  -----  ---------  --------  ----------  --------------  -------------------
/opt/airflow/dags/etl_completa.py                           1           0  0.36s           2026-02-03T14:24:40
/opt/airflow/dags/aracaju.py                                1           0  0.25s           2026-02-03T14:24:33
================================================================================
[2026-02-03T14:25:32.756+0000] {manager.py:879} INFO - 
================================================================================
DAG File Processing Stats

File Path                          PID    Runtime      # DAGs    # Errors  Last Runtime    Last Run
---------------------------------  -----  ---------  --------  ----------  --------------  -------------------
/opt/airflow/dags/etl_completa.py                           1           0  0.39s           2026-02-03T14:25:10
/opt/airflow/dags/aracaju.py                                1           0  0.33s           2026-02-03T14:25:03
================================================================================
[2026-02-03T14:26:03.117+0000] {manager.py:879} INFO - 
================================================================================
DAG File Processing Stats

File Path                          PID    Runtime      # DAGs    # Errors  Last Runtime    Last Run
---------------------------------  -----  ---------  --------  ----------  --------------  -------------------
/opt/airflow/dags/etl_completa.py                           1           0  0.40s           2026-02-03T14:25:41
/opt/airflow/dags/aracaju.py                                1           0  0.25s           2026-02-03T14:25:34
================================================================================
[2026-02-03T14:26:33.492+0000] {manager.py:879} INFO - 
================================================================================
DAG File Processing Stats

File Path                          PID    Runtime      # DAGs    # Errors  Last Runtime    Last Run
---------------------------------  -----  ---------  --------  ----------  --------------  -------------------
/opt/airflow/dags/etl_completa.py                           1           0  0.30s           2026-02-03T14:26:11
/opt/airflow/dags/aracaju.py                                1           0  0.25s           2026-02-03T14:26:04
================================================================================
[2026-02-03T14:26:36.772+0000] {manager.py:738} INFO - Searching for files in /opt/airflow/dags
[2026-02-03T14:26:36.776+0000] {manager.py:741} INFO - There are 2 files in /opt/airflow/dags
[2026-02-03T14:27:03.887+0000] {manager.py:879} INFO - 
================================================================================
DAG File Processing Stats

File Path                          PID    Runtime      # DAGs    # Errors  Last Runtime    Last Run
---------------------------------  -----  ---------  --------  ----------  --------------  -------------------
/opt/airflow/dags/etl_completa.py                           1           0  0.40s           2026-02-03T14:26:42
/opt/airflow/dags/aracaju.py                                1           0  0.27s           2026-02-03T14:26:34
================================================================================
[2026-02-03T14:27:34.328+0000] {manager.py:879} INFO - 
================================================================================
DAG File Processing Stats

File Path                          PID    Runtime      # DAGs    # Errors  Last Runtime    Last Run
---------------------------------  -----  ---------  --------  ----------  --------------  -------------------
/opt/airflow/dags/etl_completa.py                           1           0  0.37s           2026-02-03T14:27:12
/opt/airflow/dags/aracaju.py                                1           0  0.32s           2026-02-03T14:27:05
================================================================================
[2026-02-03T14:28:04.786+0000] {manager.py:879} INFO - 
================================================================================
DAG File Processing Stats

File Path                          PID    Runtime      # DAGs    # Errors  Last Runtime    Last Run
---------------------------------  -----  ---------  --------  ----------  --------------  -------------------
/opt/airflow/dags/etl_completa.py                           1           0  0.40s           2026-02-03T14:27:43
/opt/airflow/dags/aracaju.py                                1           0  0.34s           2026-02-03T14:27:35
================================================================================
[2026-02-03T14:28:35.205+0000] {manager.py:879} INFO - 
================================================================================
DAG File Processing Stats

File Path                          PID    Runtime      # DAGs    # Errors  Last Runtime    Last Run
---------------------------------  -----  ---------  --------  ----------  --------------  -------------------
/opt/airflow/dags/etl_completa.py                           1           0  0.39s           2026-02-03T14:28:13
/opt/airflow/dags/aracaju.py                                1           0  0.31s           2026-02-03T14:28:06
================================================================================
[2026-02-03T14:29:05.657+0000] {manager.py:879} INFO - 
================================================================================
DAG File Processing Stats

File Path                          PID    Runtime      # DAGs    # Errors  Last Runtime    Last Run
---------------------------------  -----  ---------  --------  ----------  --------------  -------------------
/opt/airflow/dags/etl_completa.py                           1           0  0.41s           2026-02-03T14:28:43
/opt/airflow/dags/aracaju.py                                1           0  0.34s           2026-02-03T14:28:36
================================================================================
[2026-02-03T14:29:36.089+0000] {manager.py:879} INFO - 
================================================================================
DAG File Processing Stats

File Path                          PID    Runtime      # DAGs    # Errors  Last Runtime    Last Run
---------------------------------  -----  ---------  --------  ----------  --------------  -------------------
/opt/airflow/dags/etl_completa.py                           1           0  0.41s           2026-02-03T14:29:14
/opt/airflow/dags/aracaju.py                                1           0  0.32s           2026-02-03T14:29:06
================================================================================
[2026-02-03T14:30:06.552+0000] {manager.py:879} INFO - 
================================================================================
DAG File Processing Stats

File Path                          PID    Runtime      # DAGs    # Errors  Last Runtime    Last Run
---------------------------------  -----  ---------  --------  ----------  --------------  -------------------
/opt/airflow/dags/etl_completa.py                           1           0  0.41s           2026-02-03T14:29:44
/opt/airflow/dags/aracaju.py                                1           0  0.33s           2026-02-03T14:29:37
================================================================================
[2026-02-03T14:30:37.012+0000] {manager.py:879} INFO - 
================================================================================
DAG File Processing Stats

File Path                          PID    Runtime      # DAGs    # Errors  Last Runtime    Last Run
---------------------------------  -----  ---------  --------  ----------  --------------  -------------------
/opt/airflow/dags/etl_completa.py                           1           0  0.40s           2026-02-03T14:30:15
/opt/airflow/dags/aracaju.py                                1           0  0.32s           2026-02-03T14:30:07
================================================================================
[2026-02-03T14:31:07.461+0000] {manager.py:879} INFO - 
================================================================================
DAG File Processing Stats

File Path                          PID    Runtime      # DAGs    # Errors  Last Runtime    Last Run
---------------------------------  -----  ---------  --------  ----------  --------------  -------------------
/opt/airflow/dags/etl_completa.py                           1           0  0.40s           2026-02-03T14:30:45
/opt/airflow/dags/aracaju.py                                1           0  0.32s           2026-02-03T14:30:38
================================================================================
[2026-02-03T14:31:36.841+0000] {manager.py:738} INFO - Searching for files in /opt/airflow/dags
[2026-02-03T14:31:36.843+0000] {manager.py:741} INFO - There are 2 files in /opt/airflow/dags
[2026-02-03T14:31:37.853+0000] {manager.py:879} INFO - 
================================================================================
DAG File Processing Stats

File Path                          PID    Runtime      # DAGs    # Errors  Last Runtime    Last Run
---------------------------------  -----  ---------  --------  ----------  --------------  -------------------
/opt/airflow/dags/etl_completa.py                           1           0  0.41s           2026-02-03T14:31:16
/opt/airflow/dags/aracaju.py                                1           0  0.27s           2026-02-03T14:31:08
================================================================================
[2026-02-03T14:32:08.307+0000] {manager.py:879} INFO - 
================================================================================
DAG File Processing Stats

File Path                          PID    Runtime      # DAGs    # Errors  Last Runtime    Last Run
---------------------------------  -----  ---------  --------  ----------  --------------  -------------------
/opt/airflow/dags/etl_completa.py                           1           0  0.41s           2026-02-03T14:31:47
/opt/airflow/dags/aracaju.py                                1           0  0.33s           2026-02-03T14:31:39
================================================================================
[2026-02-03T14:32:38.739+0000] {manager.py:879} INFO - 
================================================================================
DAG File Processing Stats

File Path                          PID    Runtime      # DAGs    # Errors  Last Runtime    Last Run
---------------------------------  -----  ---------  --------  ----------  --------------  -------------------
/opt/airflow/dags/etl_completa.py                           1           0  0.42s           2026-02-03T14:32:17
/opt/airflow/dags/aracaju.py                                1           0  0.33s           2026-02-03T14:32:09
================================================================================
[2026-02-03T14:33:09.197+0000] {manager.py:879} INFO - 
================================================================================
DAG File Processing Stats

File Path                          PID    Runtime      # DAGs    # Errors  Last Runtime    Last Run
---------------------------------  -----  ---------  --------  ----------  --------------  -------------------
/opt/airflow/dags/etl_completa.py                           1           0  0.39s           2026-02-03T14:32:48
/opt/airflow/dags/aracaju.py                                1           0  0.35s           2026-02-03T14:32:40
================================================================================
[2026-02-03T14:33:39.644+0000] {manager.py:879} INFO - 
================================================================================
DAG File Processing Stats

File Path                          PID    Runtime      # DAGs    # Errors  Last Runtime    Last Run
---------------------------------  -----  ---------  --------  ----------  --------------  -------------------
/opt/airflow/dags/etl_completa.py                           1           0  0.40s           2026-02-03T14:33:18
/opt/airflow/dags/aracaju.py                                1           0  0.32s           2026-02-03T14:33:10
================================================================================
[2026-02-03T14:34:10.088+0000] {manager.py:879} INFO - 
================================================================================
DAG File Processing Stats

File Path                          PID    Runtime      # DAGs    # Errors  Last Runtime    Last Run
---------------------------------  -----  ---------  --------  ----------  --------------  -------------------
/opt/airflow/dags/aracaju.py                                1           0  0.33s           2026-02-03T14:33:40
/opt/airflow/dags/etl_completa.py                           1           0  0.30s           2026-02-03T14:33:49
================================================================================
[2026-02-03T14:34:40.502+0000] {manager.py:879} INFO - 
================================================================================
DAG File Processing Stats

File Path                          PID    Runtime      # DAGs    # Errors  Last Runtime    Last Run
---------------------------------  -----  ---------  --------  ----------  --------------  -------------------
/opt/airflow/dags/etl_completa.py                           1           0  0.42s           2026-02-03T14:34:19
/opt/airflow/dags/aracaju.py                                1           0  0.30s           2026-02-03T14:34:11
================================================================================
[2026-02-03T14:35:10.950+0000] {manager.py:879} INFO - 
================================================================================
DAG File Processing Stats

File Path                          PID    Runtime      # DAGs    # Errors  Last Runtime    Last Run
---------------------------------  -----  ---------  --------  ----------  --------------  -------------------
/opt/airflow/dags/etl_completa.py                           1           0  0.41s           2026-02-03T14:34:50
/opt/airflow/dags/aracaju.py                                1           0  0.33s           2026-02-03T14:34:41
================================================================================
[2026-02-03T14:35:41.370+0000] {manager.py:879} INFO - 
================================================================================
DAG File Processing Stats

File Path                          PID    Runtime      # DAGs    # Errors  Last Runtime    Last Run
---------------------------------  -----  ---------  --------  ----------  --------------  -------------------
/opt/airflow/dags/etl_completa.py                           1           0  0.41s           2026-02-03T14:35:20
/opt/airflow/dags/aracaju.py                                1           0  0.29s           2026-02-03T14:35:12
================================================================================
[2026-02-03T14:36:11.826+0000] {manager.py:879} INFO - 
================================================================================
DAG File Processing Stats

File Path                          PID    Runtime      # DAGs    # Errors  Last Runtime    Last Run
---------------------------------  -----  ---------  --------  ----------  --------------  -------------------
/opt/airflow/dags/etl_completa.py                           1           0  0.37s           2026-02-03T14:35:51
/opt/airflow/dags/aracaju.py                                1           0  0.33s           2026-02-03T14:35:42
================================================================================
[2026-02-03T14:36:37.252+0000] {manager.py:738} INFO - Searching for files in /opt/airflow/dags
[2026-02-03T14:36:37.254+0000] {manager.py:741} INFO - There are 2 files in /opt/airflow/dags
[2026-02-03T14:36:42.275+0000] {manager.py:879} INFO - 
================================================================================
DAG File Processing Stats

File Path                          PID    Runtime      # DAGs    # Errors  Last Runtime    Last Run
---------------------------------  -----  ---------  --------  ----------  --------------  -------------------
/opt/airflow/dags/etl_completa.py                           1           0  0.41s           2026-02-03T14:36:21
/opt/airflow/dags/aracaju.py                                1           0  0.33s           2026-02-03T14:36:13
================================================================================
[2026-02-03T14:37:12.632+0000] {manager.py:879} INFO - 
================================================================================
DAG File Processing Stats

File Path                          PID    Runtime      # DAGs    # Errors  Last Runtime    Last Run
---------------------------------  -----  ---------  --------  ----------  --------------  -------------------
/opt/airflow/dags/etl_completa.py                           1           0  0.42s           2026-02-03T14:36:52
/opt/airflow/dags/aracaju.py                                1           0  0.24s           2026-02-03T14:36:43
================================================================================
[2026-02-03T14:37:43.094+0000] {manager.py:879} INFO - 
================================================================================
DAG File Processing Stats

File Path                          PID    Runtime      # DAGs    # Errors  Last Runtime    Last Run
---------------------------------  -----  ---------  --------  ----------  --------------  -------------------
/opt/airflow/dags/etl_completa.py                           1           0  0.40s           2026-02-03T14:37:23
/opt/airflow/dags/aracaju.py                                1           0  0.33s           2026-02-03T14:37:13
================================================================================
[2026-02-03T14:38:13.538+0000] {manager.py:879} INFO - 
================================================================================
DAG File Processing Stats

File Path                          PID    Runtime      # DAGs    # Errors  Last Runtime    Last Run
---------------------------------  -----  ---------  --------  ----------  --------------  -------------------
/opt/airflow/dags/etl_completa.py                           1           0  0.40s           2026-02-03T14:37:53
/opt/airflow/dags/aracaju.py                                1           0  0.32s           2026-02-03T14:37:44
================================================================================
[2026-02-03T14:38:43.977+0000] {manager.py:879} INFO - 
================================================================================
DAG File Processing Stats

File Path                          PID    Runtime      # DAGs    # Errors  Last Runtime    Last Run
---------------------------------  -----  ---------  --------  ----------  --------------  -------------------
/opt/airflow/dags/etl_completa.py                           1           0  0.33s           2026-02-03T14:38:24
/opt/airflow/dags/aracaju.py                                1           0  0.32s           2026-02-03T14:38:14
================================================================================
[2026-02-03T14:39:14.416+0000] {manager.py:879} INFO - 
================================================================================
DAG File Processing Stats

File Path                          PID    Runtime      # DAGs    # Errors  Last Runtime    Last Run
---------------------------------  -----  ---------  --------  ----------  --------------  -------------------
/opt/airflow/dags/etl_completa.py                           1           0  0.41s           2026-02-03T14:38:54
/opt/airflow/dags/aracaju.py                                1           0  0.33s           2026-02-03T14:38:45
================================================================================
[2026-02-03T14:39:44.855+0000] {manager.py:879} INFO - 
================================================================================
DAG File Processing Stats

File Path                          PID    Runtime      # DAGs    # Errors  Last Runtime    Last Run
---------------------------------  -----  ---------  --------  ----------  --------------  -------------------
/opt/airflow/dags/etl_completa.py                           1           0  0.40s           2026-02-03T14:39:25
/opt/airflow/dags/aracaju.py                                1           0  0.33s           2026-02-03T14:39:15
================================================================================
[2026-02-03T14:40:15.213+0000] {manager.py:879} INFO - 
================================================================================
DAG File Processing Stats

File Path                          PID    Runtime      # DAGs    # Errors  Last Runtime    Last Run
---------------------------------  -----  ---------  --------  ----------  --------------  -------------------
/opt/airflow/dags/etl_completa.py                           1           0  0.42s           2026-02-03T14:39:56
/opt/airflow/dags/aracaju.py                                1           0  0.25s           2026-02-03T14:39:46
================================================================================
[2026-02-03T14:40:45.564+0000] {manager.py:879} INFO - 
================================================================================
DAG File Processing Stats

File Path                          PID    Runtime      # DAGs    # Errors  Last Runtime    Last Run
---------------------------------  -----  ---------  --------  ----------  --------------  -------------------
/opt/airflow/dags/etl_completa.py                           1           0  0.41s           2026-02-03T14:40:26
/opt/airflow/dags/aracaju.py                                1           0  0.25s           2026-02-03T14:40:16
================================================================================
[2026-02-03T14:41:16.032+0000] {manager.py:879} INFO - 
================================================================================
DAG File Processing Stats

File Path                          PID    Runtime      # DAGs    # Errors  Last Runtime    Last Run
---------------------------------  -----  ---------  --------  ----------  --------------  -------------------
/opt/airflow/dags/etl_completa.py                           1           0  0.41s           2026-02-03T14:40:57
/opt/airflow/dags/aracaju.py                                1           0  0.34s           2026-02-03T14:40:46
================================================================================
[2026-02-03T14:41:37.456+0000] {manager.py:738} INFO - Searching for files in /opt/airflow/dags
[2026-02-03T14:41:37.460+0000] {manager.py:741} INFO - There are 2 files in /opt/airflow/dags
[2026-02-03T14:41:46.500+0000] {manager.py:879} INFO - 
================================================================================
DAG File Processing Stats

File Path                          PID    Runtime      # DAGs    # Errors  Last Runtime    Last Run
---------------------------------  -----  ---------  --------  ----------  --------------  -------------------
/opt/airflow/dags/etl_completa.py                           1           0  0.40s           2026-02-03T14:41:27
/opt/airflow/dags/aracaju.py                                1           0  0.33s           2026-02-03T14:41:17
================================================================================
[2026-02-03T14:42:16.941+0000] {manager.py:879} INFO - 
================================================================================
DAG File Processing Stats

File Path                          PID    Runtime      # DAGs    # Errors  Last Runtime    Last Run
---------------------------------  -----  ---------  --------  ----------  --------------  -------------------
/opt/airflow/dags/etl_completa.py                           1           0  0.34s           2026-02-03T14:41:58
/opt/airflow/dags/aracaju.py                                1           0  0.33s           2026-02-03T14:41:47
================================================================================
[2026-02-03T14:42:47.296+0000] {manager.py:879} INFO - 
================================================================================
DAG File Processing Stats

File Path                          PID    Runtime      # DAGs    # Errors  Last Runtime    Last Run
---------------------------------  -----  ---------  --------  ----------  --------------  -------------------
/opt/airflow/dags/etl_completa.py                           1           0  0.34s           2026-02-03T14:42:28
/opt/airflow/dags/aracaju.py                                1           0  0.24s           2026-02-03T14:42:18
================================================================================
[2026-02-03T14:43:17.660+0000] {manager.py:879} INFO - 
================================================================================
DAG File Processing Stats

File Path                          PID    Runtime      # DAGs    # Errors  Last Runtime    Last Run
---------------------------------  -----  ---------  --------  ----------  --------------  -------------------
/opt/airflow/dags/etl_completa.py                           1           0  0.33s           2026-02-03T14:42:58
/opt/airflow/dags/aracaju.py                                1           0  0.26s           2026-02-03T14:42:48
================================================================================
[2026-02-03T14:43:48.042+0000] {manager.py:879} INFO - 
================================================================================
DAG File Processing Stats

File Path                          PID    Runtime      # DAGs    # Errors  Last Runtime    Last Run
---------------------------------  -----  ---------  --------  ----------  --------------  -------------------
/opt/airflow/dags/etl_completa.py                           1           0  0.36s           2026-02-03T14:43:29
/opt/airflow/dags/aracaju.py                                1           0  0.28s           2026-02-03T14:43:18
================================================================================
[2026-02-03T14:44:18.416+0000] {manager.py:879} INFO - 
================================================================================
DAG File Processing Stats

File Path                          PID    Runtime      # DAGs    # Errors  Last Runtime    Last Run
---------------------------------  -----  ---------  --------  ----------  --------------  -------------------
/opt/airflow/dags/etl_completa.py                           1           0  0.42s           2026-02-03T14:43:59
/opt/airflow/dags/aracaju.py                                1           0  0.26s           2026-02-03T14:43:49
================================================================================
[2026-02-03T14:44:48.865+0000] {manager.py:879} INFO - 
================================================================================
DAG File Processing Stats

File Path                          PID    Runtime      # DAGs    # Errors  Last Runtime    Last Run
---------------------------------  -----  ---------  --------  ----------  --------------  -------------------
/opt/airflow/dags/aracaju.py                                1           0  0.33s           2026-02-03T14:44:19
/opt/airflow/dags/etl_completa.py                           1           0  0.31s           2026-02-03T14:44:30
================================================================================
[2026-02-03T14:45:19.308+0000] {manager.py:879} INFO - 
================================================================================
DAG File Processing Stats

File Path                          PID    Runtime      # DAGs    # Errors  Last Runtime    Last Run
---------------------------------  -----  ---------  --------  ----------  --------------  -------------------
/opt/airflow/dags/etl_completa.py                           1           0  0.41s           2026-02-03T14:45:00
/opt/airflow/dags/aracaju.py                                1           0  0.34s           2026-02-03T14:44:50
================================================================================
[2026-02-03T14:45:49.766+0000] {manager.py:879} INFO - 
================================================================================
DAG File Processing Stats

File Path                          PID    Runtime      # DAGs    # Errors  Last Runtime    Last Run
---------------------------------  -----  ---------  --------  ----------  --------------  -------------------
/opt/airflow/dags/etl_completa.py                           1           0  0.35s           2026-02-03T14:45:31
/opt/airflow/dags/aracaju.py                                1           0  0.33s           2026-02-03T14:45:20
================================================================================
[2026-02-03T14:46:20.115+0000] {manager.py:879} INFO - 
================================================================================
DAG File Processing Stats

File Path                          PID    Runtime      # DAGs    # Errors  Last Runtime    Last Run
---------------------------------  -----  ---------  --------  ----------  --------------  -------------------
/opt/airflow/dags/etl_completa.py                           1           0  0.42s           2026-02-03T14:46:01
/opt/airflow/dags/aracaju.py                                1           0  0.23s           2026-02-03T14:45:51
================================================================================
[2026-02-03T14:46:37.522+0000] {manager.py:738} INFO - Searching for files in /opt/airflow/dags
[2026-02-03T14:46:37.524+0000] {manager.py:741} INFO - There are 2 files in /opt/airflow/dags
[2026-02-03T14:46:50.584+0000] {manager.py:879} INFO - 
================================================================================
DAG File Processing Stats

File Path                          PID    Runtime      # DAGs    # Errors  Last Runtime    Last Run
---------------------------------  -----  ---------  --------  ----------  --------------  -------------------
/opt/airflow/dags/aracaju.py                                1           0  0.34s           2026-02-03T14:46:21
/opt/airflow/dags/etl_completa.py                           1           0  0.31s           2026-02-03T14:46:31
================================================================================
[2026-02-03T14:47:21.020+0000] {manager.py:879} INFO - 
================================================================================
DAG File Processing Stats

File Path                          PID    Runtime      # DAGs    # Errors  Last Runtime    Last Run
---------------------------------  -----  ---------  --------  ----------  --------------  -------------------
/opt/airflow/dags/etl_completa.py                           1           0  0.43s           2026-02-03T14:47:02
/opt/airflow/dags/aracaju.py                                1           0  0.33s           2026-02-03T14:46:51
================================================================================
[2026-02-03T14:47:51.366+0000] {manager.py:879} INFO - 
================================================================================
DAG File Processing Stats

File Path                          PID    Runtime      # DAGs    # Errors  Last Runtime    Last Run
---------------------------------  -----  ---------  --------  ----------  --------------  -------------------
/opt/airflow/dags/etl_completa.py                           1           0  0.40s           2026-02-03T14:47:33
/opt/airflow/dags/aracaju.py                                1           0  0.23s           2026-02-03T14:47:22
================================================================================
[2026-02-03T14:48:21.718+0000] {manager.py:879} INFO - 
================================================================================
DAG File Processing Stats

File Path                          PID    Runtime      # DAGs    # Errors  Last Runtime    Last Run
---------------------------------  -----  ---------  --------  ----------  --------------  -------------------
/opt/airflow/dags/etl_completa.py                           1           0  0.39s           2026-02-03T14:48:03
/opt/airflow/dags/aracaju.py                                1           0  0.24s           2026-02-03T14:47:52
================================================================================
[2026-02-03T14:48:52.171+0000] {manager.py:879} INFO - 
================================================================================
DAG File Processing Stats

File Path                          PID    Runtime      # DAGs    # Errors  Last Runtime    Last Run
---------------------------------  -----  ---------  --------  ----------  --------------  -------------------
/opt/airflow/dags/etl_completa.py                           1           0  0.40s           2026-02-03T14:48:34
/opt/airflow/dags/aracaju.py                                1           0  0.34s           2026-02-03T14:48:23
================================================================================
[2026-02-03T14:49:22.618+0000] {manager.py:879} INFO - 
================================================================================
DAG File Processing Stats

File Path                          PID    Runtime      # DAGs    # Errors  Last Runtime    Last Run
---------------------------------  -----  ---------  --------  ----------  --------------  -------------------
/opt/airflow/dags/etl_completa.py                           1           0  0.41s           2026-02-03T14:49:04
/opt/airflow/dags/aracaju.py                                1           0  0.33s           2026-02-03T14:48:53
================================================================================
[2026-02-03T14:49:53.055+0000] {manager.py:879} INFO - 
================================================================================
DAG File Processing Stats

File Path                          PID    Runtime      # DAGs    # Errors  Last Runtime    Last Run
---------------------------------  -----  ---------  --------  ----------  --------------  -------------------
/opt/airflow/dags/etl_completa.py                           1           0  0.41s           2026-02-03T14:49:35
/opt/airflow/dags/aracaju.py                                1           0  0.32s           2026-02-03T14:49:23
================================================================================
[2026-02-03T14:50:23.497+0000] {manager.py:879} INFO - 
================================================================================
DAG File Processing Stats

File Path                          PID    Runtime      # DAGs    # Errors  Last Runtime    Last Run
---------------------------------  -----  ---------  --------  ----------  --------------  -------------------
/opt/airflow/dags/etl_completa.py                           1           0  0.45s           2026-02-03T14:50:05
/opt/airflow/dags/aracaju.py                                1           0  0.32s           2026-02-03T14:49:54
================================================================================
[2026-02-03T14:50:53.964+0000] {manager.py:879} INFO - 
================================================================================
DAG File Processing Stats

File Path                          PID    Runtime      # DAGs    # Errors  Last Runtime    Last Run
---------------------------------  -----  ---------  --------  ----------  --------------  -------------------
/opt/airflow/dags/etl_completa.py                           1           0  0.41s           2026-02-03T14:50:36
/opt/airflow/dags/aracaju.py                                1           0  0.34s           2026-02-03T14:50:24
================================================================================
[2026-02-03T14:51:24.400+0000] {manager.py:879} INFO - 
================================================================================
DAG File Processing Stats

File Path                          PID    Runtime      # DAGs    # Errors  Last Runtime    Last Run
---------------------------------  -----  ---------  --------  ----------  --------------  -------------------
/opt/airflow/dags/aracaju.py                                1           0  0.33s           2026-02-03T14:50:55
/opt/airflow/dags/etl_completa.py                           1           0  0.31s           2026-02-03T14:51:06
================================================================================
[2026-02-03T14:51:37.735+0000] {manager.py:738} INFO - Searching for files in /opt/airflow/dags
[2026-02-03T14:51:37.740+0000] {manager.py:741} INFO - There are 2 files in /opt/airflow/dags
[2026-02-03T14:51:54.809+0000] {manager.py:879} INFO - 
================================================================================
DAG File Processing Stats

File Path                          PID    Runtime      # DAGs    # Errors  Last Runtime    Last Run
---------------------------------  -----  ---------  --------  ----------  --------------  -------------------
/opt/airflow/dags/etl_completa.py                           1           0  0.34s           2026-02-03T14:51:37
/opt/airflow/dags/aracaju.py                                1           0  0.28s           2026-02-03T14:51:25
================================================================================
[2026-02-03T14:52:25.194+0000] {manager.py:879} INFO - 
================================================================================
DAG File Processing Stats

File Path                          PID    Runtime      # DAGs    # Errors  Last Runtime    Last Run
---------------------------------  -----  ---------  --------  ----------  --------------  -------------------
/opt/airflow/dags/etl_completa.py                           1           0  0.31s           2026-02-03T14:52:07
/opt/airflow/dags/aracaju.py                                1           0  0.26s           2026-02-03T14:51:56
================================================================================
[2026-02-03T14:52:55.603+0000] {manager.py:879} INFO - 
================================================================================
DAG File Processing Stats

File Path                          PID    Runtime      # DAGs    # Errors  Last Runtime    Last Run
---------------------------------  -----  ---------  --------  ----------  --------------  -------------------
/opt/airflow/dags/etl_completa.py                           1           0  0.41s           2026-02-03T14:52:37
/opt/airflow/dags/aracaju.py                                1           0  0.29s           2026-02-03T14:52:26
================================================================================
[2026-02-03T14:53:26.066+0000] {manager.py:879} INFO - 
================================================================================
DAG File Processing Stats

File Path                          PID    Runtime      # DAGs    # Errors  Last Runtime    Last Run
---------------------------------  -----  ---------  --------  ----------  --------------  -------------------
/opt/airflow/dags/aracaju.py                                1           0  0.35s           2026-02-03T14:52:56
/opt/airflow/dags/etl_completa.py                           1           0  0.33s           2026-02-03T14:53:08
================================================================================
[2026-02-03T14:53:56.511+0000] {manager.py:879} INFO - 
================================================================================
DAG File Processing Stats

File Path                          PID    Runtime      # DAGs    # Errors  Last Runtime    Last Run
---------------------------------  -----  ---------  --------  ----------  --------------  -------------------
/opt/airflow/dags/etl_completa.py                           1           0  0.41s           2026-02-03T14:53:38
/opt/airflow/dags/aracaju.py                                1           0  0.33s           2026-02-03T14:53:27
================================================================================
[2026-02-03T14:54:26.866+0000] {manager.py:879} INFO - 
================================================================================
DAG File Processing Stats

File Path                          PID    Runtime      # DAGs    # Errors  Last Runtime    Last Run
---------------------------------  -----  ---------  --------  ----------  --------------  -------------------
/opt/airflow/dags/etl_completa.py                           1           0  0.44s           2026-02-03T14:54:10
/opt/airflow/dags/aracaju.py                                1           0  0.24s           2026-02-03T14:53:57
================================================================================
[2026-02-03T14:54:57.258+0000] {manager.py:879} INFO - 
================================================================================
DAG File Processing Stats

File Path                          PID    Runtime      # DAGs    # Errors  Last Runtime    Last Run
---------------------------------  -----  ---------  --------  ----------  --------------  -------------------
/opt/airflow/dags/etl_completa.py                           1           0  0.43s           2026-02-03T14:54:40
/opt/airflow/dags/aracaju.py                                1           0  0.28s           2026-02-03T14:54:28
================================================================================
[2026-02-03T14:55:27.623+0000] {manager.py:879} INFO - 
================================================================================
DAG File Processing Stats

File Path                          PID    Runtime      # DAGs    # Errors  Last Runtime    Last Run
---------------------------------  -----  ---------  --------  ----------  --------------  -------------------
/opt/airflow/dags/etl_completa.py                           1           0  0.33s           2026-02-03T14:55:10
/opt/airflow/dags/aracaju.py                                1           0  0.25s           2026-02-03T14:54:58
================================================================================
[2026-02-03T14:55:57.979+0000] {manager.py:879} INFO - 
================================================================================
DAG File Processing Stats

File Path                          PID    Runtime      # DAGs    # Errors  Last Runtime    Last Run
---------------------------------  -----  ---------  --------  ----------  --------------  -------------------
/opt/airflow/dags/etl_completa.py                           1           0  0.35s           2026-02-03T14:55:41
/opt/airflow/dags/aracaju.py                                1           0  0.25s           2026-02-03T14:55:28
================================================================================
[2026-02-03T14:56:28.347+0000] {manager.py:879} INFO - 
================================================================================
DAG File Processing Stats

File Path                          PID    Runtime      # DAGs    # Errors  Last Runtime    Last Run
---------------------------------  -----  ---------  --------  ----------  --------------  -------------------
/opt/airflow/dags/etl_completa.py                           1           0  0.31s           2026-02-03T14:56:11
/opt/airflow/dags/aracaju.py                                1           0  0.26s           2026-02-03T14:55:59
================================================================================
[2026-02-03T14:56:38.387+0000] {manager.py:738} INFO - Searching for files in /opt/airflow/dags
[2026-02-03T14:56:38.391+0000] {manager.py:741} INFO - There are 2 files in /opt/airflow/dags
[2026-02-03T14:56:58.745+0000] {manager.py:879} INFO - 
================================================================================
DAG File Processing Stats

File Path                          PID    Runtime      # DAGs    # Errors  Last Runtime    Last Run
---------------------------------  -----  ---------  --------  ----------  --------------  -------------------
/opt/airflow/dags/etl_completa.py                           1           0  0.41s           2026-02-03T14:56:42
/opt/airflow/dags/aracaju.py                                1           0  0.29s           2026-02-03T14:56:29
================================================================================
[2026-02-03T14:57:29.198+0000] {manager.py:879} INFO - 
================================================================================
DAG File Processing Stats

File Path                          PID    Runtime      # DAGs    # Errors  Last Runtime    Last Run
---------------------------------  -----  ---------  --------  ----------  --------------  -------------------
/opt/airflow/dags/etl_completa.py                           1           0  0.41s           2026-02-03T14:57:12
/opt/airflow/dags/aracaju.py                                1           0  0.34s           2026-02-03T14:57:00
================================================================================
[2026-02-03T14:57:59.662+0000] {manager.py:879} INFO - 
================================================================================
DAG File Processing Stats

File Path                          PID    Runtime      # DAGs    # Errors  Last Runtime    Last Run
---------------------------------  -----  ---------  --------  ----------  --------------  -------------------
/opt/airflow/dags/aracaju.py                                1           0  0.34s           2026-02-03T14:57:30
/opt/airflow/dags/etl_completa.py                           1           0  0.32s           2026-02-03T14:57:42
================================================================================
[2026-02-03T14:58:30.106+0000] {manager.py:879} INFO - 
================================================================================
DAG File Processing Stats

File Path                          PID    Runtime      # DAGs    # Errors  Last Runtime    Last Run
---------------------------------  -----  ---------  --------  ----------  --------------  -------------------
/opt/airflow/dags/etl_completa.py                           1           0  0.34s           2026-02-03T14:58:13
/opt/airflow/dags/aracaju.py                                1           0  0.33s           2026-02-03T14:58:00
================================================================================
[2026-02-03T14:59:00.456+0000] {manager.py:879} INFO - 
================================================================================
DAG File Processing Stats

File Path                          PID    Runtime      # DAGs    # Errors  Last Runtime    Last Run
---------------------------------  -----  ---------  --------  ----------  --------------  -------------------
/opt/airflow/dags/etl_completa.py                           1           0  0.30s           2026-02-03T14:58:43
/opt/airflow/dags/aracaju.py                                1           0  0.24s           2026-02-03T14:58:31
================================================================================
[2026-02-03T14:59:30.809+0000] {manager.py:879} INFO - 
================================================================================
DAG File Processing Stats

File Path                          PID    Runtime      # DAGs    # Errors  Last Runtime    Last Run
---------------------------------  -----  ---------  --------  ----------  --------------  -------------------
/opt/airflow/dags/etl_completa.py                           1           0  0.33s           2026-02-03T14:59:14
/opt/airflow/dags/aracaju.py                                1           0  0.25s           2026-02-03T14:59:01
================================================================================
[2026-02-03T15:00:01.190+0000] {manager.py:879} INFO - 
================================================================================
DAG File Processing Stats

File Path                          PID    Runtime      # DAGs    # Errors  Last Runtime    Last Run
---------------------------------  -----  ---------  --------  ----------  --------------  -------------------
/opt/airflow/dags/etl_completa.py                           1           0  0.33s           2026-02-03T14:59:44
/opt/airflow/dags/aracaju.py                                1           0  0.27s           2026-02-03T14:59:32
================================================================================
[2026-02-03T15:00:31.548+0000] {manager.py:879} INFO - 
================================================================================
DAG File Processing Stats

File Path                          PID    Runtime      # DAGs    # Errors  Last Runtime    Last Run
---------------------------------  -----  ---------  --------  ----------  --------------  -------------------
/opt/airflow/dags/etl_completa.py                           1           0  0.29s           2026-02-03T15:00:14
/opt/airflow/dags/aracaju.py                                1           0  0.25s           2026-02-03T15:00:02
================================================================================
[2026-02-03T15:01:01.936+0000] {manager.py:879} INFO - 
================================================================================
DAG File Processing Stats

File Path                          PID    Runtime      # DAGs    # Errors  Last Runtime    Last Run
---------------------------------  -----  ---------  --------  ----------  --------------  -------------------
/opt/airflow/dags/etl_completa.py                           1           0  0.34s           2026-02-03T15:00:45
/opt/airflow/dags/aracaju.py                                1           0  0.29s           2026-02-03T15:00:32
================================================================================
[2026-02-03T15:01:32.334+0000] {manager.py:879} INFO - 
================================================================================
DAG File Processing Stats

File Path                          PID    Runtime      # DAGs    # Errors  Last Runtime    Last Run
---------------------------------  -----  ---------  --------  ----------  --------------  -------------------
/opt/airflow/dags/etl_completa.py                           1           0  0.31s           2026-02-03T15:01:15
/opt/airflow/dags/aracaju.py                                1           0  0.29s           2026-02-03T15:01:03
================================================================================
[2026-02-03T15:01:38.661+0000] {manager.py:738} INFO - Searching for files in /opt/airflow/dags
[2026-02-03T15:01:38.663+0000] {manager.py:741} INFO - There are 2 files in /opt/airflow/dags
[2026-02-03T15:02:02.809+0000] {manager.py:879} INFO - 
================================================================================
DAG File Processing Stats

File Path                          PID    Runtime      # DAGs    # Errors  Last Runtime    Last Run
---------------------------------  -----  ---------  --------  ----------  --------------  -------------------
/opt/airflow/dags/aracaju.py                                1           0  0.35s           2026-02-03T15:01:33
/opt/airflow/dags/etl_completa.py                           1           0  0.30s           2026-02-03T15:01:45
================================================================================
[2026-02-03T15:02:33.252+0000] {manager.py:879} INFO - 
================================================================================
DAG File Processing Stats

File Path                          PID    Runtime      # DAGs    # Errors  Last Runtime    Last Run
---------------------------------  -----  ---------  --------  ----------  --------------  -------------------
/opt/airflow/dags/etl_completa.py                           1           0  0.34s           2026-02-03T15:02:16
/opt/airflow/dags/aracaju.py                                1           0  0.34s           2026-02-03T15:02:04
================================================================================
[2026-02-03T15:03:03.639+0000] {manager.py:879} INFO - 
================================================================================
DAG File Processing Stats

File Path                          PID    Runtime      # DAGs    # Errors  Last Runtime    Last Run
---------------------------------  -----  ---------  --------  ----------  --------------  -------------------
/opt/airflow/dags/etl_completa.py                           1           0  0.43s           2026-02-03T15:02:46
/opt/airflow/dags/aracaju.py                                1           0  0.27s           2026-02-03T15:02:34
================================================================================
[2026-02-03T15:03:34.087+0000] {manager.py:879} INFO - 
================================================================================
DAG File Processing Stats

File Path                          PID    Runtime      # DAGs    # Errors  Last Runtime    Last Run
---------------------------------  -----  ---------  --------  ----------  --------------  -------------------
/opt/airflow/dags/etl_completa.py                           1           0  0.40s           2026-02-03T15:03:17
/opt/airflow/dags/aracaju.py                                1           0  0.34s           2026-02-03T15:03:04
================================================================================
[2026-02-03T15:04:04.544+0000] {manager.py:879} INFO - 
================================================================================
DAG File Processing Stats

File Path                          PID    Runtime      # DAGs    # Errors  Last Runtime    Last Run
---------------------------------  -----  ---------  --------  ----------  --------------  -------------------
/opt/airflow/dags/etl_completa.py                           1           0  0.39s           2026-02-03T15:03:47
/opt/airflow/dags/aracaju.py                                1           0  0.34s           2026-02-03T15:03:35
================================================================================
[2026-02-03T15:04:35.009+0000] {manager.py:879} INFO - 
================================================================================
DAG File Processing Stats

File Path                          PID    Runtime      # DAGs    # Errors  Last Runtime    Last Run
---------------------------------  -----  ---------  --------  ----------  --------------  -------------------
/opt/airflow/dags/aracaju.py                                1           0  0.34s           2026-02-03T15:04:05
/opt/airflow/dags/etl_completa.py                           1           0  0.30s           2026-02-03T15:04:18
================================================================================
[2026-02-03T15:05:05.375+0000] {manager.py:879} INFO - 
================================================================================
DAG File Processing Stats

File Path                          PID    Runtime      # DAGs    # Errors  Last Runtime    Last Run
---------------------------------  -----  ---------  --------  ----------  --------------  -------------------
/opt/airflow/dags/etl_completa.py                           1           0  0.40s           2026-02-03T15:04:48
/opt/airflow/dags/aracaju.py                                1           0  0.24s           2026-02-03T15:04:36
================================================================================
[2026-02-03T15:05:35.753+0000] {manager.py:879} INFO - 
================================================================================
DAG File Processing Stats

File Path                          PID    Runtime      # DAGs    # Errors  Last Runtime    Last Run
---------------------------------  -----  ---------  --------  ----------  --------------  -------------------
/opt/airflow/dags/etl_completa.py                           1           0  0.31s           2026-02-03T15:05:19
/opt/airflow/dags/aracaju.py                                1           0  0.28s           2026-02-03T15:05:06
================================================================================
[2026-02-03T15:06:06.200+0000] {manager.py:879} INFO - 
================================================================================
DAG File Processing Stats

File Path                          PID    Runtime      # DAGs    # Errors  Last Runtime    Last Run
---------------------------------  -----  ---------  --------  ----------  --------------  -------------------
/opt/airflow/dags/aracaju.py                                1           0  0.34s           2026-02-03T15:05:37
/opt/airflow/dags/etl_completa.py                           1           0  0.30s           2026-02-03T15:05:50
================================================================================
[2026-02-03T15:06:36.332+0000] {manager.py:879} INFO - 
================================================================================
DAG File Processing Stats

File Path                          PID    Runtime      # DAGs    # Errors  Last Runtime    Last Run
---------------------------------  -----  ---------  --------  ----------  --------------  -------------------
/opt/airflow/dags/aracaju.py                                1           0  0.34s           2026-02-03T15:06:07
/opt/airflow/dags/etl_completa.py                           1           0  0.31s           2026-02-03T15:06:20
================================================================================
[2026-02-03T15:06:38.993+0000] {manager.py:738} INFO - Searching for files in /opt/airflow/dags
[2026-02-03T15:06:38.995+0000] {manager.py:741} INFO - There are 2 files in /opt/airflow/dags
[2026-02-03T15:07:07.111+0000] {manager.py:879} INFO - 
================================================================================
DAG File Processing Stats

File Path                          PID    Runtime      # DAGs    # Errors  Last Runtime    Last Run
---------------------------------  -----  ---------  --------  ----------  --------------  -------------------
/opt/airflow/dags/etl_completa.py                           1           0  0.37s           2026-02-03T15:06:51
/opt/airflow/dags/aracaju.py                                1           0  0.34s           2026-02-03T15:06:37
================================================================================
[2026-02-03T15:07:37.542+0000] {manager.py:879} INFO - 
================================================================================
DAG File Processing Stats

File Path                          PID    Runtime      # DAGs    # Errors  Last Runtime    Last Run
---------------------------------  -----  ---------  --------  ----------  --------------  -------------------
/opt/airflow/dags/etl_completa.py                           1           0  0.37s           2026-02-03T15:07:21
/opt/airflow/dags/aracaju.py                                1           0  0.32s           2026-02-03T15:07:08
================================================================================
[2026-02-03T15:08:07.994+0000] {manager.py:879} INFO - 
================================================================================
DAG File Processing Stats

File Path                          PID    Runtime      # DAGs    # Errors  Last Runtime    Last Run
---------------------------------  -----  ---------  --------  ----------  --------------  -------------------
/opt/airflow/dags/etl_completa.py                           1           0  0.42s           2026-02-03T15:07:52
/opt/airflow/dags/aracaju.py                                1           0  0.34s           2026-02-03T15:07:38
================================================================================
[2026-02-03T15:08:38.444+0000] {manager.py:879} INFO - 
================================================================================
DAG File Processing Stats

File Path                          PID    Runtime      # DAGs    # Errors  Last Runtime    Last Run
---------------------------------  -----  ---------  --------  ----------  --------------  -------------------
/opt/airflow/dags/etl_completa.py                           1           0  0.37s           2026-02-03T15:08:22
/opt/airflow/dags/aracaju.py                                1           0  0.34s           2026-02-03T15:08:09
================================================================================
[2026-02-03T15:09:08.890+0000] {manager.py:879} INFO - 
================================================================================
DAG File Processing Stats

File Path                          PID    Runtime      # DAGs    # Errors  Last Runtime    Last Run
---------------------------------  -----  ---------  --------  ----------  --------------  -------------------
/opt/airflow/dags/etl_completa.py                           1           0  0.40s           2026-02-03T15:08:53
/opt/airflow/dags/aracaju.py                                1           0  0.33s           2026-02-03T15:08:39
================================================================================
[2026-02-03T15:09:39.281+0000] {manager.py:879} INFO - 
================================================================================
DAG File Processing Stats

File Path                          PID    Runtime      # DAGs    # Errors  Last Runtime    Last Run
---------------------------------  -----  ---------  --------  ----------  --------------  -------------------
/opt/airflow/dags/etl_completa.py                           1           0  0.35s           2026-02-03T15:09:23
/opt/airflow/dags/aracaju.py                                1           0  0.28s           2026-02-03T15:09:10
================================================================================
[2026-02-03T15:10:09.728+0000] {manager.py:879} INFO - 
================================================================================
DAG File Processing Stats

File Path                          PID    Runtime      # DAGs    # Errors  Last Runtime    Last Run
---------------------------------  -----  ---------  --------  ----------  --------------  -------------------
/opt/airflow/dags/etl_completa.py                           1           0  0.41s           2026-02-03T15:09:54
/opt/airflow/dags/aracaju.py                                1           0  0.33s           2026-02-03T15:09:40
================================================================================
[2026-02-03T15:10:40.083+0000] {manager.py:879} INFO - 
================================================================================
DAG File Processing Stats

File Path                          PID    Runtime      # DAGs    # Errors  Last Runtime    Last Run
---------------------------------  -----  ---------  --------  ----------  --------------  -------------------
/opt/airflow/dags/etl_completa.py                           1           0  0.32s           2026-02-03T15:10:25
/opt/airflow/dags/aracaju.py                                1           0  0.25s           2026-02-03T15:10:10
================================================================================
[2026-02-03T15:11:10.540+0000] {manager.py:879} INFO - 
================================================================================
DAG File Processing Stats

File Path                          PID    Runtime      # DAGs    # Errors  Last Runtime    Last Run
---------------------------------  -----  ---------  --------  ----------  --------------  -------------------
/opt/airflow/dags/etl_completa.py                           1           0  0.36s           2026-02-03T15:10:55
/opt/airflow/dags/aracaju.py                                1           0  0.34s           2026-02-03T15:10:41
================================================================================
[2026-02-03T15:11:39.032+0000] {manager.py:738} INFO - Searching for files in /opt/airflow/dags
[2026-02-03T15:11:39.034+0000] {manager.py:741} INFO - There are 2 files in /opt/airflow/dags
[2026-02-03T15:11:40.954+0000] {manager.py:879} INFO - 
================================================================================
DAG File Processing Stats

File Path                          PID    Runtime      # DAGs    # Errors  Last Runtime    Last Run
---------------------------------  -----  ---------  --------  ----------  --------------  -------------------
/opt/airflow/dags/etl_completa.py                           1           0  0.32s           2026-02-03T15:11:25
/opt/airflow/dags/aracaju.py                                1           0  0.31s           2026-02-03T15:11:11
================================================================================
[2026-02-03T15:12:11.341+0000] {manager.py:879} INFO - 
================================================================================
DAG File Processing Stats

File Path                          PID    Runtime      # DAGs    # Errors  Last Runtime    Last Run
---------------------------------  -----  ---------  --------  ----------  --------------  -------------------
/opt/airflow/dags/etl_completa.py                           1           0  0.42s           2026-02-03T15:11:56
/opt/airflow/dags/aracaju.py                                1           0  0.28s           2026-02-03T15:11:42
================================================================================
[2026-02-03T15:12:41.808+0000] {manager.py:879} INFO - 
================================================================================
DAG File Processing Stats

File Path                          PID    Runtime      # DAGs    # Errors  Last Runtime    Last Run
---------------------------------  -----  ---------  --------  ----------  --------------  -------------------
/opt/airflow/dags/etl_completa.py                           1           0  0.41s           2026-02-03T15:12:27
/opt/airflow/dags/aracaju.py                                1           0  0.36s           2026-02-03T15:12:12
================================================================================
[2026-02-03T15:13:12.249+0000] {manager.py:879} INFO - 
================================================================================
DAG File Processing Stats

File Path                          PID    Runtime      # DAGs    # Errors  Last Runtime    Last Run
---------------------------------  -----  ---------  --------  ----------  --------------  -------------------
/opt/airflow/dags/etl_completa.py                           1           0  0.41s           2026-02-03T15:12:57
/opt/airflow/dags/aracaju.py                                1           0  0.33s           2026-02-03T15:12:43
================================================================================
[2026-02-03T15:13:42.713+0000] {manager.py:879} INFO - 
================================================================================
DAG File Processing Stats

File Path                          PID    Runtime      # DAGs    # Errors  Last Runtime    Last Run
---------------------------------  -----  ---------  --------  ----------  --------------  -------------------
/opt/airflow/dags/etl_completa.py                           1           0  0.42s           2026-02-03T15:13:28
/opt/airflow/dags/aracaju.py                                1           0  0.34s           2026-02-03T15:13:13
================================================================================
[2026-02-03T15:14:13.169+0000] {manager.py:879} INFO - 
================================================================================
DAG File Processing Stats

File Path                          PID    Runtime      # DAGs    # Errors  Last Runtime    Last Run
---------------------------------  -----  ---------  --------  ----------  --------------  -------------------
/opt/airflow/dags/etl_completa.py                           1           0  0.38s           2026-02-03T15:13:58
/opt/airflow/dags/aracaju.py                                1           0  0.33s           2026-02-03T15:13:44
================================================================================
[2026-02-03T15:14:43.621+0000] {manager.py:879} INFO - 
================================================================================
DAG File Processing Stats

File Path                          PID    Runtime      # DAGs    # Errors  Last Runtime    Last Run
---------------------------------  -----  ---------  --------  ----------  --------------  -------------------
/opt/airflow/dags/etl_completa.py                           1           0  0.42s           2026-02-03T15:14:28
/opt/airflow/dags/aracaju.py                                1           0  0.34s           2026-02-03T15:14:14
================================================================================
[2026-02-03T15:15:14.048+0000] {manager.py:879} INFO - 
================================================================================
DAG File Processing Stats

File Path                          PID    Runtime      # DAGs    # Errors  Last Runtime    Last Run
---------------------------------  -----  ---------  --------  ----------  --------------  -------------------
/opt/airflow/dags/etl_completa.py                           1           0  0.42s           2026-02-03T15:14:59
/opt/airflow/dags/aracaju.py                                1           0  0.32s           2026-02-03T15:14:44
================================================================================
[2026-02-03T15:15:44.513+0000] {manager.py:879} INFO - 
================================================================================
DAG File Processing Stats

File Path                          PID    Runtime      # DAGs    # Errors  Last Runtime    Last Run
---------------------------------  -----  ---------  --------  ----------  --------------  -------------------
/opt/airflow/dags/etl_completa.py                           1           0  0.41s           2026-02-03T15:15:29
/opt/airflow/dags/aracaju.py                                1           0  0.34s           2026-02-03T15:15:15
================================================================================
[2026-02-03T15:16:14.855+0000] {manager.py:879} INFO - 
================================================================================
DAG File Processing Stats

File Path                          PID    Runtime      # DAGs    # Errors  Last Runtime    Last Run
---------------------------------  -----  ---------  --------  ----------  --------------  -------------------
/opt/airflow/dags/etl_completa.py                           1           0  0.32s           2026-02-03T15:16:00
/opt/airflow/dags/aracaju.py                                1           0  0.24s           2026-02-03T15:15:45
================================================================================
[2026-02-03T15:16:39.179+0000] {manager.py:738} INFO - Searching for files in /opt/airflow/dags
[2026-02-03T15:16:39.181+0000] {manager.py:741} INFO - There are 2 files in /opt/airflow/dags
[2026-02-03T15:16:45.205+0000] {manager.py:879} INFO - 
================================================================================
DAG File Processing Stats

File Path                          PID    Runtime      # DAGs    # Errors  Last Runtime    Last Run
---------------------------------  -----  ---------  --------  ----------  --------------  -------------------
/opt/airflow/dags/etl_completa.py                           1           0  0.42s           2026-02-03T15:16:31
/opt/airflow/dags/aracaju.py                                1           0  0.24s           2026-02-03T15:16:16
================================================================================
[2026-02-03T15:17:15.582+0000] {manager.py:879} INFO - 
================================================================================
DAG File Processing Stats

File Path                          PID    Runtime      # DAGs    # Errors  Last Runtime    Last Run
---------------------------------  -----  ---------  --------  ----------  --------------  -------------------
/opt/airflow/dags/etl_completa.py                           1           0  0.36s           2026-02-03T15:17:01
/opt/airflow/dags/aracaju.py                                1           0  0.25s           2026-02-03T15:16:46
================================================================================
[2026-02-03T15:17:46.056+0000] {manager.py:879} INFO - 
================================================================================
DAG File Processing Stats

File Path                          PID    Runtime      # DAGs    # Errors  Last Runtime    Last Run
---------------------------------  -----  ---------  --------  ----------  --------------  -------------------
/opt/airflow/dags/etl_completa.py                           1           0  0.37s           2026-02-03T15:17:32
/opt/airflow/dags/aracaju.py                                1           0  0.34s           2026-02-03T15:17:16
================================================================================
[2026-02-03T15:18:16.508+0000] {manager.py:879} INFO - 
================================================================================
DAG File Processing Stats

File Path                          PID    Runtime      # DAGs    # Errors  Last Runtime    Last Run
---------------------------------  -----  ---------  --------  ----------  --------------  -------------------
/opt/airflow/dags/aracaju.py                                1           0  0.34s           2026-02-03T15:17:47
/opt/airflow/dags/etl_completa.py                           1           0  0.31s           2026-02-03T15:18:02
================================================================================
[2026-02-03T15:18:46.878+0000] {manager.py:879} INFO - 
================================================================================
DAG File Processing Stats

File Path                          PID    Runtime      # DAGs    # Errors  Last Runtime    Last Run
---------------------------------  -----  ---------  --------  ----------  --------------  -------------------
/opt/airflow/dags/etl_completa.py                           1           0  0.41s           2026-02-03T15:18:33
/opt/airflow/dags/aracaju.py                                1           0  0.25s           2026-02-03T15:18:17
================================================================================
[2026-02-03T15:19:17.325+0000] {manager.py:879} INFO - 
================================================================================
DAG File Processing Stats

File Path                          PID    Runtime      # DAGs    # Errors  Last Runtime    Last Run
---------------------------------  -----  ---------  --------  ----------  --------------  -------------------
/opt/airflow/dags/aracaju.py                                1           0  0.33s           2026-02-03T15:18:48
/opt/airflow/dags/etl_completa.py                           1           0  0.30s           2026-02-03T15:19:03
================================================================================
[2026-02-03T15:19:47.765+0000] {manager.py:879} INFO - 
================================================================================
DAG File Processing Stats

File Path                          PID    Runtime      # DAGs    # Errors  Last Runtime    Last Run
---------------------------------  -----  ---------  --------  ----------  --------------  -------------------
/opt/airflow/dags/aracaju.py                                1           0  0.33s           2026-02-03T15:19:18
/opt/airflow/dags/etl_completa.py                           1           0  0.30s           2026-02-03T15:19:33
================================================================================
[2026-02-03T15:20:18.213+0000] {manager.py:879} INFO - 
================================================================================
DAG File Processing Stats

File Path                          PID    Runtime      # DAGs    # Errors  Last Runtime    Last Run
---------------------------------  -----  ---------  --------  ----------  --------------  -------------------
/opt/airflow/dags/aracaju.py                                1           0  0.34s           2026-02-03T15:19:49
/opt/airflow/dags/etl_completa.py                           1           0  0.32s           2026-02-03T15:20:04
================================================================================
[2026-02-03T15:20:48.661+0000] {manager.py:879} INFO - 
================================================================================
DAG File Processing Stats

File Path                          PID    Runtime      # DAGs    # Errors  Last Runtime    Last Run
---------------------------------  -----  ---------  --------  ----------  --------------  -------------------
/opt/airflow/dags/aracaju.py                                1           0  0.34s           2026-02-03T15:20:19
/opt/airflow/dags/etl_completa.py                           1           0  0.30s           2026-02-03T15:20:34
================================================================================
[2026-02-03T15:21:19.062+0000] {manager.py:879} INFO - 
================================================================================
DAG File Processing Stats

File Path                          PID    Runtime      # DAGs    # Errors  Last Runtime    Last Run
---------------------------------  -----  ---------  --------  ----------  --------------  -------------------
/opt/airflow/dags/etl_completa.py                           1           0  0.43s           2026-02-03T15:21:05
/opt/airflow/dags/aracaju.py                                1           0  0.29s           2026-02-03T15:20:49
================================================================================
[2026-02-03T15:21:39.487+0000] {manager.py:738} INFO - Searching for files in /opt/airflow/dags
[2026-02-03T15:21:39.490+0000] {manager.py:741} INFO - There are 2 files in /opt/airflow/dags
[2026-02-03T15:21:49.536+0000] {manager.py:879} INFO - 
================================================================================
DAG File Processing Stats

File Path                          PID    Runtime      # DAGs    # Errors  Last Runtime    Last Run
---------------------------------  -----  ---------  --------  ----------  --------------  -------------------
/opt/airflow/dags/etl_completa.py                           1           0  0.42s           2026-02-03T15:21:35
/opt/airflow/dags/aracaju.py                                1           0  0.34s           2026-02-03T15:21:20
================================================================================
[2026-02-03T15:22:19.988+0000] {manager.py:879} INFO - 
================================================================================
DAG File Processing Stats

File Path                          PID    Runtime      # DAGs    # Errors  Last Runtime    Last Run
---------------------------------  -----  ---------  --------  ----------  --------------  -------------------
/opt/airflow/dags/aracaju.py                                1           0  0.34s           2026-02-03T15:21:50
/opt/airflow/dags/etl_completa.py                           1           0  0.30s           2026-02-03T15:22:06
================================================================================
[2026-02-03T15:22:50.317+0000] {manager.py:879} INFO - 
================================================================================
DAG File Processing Stats

File Path                          PID    Runtime      # DAGs    # Errors  Last Runtime    Last Run
---------------------------------  -----  ---------  --------  ----------  --------------  -------------------
/opt/airflow/dags/etl_completa.py                           1           0  0.30s           2026-02-03T15:22:36
/opt/airflow/dags/aracaju.py                                1           0  0.23s           2026-02-03T15:22:21
================================================================================
[2026-02-03T15:23:20.674+0000] {manager.py:879} INFO - 
================================================================================
DAG File Processing Stats

File Path                          PID    Runtime      # DAGs    # Errors  Last Runtime    Last Run
---------------------------------  -----  ---------  --------  ----------  --------------  -------------------
/opt/airflow/dags/etl_completa.py                           1           0  0.37s           2026-02-03T15:23:06
/opt/airflow/dags/aracaju.py                                1           0  0.24s           2026-02-03T15:22:51
================================================================================
[2026-02-03T15:23:51.139+0000] {manager.py:879} INFO - 
================================================================================
DAG File Processing Stats

File Path                          PID    Runtime      # DAGs    # Errors  Last Runtime    Last Run
---------------------------------  -----  ---------  --------  ----------  --------------  -------------------
/opt/airflow/dags/aracaju.py                                1           0  0.35s           2026-02-03T15:23:22
/opt/airflow/dags/etl_completa.py                           1           0  0.30s           2026-02-03T15:23:37
================================================================================
[2026-02-03T15:24:21.589+0000] {manager.py:879} INFO - 
================================================================================
DAG File Processing Stats

File Path                          PID    Runtime      # DAGs    # Errors  Last Runtime    Last Run
---------------------------------  -----  ---------  --------  ----------  --------------  -------------------
/opt/airflow/dags/etl_completa.py                           1           0  0.40s           2026-02-03T15:24:07
/opt/airflow/dags/aracaju.py                                1           0  0.34s           2026-02-03T15:23:52
================================================================================
[2026-02-03T15:24:40.250+0000] {manager.py:451} INFO - Exiting gracefully upon receiving signal 15
[2026-02-03T15:26:23.328+0000] {manager.py:469} INFO - Processing files using up to 2 processes at a time 
[2026-02-03T15:26:23.328+0000] {manager.py:470} INFO - Process each file at most once every 30 seconds
[2026-02-03T15:26:23.328+0000] {manager.py:471} INFO - Checking for new files in /opt/airflow/dags every 300 seconds
[2026-02-03T15:26:23.329+0000] {manager.py:738} INFO - Searching for files in /opt/airflow/dags
[2026-02-03T15:26:23.330+0000] {manager.py:741} INFO - There are 2 files in /opt/airflow/dags
[2026-02-03T15:26:23.436+0000] {manager.py:879} INFO - 
================================================================================
DAG File Processing Stats

File Path                            PID  Runtime      # DAGs    # Errors  Last Runtime    Last Run
---------------------------------  -----  ---------  --------  ----------  --------------  ----------
/opt/airflow/dags/aracaju.py         175  0.03s             0           0
/opt/airflow/dags/etl_completa.py    172  0.04s             0           0
================================================================================
[2026-02-03T15:27:50.711+0000] {manager.py:469} INFO - Processing files using up to 2 processes at a time 
[2026-02-03T15:27:50.712+0000] {manager.py:470} INFO - Process each file at most once every 30 seconds
[2026-02-03T15:27:50.712+0000] {manager.py:471} INFO - Checking for new files in /opt/airflow/dags every 300 seconds
[2026-02-03T15:27:50.712+0000] {manager.py:738} INFO - Searching for files in /opt/airflow/dags
[2026-02-03T15:27:50.714+0000] {manager.py:741} INFO - There are 2 files in /opt/airflow/dags
[2026-02-03T15:27:50.829+0000] {manager.py:879} INFO - 
================================================================================
DAG File Processing Stats

File Path                            PID  Runtime      # DAGs    # Errors  Last Runtime    Last Run
---------------------------------  -----  ---------  --------  ----------  --------------  ----------
/opt/airflow/dags/aracaju.py         175  0.03s             0           0
/opt/airflow/dags/etl_completa.py    172  0.04s             0           0
================================================================================
[2026-02-03T15:28:20.931+0000] {manager.py:879} INFO - 
================================================================================
DAG File Processing Stats

File Path                          PID    Runtime      # DAGs    # Errors  Last Runtime    Last Run
---------------------------------  -----  ---------  --------  ----------  --------------  -------------------
/opt/airflow/dags/etl_completa.py                           1           0  1.09s           2026-02-03T15:27:51
/opt/airflow/dags/aracaju.py                                1           0  1.04s           2026-02-03T15:27:51
================================================================================
[2026-02-03T15:28:51.065+0000] {manager.py:879} INFO - 
================================================================================
DAG File Processing Stats

File Path                          PID    Runtime      # DAGs    # Errors  Last Runtime    Last Run
---------------------------------  -----  ---------  --------  ----------  --------------  -------------------
/opt/airflow/dags/etl_completa.py                           1           0  0.64s           2026-02-03T15:28:22
/opt/airflow/dags/aracaju.py                                1           0  0.63s           2026-02-03T15:28:22
================================================================================
[2026-02-03T15:29:21.199+0000] {manager.py:879} INFO - 
================================================================================
DAG File Processing Stats

File Path                          PID    Runtime      # DAGs    # Errors  Last Runtime    Last Run
---------------------------------  -----  ---------  --------  ----------  --------------  -------------------
/opt/airflow/dags/etl_completa.py                           1           0  0.49s           2026-02-03T15:28:53
/opt/airflow/dags/aracaju.py                                1           0  0.40s           2026-02-03T15:28:53
================================================================================
[2026-02-03T15:29:51.676+0000] {manager.py:879} INFO - 
================================================================================
DAG File Processing Stats

File Path                          PID    Runtime      # DAGs    # Errors  Last Runtime    Last Run
---------------------------------  -----  ---------  --------  ----------  --------------  -------------------
/opt/airflow/dags/etl_completa.py                           1           0  0.43s           2026-02-03T15:29:23
/opt/airflow/dags/aracaju.py                                1           0  0.36s           2026-02-03T15:29:23
================================================================================
[2026-02-03T15:30:22.138+0000] {manager.py:879} INFO - 
================================================================================
DAG File Processing Stats

File Path                          PID    Runtime      # DAGs    # Errors  Last Runtime    Last Run
---------------------------------  -----  ---------  --------  ----------  --------------  -------------------
/opt/airflow/dags/etl_completa.py                           1           0  0.40s           2026-02-03T15:29:54
/opt/airflow/dags/aracaju.py                                1           0  0.33s           2026-02-03T15:29:54
================================================================================
[2026-02-03T15:30:52.694+0000] {manager.py:879} INFO - 
================================================================================
DAG File Processing Stats

File Path                          PID    Runtime      # DAGs    # Errors  Last Runtime    Last Run
---------------------------------  -----  ---------  --------  ----------  --------------  -------------------
/opt/airflow/dags/etl_completa.py                           1           0  0.48s           2026-02-03T15:30:24
/opt/airflow/dags/aracaju.py                                1           0  0.42s           2026-02-03T15:30:24
================================================================================
[2026-02-03T15:31:23.098+0000] {manager.py:879} INFO - 
================================================================================
DAG File Processing Stats

File Path                          PID    Runtime      # DAGs    # Errors  Last Runtime    Last Run
---------------------------------  -----  ---------  --------  ----------  --------------  -------------------
/opt/airflow/dags/etl_completa.py                           1           0  0.33s           2026-02-03T15:30:55
/opt/airflow/dags/aracaju.py                                1           0  0.27s           2026-02-03T15:30:54
================================================================================
[2026-02-03T15:31:40.576+0000] {manager.py:451} INFO - Exiting gracefully upon receiving signal 15
[2026-02-03T15:31:58.256+0000] {manager.py:469} INFO - Processing files using up to 2 processes at a time 
[2026-02-03T15:31:58.257+0000] {manager.py:470} INFO - Process each file at most once every 30 seconds
[2026-02-03T15:31:58.257+0000] {manager.py:471} INFO - Checking for new files in /opt/airflow/dags every 300 seconds
[2026-02-03T15:31:58.257+0000] {manager.py:738} INFO - Searching for files in /opt/airflow/dags
[2026-02-03T15:31:58.260+0000] {manager.py:741} INFO - There are 2 files in /opt/airflow/dags
[2026-02-03T15:31:58.386+0000] {manager.py:879} INFO - 
================================================================================
DAG File Processing Stats

File Path                            PID  Runtime      # DAGs    # Errors  Last Runtime    Last Run
---------------------------------  -----  ---------  --------  ----------  --------------  ----------
/opt/airflow/dags/aracaju.py         175  0.04s             0           0
/opt/airflow/dags/etl_completa.py    172  0.05s             0           0
================================================================================
[2026-02-03T15:32:28.520+0000] {manager.py:879} INFO - 
================================================================================
DAG File Processing Stats

File Path                          PID    Runtime      # DAGs    # Errors  Last Runtime    Last Run
---------------------------------  -----  ---------  --------  ----------  --------------  -------------------
/opt/airflow/dags/etl_completa.py                           1           0  1.12s           2026-02-03T15:31:59
/opt/airflow/dags/aracaju.py                                1           0  1.07s           2026-02-03T15:31:59
================================================================================
[2026-02-03T15:32:58.654+0000] {manager.py:879} INFO - 
================================================================================
DAG File Processing Stats

File Path                          PID    Runtime      # DAGs    # Errors  Last Runtime    Last Run
---------------------------------  -----  ---------  --------  ----------  --------------  -------------------
/opt/airflow/dags/etl_completa.py                           1           0  0.52s           2026-02-03T15:32:30
/opt/airflow/dags/aracaju.py                                1           0  0.51s           2026-02-03T15:32:30
================================================================================
[2026-02-03T15:33:28.691+0000] {manager.py:879} INFO - 
================================================================================
DAG File Processing Stats

File Path                          PID    Runtime      # DAGs    # Errors  Last Runtime    Last Run
---------------------------------  -----  ---------  --------  ----------  --------------  -------------------
/opt/airflow/dags/etl_completa.py                           1           0  0.47s           2026-02-03T15:33:00
/opt/airflow/dags/aracaju.py                                1           0  0.42s           2026-02-03T15:33:00
================================================================================
[2026-02-03T15:33:46.670+0000] {manager.py:451} INFO - Exiting gracefully upon receiving signal 15
