[2025-12-20T00:47:40.038+0000] {processor.py:157} INFO - Started process (PID=175) to work on /opt/airflow/dags/aracaju.py
[2025-12-20T00:47:40.039+0000] {processor.py:829} INFO - Processing file /opt/airflow/dags/aracaju.py for tasks to queue
[2025-12-20T00:47:40.039+0000] {logging_mixin.py:151} INFO - [2025-12-20T00:47:40.039+0000] {dagbag.py:539} INFO - Filling up the DagBag from /opt/airflow/dags/aracaju.py
[2025-12-20T00:47:40.936+0000] {processor.py:841} WARNING - No viable dags retrieved from /opt/airflow/dags/aracaju.py
[2025-12-20T00:47:40.945+0000] {processor.py:179} INFO - Processing /opt/airflow/dags/aracaju.py took 0.910 seconds
[2025-12-20T00:47:56.029+0000] {processor.py:157} INFO - Started process (PID=181) to work on /opt/airflow/dags/aracaju.py
[2025-12-20T00:47:56.030+0000] {processor.py:829} INFO - Processing file /opt/airflow/dags/aracaju.py for tasks to queue
[2025-12-20T00:47:56.031+0000] {logging_mixin.py:151} INFO - [2025-12-20T00:47:56.030+0000] {dagbag.py:539} INFO - Filling up the DagBag from /opt/airflow/dags/aracaju.py
[2025-12-20T00:47:56.256+0000] {processor.py:841} WARNING - No viable dags retrieved from /opt/airflow/dags/aracaju.py
[2025-12-20T00:47:56.266+0000] {processor.py:179} INFO - Processing /opt/airflow/dags/aracaju.py took 0.239 seconds
[2025-12-20T00:48:07.150+0000] {processor.py:157} INFO - Started process (PID=187) to work on /opt/airflow/dags/aracaju.py
[2025-12-20T00:48:07.151+0000] {processor.py:829} INFO - Processing file /opt/airflow/dags/aracaju.py for tasks to queue
[2025-12-20T00:48:07.152+0000] {logging_mixin.py:151} INFO - [2025-12-20T00:48:07.152+0000] {dagbag.py:539} INFO - Filling up the DagBag from /opt/airflow/dags/aracaju.py
[2025-12-20T00:48:07.431+0000] {processor.py:841} WARNING - No viable dags retrieved from /opt/airflow/dags/aracaju.py
[2025-12-20T00:48:07.445+0000] {processor.py:179} INFO - Processing /opt/airflow/dags/aracaju.py took 0.297 seconds
[2025-12-20T00:48:11.487+0000] {processor.py:157} INFO - Started process (PID=193) to work on /opt/airflow/dags/aracaju.py
[2025-12-20T00:48:11.488+0000] {processor.py:829} INFO - Processing file /opt/airflow/dags/aracaju.py for tasks to queue
[2025-12-20T00:48:11.489+0000] {logging_mixin.py:151} INFO - [2025-12-20T00:48:11.488+0000] {dagbag.py:539} INFO - Filling up the DagBag from /opt/airflow/dags/aracaju.py
[2025-12-20T00:48:11.769+0000] {processor.py:841} WARNING - No viable dags retrieved from /opt/airflow/dags/aracaju.py
[2025-12-20T00:48:11.783+0000] {processor.py:179} INFO - Processing /opt/airflow/dags/aracaju.py took 0.299 seconds
[2025-12-20T00:48:17.517+0000] {processor.py:157} INFO - Started process (PID=199) to work on /opt/airflow/dags/aracaju.py
[2025-12-20T00:48:17.518+0000] {processor.py:829} INFO - Processing file /opt/airflow/dags/aracaju.py for tasks to queue
[2025-12-20T00:48:17.518+0000] {logging_mixin.py:151} INFO - [2025-12-20T00:48:17.518+0000] {dagbag.py:539} INFO - Filling up the DagBag from /opt/airflow/dags/aracaju.py
[2025-12-20T00:48:17.802+0000] {processor.py:841} WARNING - No viable dags retrieved from /opt/airflow/dags/aracaju.py
[2025-12-20T00:48:17.815+0000] {processor.py:179} INFO - Processing /opt/airflow/dags/aracaju.py took 0.301 seconds
[2025-12-20T00:48:19.842+0000] {processor.py:157} INFO - Started process (PID=205) to work on /opt/airflow/dags/aracaju.py
[2025-12-20T00:48:19.842+0000] {processor.py:829} INFO - Processing file /opt/airflow/dags/aracaju.py for tasks to queue
[2025-12-20T00:48:19.843+0000] {logging_mixin.py:151} INFO - [2025-12-20T00:48:19.843+0000] {dagbag.py:539} INFO - Filling up the DagBag from /opt/airflow/dags/aracaju.py
[2025-12-20T00:48:20.056+0000] {processor.py:841} WARNING - No viable dags retrieved from /opt/airflow/dags/aracaju.py
[2025-12-20T00:48:20.066+0000] {processor.py:179} INFO - Processing /opt/airflow/dags/aracaju.py took 0.226 seconds
[2025-12-20T00:48:27.884+0000] {processor.py:157} INFO - Started process (PID=211) to work on /opt/airflow/dags/aracaju.py
[2025-12-20T00:48:27.884+0000] {processor.py:829} INFO - Processing file /opt/airflow/dags/aracaju.py for tasks to queue
[2025-12-20T00:48:27.885+0000] {logging_mixin.py:151} INFO - [2025-12-20T00:48:27.885+0000] {dagbag.py:539} INFO - Filling up the DagBag from /opt/airflow/dags/aracaju.py
[2025-12-20T00:48:28.181+0000] {processor.py:841} WARNING - No viable dags retrieved from /opt/airflow/dags/aracaju.py
[2025-12-20T00:48:28.193+0000] {processor.py:179} INFO - Processing /opt/airflow/dags/aracaju.py took 0.312 seconds
[2025-12-20T00:48:34.148+0000] {processor.py:157} INFO - Started process (PID=217) to work on /opt/airflow/dags/aracaju.py
[2025-12-20T00:48:34.148+0000] {processor.py:829} INFO - Processing file /opt/airflow/dags/aracaju.py for tasks to queue
[2025-12-20T00:48:34.149+0000] {logging_mixin.py:151} INFO - [2025-12-20T00:48:34.149+0000] {dagbag.py:539} INFO - Filling up the DagBag from /opt/airflow/dags/aracaju.py
[2025-12-20T00:48:34.439+0000] {processor.py:841} WARNING - No viable dags retrieved from /opt/airflow/dags/aracaju.py
[2025-12-20T00:48:34.452+0000] {processor.py:179} INFO - Processing /opt/airflow/dags/aracaju.py took 0.307 seconds
[2025-12-20T00:48:37.259+0000] {processor.py:157} INFO - Started process (PID=223) to work on /opt/airflow/dags/aracaju.py
[2025-12-20T00:48:37.260+0000] {processor.py:829} INFO - Processing file /opt/airflow/dags/aracaju.py for tasks to queue
[2025-12-20T00:48:37.261+0000] {logging_mixin.py:151} INFO - [2025-12-20T00:48:37.260+0000] {dagbag.py:539} INFO - Filling up the DagBag from /opt/airflow/dags/aracaju.py
[2025-12-20T00:48:37.522+0000] {processor.py:841} WARNING - No viable dags retrieved from /opt/airflow/dags/aracaju.py
[2025-12-20T00:48:37.532+0000] {processor.py:179} INFO - Processing /opt/airflow/dags/aracaju.py took 0.276 seconds
[2025-12-20T00:48:50.558+0000] {processor.py:157} INFO - Started process (PID=229) to work on /opt/airflow/dags/aracaju.py
[2025-12-20T00:48:50.559+0000] {processor.py:829} INFO - Processing file /opt/airflow/dags/aracaju.py for tasks to queue
[2025-12-20T00:48:50.559+0000] {logging_mixin.py:151} INFO - [2025-12-20T00:48:50.559+0000] {dagbag.py:539} INFO - Filling up the DagBag from /opt/airflow/dags/aracaju.py
[2025-12-20T00:48:50.834+0000] {processor.py:841} WARNING - No viable dags retrieved from /opt/airflow/dags/aracaju.py
[2025-12-20T00:48:50.843+0000] {processor.py:179} INFO - Processing /opt/airflow/dags/aracaju.py took 0.289 seconds
[2025-12-20T00:49:03.655+0000] {processor.py:157} INFO - Started process (PID=235) to work on /opt/airflow/dags/aracaju.py
[2025-12-20T00:49:03.656+0000] {processor.py:829} INFO - Processing file /opt/airflow/dags/aracaju.py for tasks to queue
[2025-12-20T00:49:03.657+0000] {logging_mixin.py:151} INFO - [2025-12-20T00:49:03.656+0000] {dagbag.py:539} INFO - Filling up the DagBag from /opt/airflow/dags/aracaju.py
[2025-12-20T00:49:03.966+0000] {processor.py:841} WARNING - No viable dags retrieved from /opt/airflow/dags/aracaju.py
[2025-12-20T00:49:03.978+0000] {processor.py:179} INFO - Processing /opt/airflow/dags/aracaju.py took 0.326 seconds
[2025-12-20T00:49:04.921+0000] {processor.py:157} INFO - Started process (PID=241) to work on /opt/airflow/dags/aracaju.py
[2025-12-20T00:49:04.921+0000] {processor.py:829} INFO - Processing file /opt/airflow/dags/aracaju.py for tasks to queue
[2025-12-20T00:49:04.922+0000] {logging_mixin.py:151} INFO - [2025-12-20T00:49:04.922+0000] {dagbag.py:539} INFO - Filling up the DagBag from /opt/airflow/dags/aracaju.py
[2025-12-20T00:49:05.205+0000] {processor.py:841} WARNING - No viable dags retrieved from /opt/airflow/dags/aracaju.py
[2025-12-20T00:49:05.218+0000] {processor.py:179} INFO - Processing /opt/airflow/dags/aracaju.py took 0.301 seconds
[2025-12-20T00:49:12.043+0000] {processor.py:157} INFO - Started process (PID=247) to work on /opt/airflow/dags/aracaju.py
[2025-12-20T00:49:12.044+0000] {processor.py:829} INFO - Processing file /opt/airflow/dags/aracaju.py for tasks to queue
[2025-12-20T00:49:12.044+0000] {logging_mixin.py:151} INFO - [2025-12-20T00:49:12.044+0000] {dagbag.py:539} INFO - Filling up the DagBag from /opt/airflow/dags/aracaju.py
[2025-12-20T00:49:12.324+0000] {processor.py:841} WARNING - No viable dags retrieved from /opt/airflow/dags/aracaju.py
[2025-12-20T00:49:12.337+0000] {processor.py:179} INFO - Processing /opt/airflow/dags/aracaju.py took 0.298 seconds
[2025-12-20T00:49:35.366+0000] {processor.py:157} INFO - Started process (PID=253) to work on /opt/airflow/dags/aracaju.py
[2025-12-20T00:49:35.367+0000] {processor.py:829} INFO - Processing file /opt/airflow/dags/aracaju.py for tasks to queue
[2025-12-20T00:49:35.368+0000] {logging_mixin.py:151} INFO - [2025-12-20T00:49:35.368+0000] {dagbag.py:539} INFO - Filling up the DagBag from /opt/airflow/dags/aracaju.py
[2025-12-20T00:49:35.664+0000] {processor.py:841} WARNING - No viable dags retrieved from /opt/airflow/dags/aracaju.py
[2025-12-20T00:49:35.677+0000] {processor.py:179} INFO - Processing /opt/airflow/dags/aracaju.py took 0.315 seconds
[2025-12-20T00:49:36.452+0000] {processor.py:157} INFO - Started process (PID=259) to work on /opt/airflow/dags/aracaju.py
[2025-12-20T00:49:36.453+0000] {processor.py:829} INFO - Processing file /opt/airflow/dags/aracaju.py for tasks to queue
[2025-12-20T00:49:36.454+0000] {logging_mixin.py:151} INFO - [2025-12-20T00:49:36.453+0000] {dagbag.py:539} INFO - Filling up the DagBag from /opt/airflow/dags/aracaju.py
[2025-12-20T00:49:36.744+0000] {processor.py:841} WARNING - No viable dags retrieved from /opt/airflow/dags/aracaju.py
[2025-12-20T00:49:36.757+0000] {processor.py:179} INFO - Processing /opt/airflow/dags/aracaju.py took 0.308 seconds
[2025-12-20T00:49:48.758+0000] {processor.py:157} INFO - Started process (PID=265) to work on /opt/airflow/dags/aracaju.py
[2025-12-20T00:49:48.759+0000] {processor.py:829} INFO - Processing file /opt/airflow/dags/aracaju.py for tasks to queue
[2025-12-20T00:49:48.760+0000] {logging_mixin.py:151} INFO - [2025-12-20T00:49:48.760+0000] {dagbag.py:539} INFO - Filling up the DagBag from /opt/airflow/dags/aracaju.py
[2025-12-20T00:49:49.015+0000] {processor.py:841} WARNING - No viable dags retrieved from /opt/airflow/dags/aracaju.py
[2025-12-20T00:49:49.025+0000] {processor.py:179} INFO - Processing /opt/airflow/dags/aracaju.py took 0.270 seconds
[2025-12-20T00:49:54.853+0000] {processor.py:157} INFO - Started process (PID=271) to work on /opt/airflow/dags/aracaju.py
[2025-12-20T00:49:54.854+0000] {processor.py:829} INFO - Processing file /opt/airflow/dags/aracaju.py for tasks to queue
[2025-12-20T00:49:54.854+0000] {logging_mixin.py:151} INFO - [2025-12-20T00:49:54.854+0000] {dagbag.py:539} INFO - Filling up the DagBag from /opt/airflow/dags/aracaju.py
[2025-12-20T00:49:55.135+0000] {processor.py:841} WARNING - No viable dags retrieved from /opt/airflow/dags/aracaju.py
[2025-12-20T00:49:55.147+0000] {processor.py:179} INFO - Processing /opt/airflow/dags/aracaju.py took 0.297 seconds
[2025-12-20T00:49:59.090+0000] {processor.py:157} INFO - Started process (PID=277) to work on /opt/airflow/dags/aracaju.py
[2025-12-20T00:49:59.090+0000] {processor.py:829} INFO - Processing file /opt/airflow/dags/aracaju.py for tasks to queue
[2025-12-20T00:49:59.091+0000] {logging_mixin.py:151} INFO - [2025-12-20T00:49:59.091+0000] {dagbag.py:539} INFO - Filling up the DagBag from /opt/airflow/dags/aracaju.py
[2025-12-20T00:49:59.375+0000] {processor.py:841} WARNING - No viable dags retrieved from /opt/airflow/dags/aracaju.py
[2025-12-20T00:49:59.387+0000] {processor.py:179} INFO - Processing /opt/airflow/dags/aracaju.py took 0.300 seconds
[2025-12-20T00:50:04.212+0000] {processor.py:157} INFO - Started process (PID=283) to work on /opt/airflow/dags/aracaju.py
[2025-12-20T00:50:04.213+0000] {processor.py:829} INFO - Processing file /opt/airflow/dags/aracaju.py for tasks to queue
[2025-12-20T00:50:04.213+0000] {logging_mixin.py:151} INFO - [2025-12-20T00:50:04.213+0000] {dagbag.py:539} INFO - Filling up the DagBag from /opt/airflow/dags/aracaju.py
[2025-12-20T00:50:04.500+0000] {processor.py:841} WARNING - No viable dags retrieved from /opt/airflow/dags/aracaju.py
[2025-12-20T00:50:04.514+0000] {processor.py:179} INFO - Processing /opt/airflow/dags/aracaju.py took 0.305 seconds
[2025-12-20T00:50:05.444+0000] {processor.py:157} INFO - Started process (PID=289) to work on /opt/airflow/dags/aracaju.py
[2025-12-20T00:50:05.445+0000] {processor.py:829} INFO - Processing file /opt/airflow/dags/aracaju.py for tasks to queue
[2025-12-20T00:50:05.446+0000] {logging_mixin.py:151} INFO - [2025-12-20T00:50:05.446+0000] {dagbag.py:539} INFO - Filling up the DagBag from /opt/airflow/dags/aracaju.py
[2025-12-20T00:50:05.690+0000] {processor.py:841} WARNING - No viable dags retrieved from /opt/airflow/dags/aracaju.py
[2025-12-20T00:50:05.701+0000] {processor.py:179} INFO - Processing /opt/airflow/dags/aracaju.py took 0.260 seconds
[2025-12-20T00:50:10.571+0000] {processor.py:157} INFO - Started process (PID=295) to work on /opt/airflow/dags/aracaju.py
[2025-12-20T00:50:10.572+0000] {processor.py:829} INFO - Processing file /opt/airflow/dags/aracaju.py for tasks to queue
[2025-12-20T00:50:10.572+0000] {logging_mixin.py:151} INFO - [2025-12-20T00:50:10.572+0000] {dagbag.py:539} INFO - Filling up the DagBag from /opt/airflow/dags/aracaju.py
[2025-12-20T00:50:10.852+0000] {logging_mixin.py:151} INFO - [2025-12-20T00:50:10.850+0000] {dagbag.py:347} ERROR - Failed to import: /opt/airflow/dags/aracaju.py
Traceback (most recent call last):
  File "/home/airflow/.local/lib/python3.8/site-packages/airflow/models/dagbag.py", line 343, in parse
    loader.exec_module(new_module)
  File "<frozen importlib._bootstrap_external>", line 843, in exec_module
  File "<frozen importlib._bootstrap>", line 219, in _call_with_frames_removed
  File "/opt/airflow/dags/aracaju.py", line 31, in <module>
    python_callable=etl_csv_para_postgres
NameError: name 'etl_csv_para_postgres' is not defined
[2025-12-20T00:50:10.852+0000] {processor.py:841} WARNING - No viable dags retrieved from /opt/airflow/dags/aracaju.py
[2025-12-20T00:50:10.873+0000] {processor.py:179} INFO - Processing /opt/airflow/dags/aracaju.py took 0.305 seconds
[2025-12-20T00:50:17.782+0000] {processor.py:157} INFO - Started process (PID=301) to work on /opt/airflow/dags/aracaju.py
[2025-12-20T00:50:17.784+0000] {processor.py:829} INFO - Processing file /opt/airflow/dags/aracaju.py for tasks to queue
[2025-12-20T00:50:17.784+0000] {logging_mixin.py:151} INFO - [2025-12-20T00:50:17.784+0000] {dagbag.py:539} INFO - Filling up the DagBag from /opt/airflow/dags/aracaju.py
[2025-12-20T00:50:18.101+0000] {processor.py:839} INFO - DAG(s) dict_keys(['processar_enderecos_aracaju']) retrieved from /opt/airflow/dags/aracaju.py
[2025-12-20T00:50:18.325+0000] {logging_mixin.py:151} INFO - [2025-12-20T00:50:18.324+0000] {manager.py:499} INFO - Created Permission View: %s
[2025-12-20T00:50:18.331+0000] {logging_mixin.py:151} INFO - [2025-12-20T00:50:18.331+0000] {manager.py:499} INFO - Created Permission View: %s
[2025-12-20T00:50:18.335+0000] {logging_mixin.py:151} INFO - [2025-12-20T00:50:18.335+0000] {manager.py:499} INFO - Created Permission View: %s
[2025-12-20T00:50:18.335+0000] {logging_mixin.py:151} INFO - [2025-12-20T00:50:18.335+0000] {security.py:708} INFO - Not syncing DAG-level permissions for DAG 'DAG:processar_enderecos_aracaju' as access control is unset.
[2025-12-20T00:50:18.336+0000] {logging_mixin.py:151} INFO - [2025-12-20T00:50:18.336+0000] {dag.py:2915} INFO - Sync 1 DAGs
[2025-12-20T00:50:18.343+0000] {logging_mixin.py:151} INFO - [2025-12-20T00:50:18.343+0000] {dag.py:2937} INFO - Creating ORM DAG for processar_enderecos_aracaju
[2025-12-20T00:50:18.343+0000] {logging_mixin.py:151} INFO - [2025-12-20T00:50:18.343+0000] {dag.py:3696} INFO - Setting next_dagrun for processar_enderecos_aracaju to None, run_after=None
[2025-12-20T00:50:18.354+0000] {processor.py:179} INFO - Processing /opt/airflow/dags/aracaju.py took 0.575 seconds
[2025-12-20T00:50:48.488+0000] {processor.py:157} INFO - Started process (PID=307) to work on /opt/airflow/dags/aracaju.py
[2025-12-20T00:50:48.489+0000] {processor.py:829} INFO - Processing file /opt/airflow/dags/aracaju.py for tasks to queue
[2025-12-20T00:50:48.489+0000] {logging_mixin.py:151} INFO - [2025-12-20T00:50:48.489+0000] {dagbag.py:539} INFO - Filling up the DagBag from /opt/airflow/dags/aracaju.py
[2025-12-20T00:50:48.765+0000] {processor.py:839} INFO - DAG(s) dict_keys(['processar_enderecos_aracaju']) retrieved from /opt/airflow/dags/aracaju.py
[2025-12-20T00:50:48.790+0000] {logging_mixin.py:151} INFO - [2025-12-20T00:50:48.790+0000] {dag.py:2915} INFO - Sync 1 DAGs
[2025-12-20T00:50:48.801+0000] {logging_mixin.py:151} INFO - [2025-12-20T00:50:48.801+0000] {dag.py:3696} INFO - Setting next_dagrun for processar_enderecos_aracaju to None, run_after=None
[2025-12-20T00:50:48.817+0000] {processor.py:179} INFO - Processing /opt/airflow/dags/aracaju.py took 0.333 seconds
[2025-12-20T00:51:18.957+0000] {processor.py:157} INFO - Started process (PID=313) to work on /opt/airflow/dags/aracaju.py
[2025-12-20T00:51:18.958+0000] {processor.py:829} INFO - Processing file /opt/airflow/dags/aracaju.py for tasks to queue
[2025-12-20T00:51:18.959+0000] {logging_mixin.py:151} INFO - [2025-12-20T00:51:18.958+0000] {dagbag.py:539} INFO - Filling up the DagBag from /opt/airflow/dags/aracaju.py
[2025-12-20T00:51:19.250+0000] {processor.py:839} INFO - DAG(s) dict_keys(['processar_enderecos_aracaju']) retrieved from /opt/airflow/dags/aracaju.py
[2025-12-20T00:51:19.275+0000] {logging_mixin.py:151} INFO - [2025-12-20T00:51:19.275+0000] {dag.py:2915} INFO - Sync 1 DAGs
[2025-12-20T00:51:19.288+0000] {logging_mixin.py:151} INFO - [2025-12-20T00:51:19.288+0000] {dag.py:3696} INFO - Setting next_dagrun for processar_enderecos_aracaju to None, run_after=None
[2025-12-20T00:51:19.306+0000] {processor.py:179} INFO - Processing /opt/airflow/dags/aracaju.py took 0.354 seconds
[2025-12-20T00:51:49.438+0000] {processor.py:157} INFO - Started process (PID=319) to work on /opt/airflow/dags/aracaju.py
[2025-12-20T00:51:49.439+0000] {processor.py:829} INFO - Processing file /opt/airflow/dags/aracaju.py for tasks to queue
[2025-12-20T00:51:49.439+0000] {logging_mixin.py:151} INFO - [2025-12-20T00:51:49.439+0000] {dagbag.py:539} INFO - Filling up the DagBag from /opt/airflow/dags/aracaju.py
[2025-12-20T00:51:49.649+0000] {processor.py:839} INFO - DAG(s) dict_keys(['processar_enderecos_aracaju']) retrieved from /opt/airflow/dags/aracaju.py
[2025-12-20T00:51:49.667+0000] {logging_mixin.py:151} INFO - [2025-12-20T00:51:49.666+0000] {dag.py:2915} INFO - Sync 1 DAGs
[2025-12-20T00:51:49.676+0000] {logging_mixin.py:151} INFO - [2025-12-20T00:51:49.676+0000] {dag.py:3696} INFO - Setting next_dagrun for processar_enderecos_aracaju to None, run_after=None
[2025-12-20T00:51:49.689+0000] {processor.py:179} INFO - Processing /opt/airflow/dags/aracaju.py took 0.253 seconds
[2025-12-20T00:52:19.808+0000] {processor.py:157} INFO - Started process (PID=325) to work on /opt/airflow/dags/aracaju.py
[2025-12-20T00:52:19.809+0000] {processor.py:829} INFO - Processing file /opt/airflow/dags/aracaju.py for tasks to queue
[2025-12-20T00:52:19.810+0000] {logging_mixin.py:151} INFO - [2025-12-20T00:52:19.810+0000] {dagbag.py:539} INFO - Filling up the DagBag from /opt/airflow/dags/aracaju.py
[2025-12-20T00:52:20.153+0000] {processor.py:839} INFO - DAG(s) dict_keys(['processar_enderecos_aracaju']) retrieved from /opt/airflow/dags/aracaju.py
[2025-12-20T00:52:20.176+0000] {logging_mixin.py:151} INFO - [2025-12-20T00:52:20.175+0000] {dag.py:2915} INFO - Sync 1 DAGs
[2025-12-20T00:52:20.188+0000] {logging_mixin.py:151} INFO - [2025-12-20T00:52:20.187+0000] {dag.py:3696} INFO - Setting next_dagrun for processar_enderecos_aracaju to None, run_after=None
[2025-12-20T00:52:20.202+0000] {processor.py:179} INFO - Processing /opt/airflow/dags/aracaju.py took 0.398 seconds
[2025-12-20T00:52:50.333+0000] {processor.py:157} INFO - Started process (PID=331) to work on /opt/airflow/dags/aracaju.py
[2025-12-20T00:52:50.334+0000] {processor.py:829} INFO - Processing file /opt/airflow/dags/aracaju.py for tasks to queue
[2025-12-20T00:52:50.334+0000] {logging_mixin.py:151} INFO - [2025-12-20T00:52:50.334+0000] {dagbag.py:539} INFO - Filling up the DagBag from /opt/airflow/dags/aracaju.py
[2025-12-20T00:52:50.544+0000] {processor.py:839} INFO - DAG(s) dict_keys(['processar_enderecos_aracaju']) retrieved from /opt/airflow/dags/aracaju.py
[2025-12-20T00:52:50.564+0000] {logging_mixin.py:151} INFO - [2025-12-20T00:52:50.564+0000] {dag.py:2915} INFO - Sync 1 DAGs
[2025-12-20T00:52:50.573+0000] {logging_mixin.py:151} INFO - [2025-12-20T00:52:50.573+0000] {dag.py:3696} INFO - Setting next_dagrun for processar_enderecos_aracaju to None, run_after=None
[2025-12-20T00:52:50.587+0000] {processor.py:179} INFO - Processing /opt/airflow/dags/aracaju.py took 0.256 seconds
[2025-12-20T00:53:20.698+0000] {processor.py:157} INFO - Started process (PID=337) to work on /opt/airflow/dags/aracaju.py
[2025-12-20T00:53:20.699+0000] {processor.py:829} INFO - Processing file /opt/airflow/dags/aracaju.py for tasks to queue
[2025-12-20T00:53:20.699+0000] {logging_mixin.py:151} INFO - [2025-12-20T00:53:20.699+0000] {dagbag.py:539} INFO - Filling up the DagBag from /opt/airflow/dags/aracaju.py
[2025-12-20T00:53:20.924+0000] {processor.py:839} INFO - DAG(s) dict_keys(['processar_enderecos_aracaju']) retrieved from /opt/airflow/dags/aracaju.py
[2025-12-20T00:53:20.944+0000] {logging_mixin.py:151} INFO - [2025-12-20T00:53:20.943+0000] {dag.py:2915} INFO - Sync 1 DAGs
[2025-12-20T00:53:20.954+0000] {logging_mixin.py:151} INFO - [2025-12-20T00:53:20.954+0000] {dag.py:3696} INFO - Setting next_dagrun for processar_enderecos_aracaju to None, run_after=None
[2025-12-20T00:53:20.968+0000] {processor.py:179} INFO - Processing /opt/airflow/dags/aracaju.py took 0.273 seconds
[2025-12-20T00:53:51.095+0000] {processor.py:157} INFO - Started process (PID=343) to work on /opt/airflow/dags/aracaju.py
[2025-12-20T00:53:51.096+0000] {processor.py:829} INFO - Processing file /opt/airflow/dags/aracaju.py for tasks to queue
[2025-12-20T00:53:51.097+0000] {logging_mixin.py:151} INFO - [2025-12-20T00:53:51.097+0000] {dagbag.py:539} INFO - Filling up the DagBag from /opt/airflow/dags/aracaju.py
[2025-12-20T00:53:51.385+0000] {processor.py:839} INFO - DAG(s) dict_keys(['processar_enderecos_aracaju']) retrieved from /opt/airflow/dags/aracaju.py
[2025-12-20T00:53:51.411+0000] {logging_mixin.py:151} INFO - [2025-12-20T00:53:51.410+0000] {dag.py:2915} INFO - Sync 1 DAGs
[2025-12-20T00:53:51.422+0000] {logging_mixin.py:151} INFO - [2025-12-20T00:53:51.422+0000] {dag.py:3696} INFO - Setting next_dagrun for processar_enderecos_aracaju to None, run_after=None
[2025-12-20T00:53:51.438+0000] {processor.py:179} INFO - Processing /opt/airflow/dags/aracaju.py took 0.346 seconds
[2025-12-20T00:54:21.573+0000] {processor.py:157} INFO - Started process (PID=349) to work on /opt/airflow/dags/aracaju.py
[2025-12-20T00:54:21.574+0000] {processor.py:829} INFO - Processing file /opt/airflow/dags/aracaju.py for tasks to queue
[2025-12-20T00:54:21.574+0000] {logging_mixin.py:151} INFO - [2025-12-20T00:54:21.574+0000] {dagbag.py:539} INFO - Filling up the DagBag from /opt/airflow/dags/aracaju.py
[2025-12-20T00:54:21.807+0000] {processor.py:839} INFO - DAG(s) dict_keys(['processar_enderecos_aracaju']) retrieved from /opt/airflow/dags/aracaju.py
[2025-12-20T00:54:21.826+0000] {logging_mixin.py:151} INFO - [2025-12-20T00:54:21.826+0000] {dag.py:2915} INFO - Sync 1 DAGs
[2025-12-20T00:54:21.835+0000] {logging_mixin.py:151} INFO - [2025-12-20T00:54:21.835+0000] {dag.py:3696} INFO - Setting next_dagrun for processar_enderecos_aracaju to None, run_after=None
[2025-12-20T00:54:21.851+0000] {processor.py:179} INFO - Processing /opt/airflow/dags/aracaju.py took 0.280 seconds
[2025-12-20T00:54:51.972+0000] {processor.py:157} INFO - Started process (PID=355) to work on /opt/airflow/dags/aracaju.py
[2025-12-20T00:54:51.973+0000] {processor.py:829} INFO - Processing file /opt/airflow/dags/aracaju.py for tasks to queue
[2025-12-20T00:54:51.973+0000] {logging_mixin.py:151} INFO - [2025-12-20T00:54:51.973+0000] {dagbag.py:539} INFO - Filling up the DagBag from /opt/airflow/dags/aracaju.py
[2025-12-20T00:54:52.191+0000] {processor.py:839} INFO - DAG(s) dict_keys(['processar_enderecos_aracaju']) retrieved from /opt/airflow/dags/aracaju.py
[2025-12-20T00:54:52.208+0000] {logging_mixin.py:151} INFO - [2025-12-20T00:54:52.208+0000] {dag.py:2915} INFO - Sync 1 DAGs
[2025-12-20T00:54:52.218+0000] {logging_mixin.py:151} INFO - [2025-12-20T00:54:52.218+0000] {dag.py:3696} INFO - Setting next_dagrun for processar_enderecos_aracaju to None, run_after=None
[2025-12-20T00:54:52.230+0000] {processor.py:179} INFO - Processing /opt/airflow/dags/aracaju.py took 0.261 seconds
[2025-12-20T00:55:22.339+0000] {processor.py:157} INFO - Started process (PID=361) to work on /opt/airflow/dags/aracaju.py
[2025-12-20T00:55:22.340+0000] {processor.py:829} INFO - Processing file /opt/airflow/dags/aracaju.py for tasks to queue
[2025-12-20T00:55:22.340+0000] {logging_mixin.py:151} INFO - [2025-12-20T00:55:22.340+0000] {dagbag.py:539} INFO - Filling up the DagBag from /opt/airflow/dags/aracaju.py
[2025-12-20T00:55:22.563+0000] {processor.py:839} INFO - DAG(s) dict_keys(['processar_enderecos_aracaju']) retrieved from /opt/airflow/dags/aracaju.py
[2025-12-20T00:55:22.583+0000] {logging_mixin.py:151} INFO - [2025-12-20T00:55:22.583+0000] {dag.py:2915} INFO - Sync 1 DAGs
[2025-12-20T00:55:22.594+0000] {logging_mixin.py:151} INFO - [2025-12-20T00:55:22.594+0000] {dag.py:3696} INFO - Setting next_dagrun for processar_enderecos_aracaju to None, run_after=None
[2025-12-20T00:55:22.608+0000] {processor.py:179} INFO - Processing /opt/airflow/dags/aracaju.py took 0.272 seconds
[2025-12-20T00:55:52.722+0000] {processor.py:157} INFO - Started process (PID=367) to work on /opt/airflow/dags/aracaju.py
[2025-12-20T00:55:52.724+0000] {processor.py:829} INFO - Processing file /opt/airflow/dags/aracaju.py for tasks to queue
[2025-12-20T00:55:52.724+0000] {logging_mixin.py:151} INFO - [2025-12-20T00:55:52.724+0000] {dagbag.py:539} INFO - Filling up the DagBag from /opt/airflow/dags/aracaju.py
[2025-12-20T00:55:52.947+0000] {processor.py:839} INFO - DAG(s) dict_keys(['processar_enderecos_aracaju']) retrieved from /opt/airflow/dags/aracaju.py
[2025-12-20T00:55:52.966+0000] {logging_mixin.py:151} INFO - [2025-12-20T00:55:52.965+0000] {dag.py:2915} INFO - Sync 1 DAGs
[2025-12-20T00:55:52.974+0000] {logging_mixin.py:151} INFO - [2025-12-20T00:55:52.974+0000] {dag.py:3696} INFO - Setting next_dagrun for processar_enderecos_aracaju to None, run_after=None
[2025-12-20T00:55:52.988+0000] {processor.py:179} INFO - Processing /opt/airflow/dags/aracaju.py took 0.268 seconds
[2025-12-20T00:56:23.100+0000] {processor.py:157} INFO - Started process (PID=373) to work on /opt/airflow/dags/aracaju.py
[2025-12-20T00:56:23.101+0000] {processor.py:829} INFO - Processing file /opt/airflow/dags/aracaju.py for tasks to queue
[2025-12-20T00:56:23.101+0000] {logging_mixin.py:151} INFO - [2025-12-20T00:56:23.101+0000] {dagbag.py:539} INFO - Filling up the DagBag from /opt/airflow/dags/aracaju.py
[2025-12-20T00:56:23.327+0000] {processor.py:839} INFO - DAG(s) dict_keys(['processar_enderecos_aracaju']) retrieved from /opt/airflow/dags/aracaju.py
[2025-12-20T00:56:23.345+0000] {logging_mixin.py:151} INFO - [2025-12-20T00:56:23.345+0000] {dag.py:2915} INFO - Sync 1 DAGs
[2025-12-20T00:56:23.355+0000] {logging_mixin.py:151} INFO - [2025-12-20T00:56:23.355+0000] {dag.py:3696} INFO - Setting next_dagrun for processar_enderecos_aracaju to None, run_after=None
[2025-12-20T00:56:23.369+0000] {processor.py:179} INFO - Processing /opt/airflow/dags/aracaju.py took 0.272 seconds
[2025-12-20T00:56:53.480+0000] {processor.py:157} INFO - Started process (PID=379) to work on /opt/airflow/dags/aracaju.py
[2025-12-20T00:56:53.481+0000] {processor.py:829} INFO - Processing file /opt/airflow/dags/aracaju.py for tasks to queue
[2025-12-20T00:56:53.481+0000] {logging_mixin.py:151} INFO - [2025-12-20T00:56:53.481+0000] {dagbag.py:539} INFO - Filling up the DagBag from /opt/airflow/dags/aracaju.py
[2025-12-20T00:56:53.704+0000] {processor.py:839} INFO - DAG(s) dict_keys(['processar_enderecos_aracaju']) retrieved from /opt/airflow/dags/aracaju.py
[2025-12-20T00:56:53.723+0000] {logging_mixin.py:151} INFO - [2025-12-20T00:56:53.723+0000] {dag.py:2915} INFO - Sync 1 DAGs
[2025-12-20T00:56:53.732+0000] {logging_mixin.py:151} INFO - [2025-12-20T00:56:53.732+0000] {dag.py:3696} INFO - Setting next_dagrun for processar_enderecos_aracaju to None, run_after=None
[2025-12-20T00:56:53.745+0000] {processor.py:179} INFO - Processing /opt/airflow/dags/aracaju.py took 0.267 seconds
[2025-12-20T00:57:23.861+0000] {processor.py:157} INFO - Started process (PID=385) to work on /opt/airflow/dags/aracaju.py
[2025-12-20T00:57:23.862+0000] {processor.py:829} INFO - Processing file /opt/airflow/dags/aracaju.py for tasks to queue
[2025-12-20T00:57:23.863+0000] {logging_mixin.py:151} INFO - [2025-12-20T00:57:23.862+0000] {dagbag.py:539} INFO - Filling up the DagBag from /opt/airflow/dags/aracaju.py
[2025-12-20T00:57:24.147+0000] {processor.py:839} INFO - DAG(s) dict_keys(['processar_enderecos_aracaju']) retrieved from /opt/airflow/dags/aracaju.py
[2025-12-20T00:57:24.166+0000] {logging_mixin.py:151} INFO - [2025-12-20T00:57:24.166+0000] {dag.py:2915} INFO - Sync 1 DAGs
[2025-12-20T00:57:24.175+0000] {logging_mixin.py:151} INFO - [2025-12-20T00:57:24.175+0000] {dag.py:3696} INFO - Setting next_dagrun for processar_enderecos_aracaju to None, run_after=None
[2025-12-20T00:57:24.190+0000] {processor.py:179} INFO - Processing /opt/airflow/dags/aracaju.py took 0.332 seconds
[2025-12-20T00:57:52.319+0000] {processor.py:157} INFO - Started process (PID=391) to work on /opt/airflow/dags/aracaju.py
[2025-12-20T00:57:52.321+0000] {processor.py:829} INFO - Processing file /opt/airflow/dags/aracaju.py for tasks to queue
[2025-12-20T00:57:52.321+0000] {logging_mixin.py:151} INFO - [2025-12-20T00:57:52.321+0000] {dagbag.py:539} INFO - Filling up the DagBag from /opt/airflow/dags/aracaju.py
[2025-12-20T00:57:52.618+0000] {processor.py:839} INFO - DAG(s) dict_keys(['processar_enderecos_aracaju']) retrieved from /opt/airflow/dags/aracaju.py
[2025-12-20T00:57:52.642+0000] {logging_mixin.py:151} INFO - [2025-12-20T00:57:52.642+0000] {dag.py:2915} INFO - Sync 1 DAGs
[2025-12-20T00:57:52.654+0000] {logging_mixin.py:151} INFO - [2025-12-20T00:57:52.654+0000] {dag.py:3696} INFO - Setting next_dagrun for processar_enderecos_aracaju to None, run_after=None
[2025-12-20T00:57:52.669+0000] {processor.py:179} INFO - Processing /opt/airflow/dags/aracaju.py took 0.353 seconds
[2025-12-20T00:58:14.398+0000] {processor.py:157} INFO - Started process (PID=397) to work on /opt/airflow/dags/aracaju.py
[2025-12-20T00:58:14.398+0000] {processor.py:829} INFO - Processing file /opt/airflow/dags/aracaju.py for tasks to queue
[2025-12-20T00:58:14.399+0000] {logging_mixin.py:151} INFO - [2025-12-20T00:58:14.399+0000] {dagbag.py:539} INFO - Filling up the DagBag from /opt/airflow/dags/aracaju.py
[2025-12-20T00:58:14.603+0000] {processor.py:839} INFO - DAG(s) dict_keys(['processar_enderecos_aracaju']) retrieved from /opt/airflow/dags/aracaju.py
[2025-12-20T00:58:14.622+0000] {logging_mixin.py:151} INFO - [2025-12-20T00:58:14.622+0000] {dag.py:2915} INFO - Sync 1 DAGs
[2025-12-20T00:58:14.631+0000] {logging_mixin.py:151} INFO - [2025-12-20T00:58:14.631+0000] {dag.py:3696} INFO - Setting next_dagrun for processar_enderecos_aracaju to None, run_after=None
[2025-12-20T00:58:14.644+0000] {processor.py:179} INFO - Processing /opt/airflow/dags/aracaju.py took 0.248 seconds
[2025-12-20T00:58:44.776+0000] {processor.py:157} INFO - Started process (PID=403) to work on /opt/airflow/dags/aracaju.py
[2025-12-20T00:58:44.777+0000] {processor.py:829} INFO - Processing file /opt/airflow/dags/aracaju.py for tasks to queue
[2025-12-20T00:58:44.778+0000] {logging_mixin.py:151} INFO - [2025-12-20T00:58:44.778+0000] {dagbag.py:539} INFO - Filling up the DagBag from /opt/airflow/dags/aracaju.py
[2025-12-20T00:58:45.084+0000] {processor.py:839} INFO - DAG(s) dict_keys(['processar_enderecos_aracaju']) retrieved from /opt/airflow/dags/aracaju.py
[2025-12-20T00:58:45.110+0000] {logging_mixin.py:151} INFO - [2025-12-20T00:58:45.109+0000] {dag.py:2915} INFO - Sync 1 DAGs
[2025-12-20T00:58:45.119+0000] {logging_mixin.py:151} INFO - [2025-12-20T00:58:45.119+0000] {dag.py:3696} INFO - Setting next_dagrun for processar_enderecos_aracaju to None, run_after=None
[2025-12-20T00:58:45.131+0000] {processor.py:179} INFO - Processing /opt/airflow/dags/aracaju.py took 0.359 seconds
[2025-12-20T00:58:49.175+0000] {processor.py:157} INFO - Started process (PID=409) to work on /opt/airflow/dags/aracaju.py
[2025-12-20T00:58:49.176+0000] {processor.py:829} INFO - Processing file /opt/airflow/dags/aracaju.py for tasks to queue
[2025-12-20T00:58:49.177+0000] {logging_mixin.py:151} INFO - [2025-12-20T00:58:49.176+0000] {dagbag.py:539} INFO - Filling up the DagBag from /opt/airflow/dags/aracaju.py
[2025-12-20T00:58:49.481+0000] {processor.py:839} INFO - DAG(s) dict_keys(['processar_enderecos_aracaju']) retrieved from /opt/airflow/dags/aracaju.py
[2025-12-20T00:58:49.506+0000] {logging_mixin.py:151} INFO - [2025-12-20T00:58:49.506+0000] {dag.py:2915} INFO - Sync 1 DAGs
[2025-12-20T00:58:49.518+0000] {logging_mixin.py:151} INFO - [2025-12-20T00:58:49.518+0000] {dag.py:3696} INFO - Setting next_dagrun for processar_enderecos_aracaju to None, run_after=None
[2025-12-20T00:58:49.536+0000] {processor.py:179} INFO - Processing /opt/airflow/dags/aracaju.py took 0.365 seconds
[2025-12-20T00:59:19.671+0000] {processor.py:157} INFO - Started process (PID=415) to work on /opt/airflow/dags/aracaju.py
[2025-12-20T00:59:19.672+0000] {processor.py:829} INFO - Processing file /opt/airflow/dags/aracaju.py for tasks to queue
[2025-12-20T00:59:19.672+0000] {logging_mixin.py:151} INFO - [2025-12-20T00:59:19.672+0000] {dagbag.py:539} INFO - Filling up the DagBag from /opt/airflow/dags/aracaju.py
[2025-12-20T00:59:19.899+0000] {processor.py:839} INFO - DAG(s) dict_keys(['processar_enderecos_aracaju']) retrieved from /opt/airflow/dags/aracaju.py
[2025-12-20T00:59:19.917+0000] {logging_mixin.py:151} INFO - [2025-12-20T00:59:19.916+0000] {dag.py:2915} INFO - Sync 1 DAGs
[2025-12-20T00:59:19.924+0000] {logging_mixin.py:151} INFO - [2025-12-20T00:59:19.924+0000] {dag.py:3696} INFO - Setting next_dagrun for processar_enderecos_aracaju to None, run_after=None
[2025-12-20T00:59:19.936+0000] {processor.py:179} INFO - Processing /opt/airflow/dags/aracaju.py took 0.268 seconds
[2025-12-20T00:59:50.062+0000] {processor.py:157} INFO - Started process (PID=424) to work on /opt/airflow/dags/aracaju.py
[2025-12-20T00:59:50.063+0000] {processor.py:829} INFO - Processing file /opt/airflow/dags/aracaju.py for tasks to queue
[2025-12-20T00:59:50.064+0000] {logging_mixin.py:151} INFO - [2025-12-20T00:59:50.064+0000] {dagbag.py:539} INFO - Filling up the DagBag from /opt/airflow/dags/aracaju.py
[2025-12-20T00:59:50.371+0000] {processor.py:839} INFO - DAG(s) dict_keys(['processar_enderecos_aracaju']) retrieved from /opt/airflow/dags/aracaju.py
[2025-12-20T00:59:50.397+0000] {logging_mixin.py:151} INFO - [2025-12-20T00:59:50.396+0000] {dag.py:2915} INFO - Sync 1 DAGs
[2025-12-20T00:59:50.409+0000] {logging_mixin.py:151} INFO - [2025-12-20T00:59:50.409+0000] {dag.py:3696} INFO - Setting next_dagrun for processar_enderecos_aracaju to None, run_after=None
[2025-12-20T00:59:50.426+0000] {processor.py:179} INFO - Processing /opt/airflow/dags/aracaju.py took 0.368 seconds
[2025-12-20T01:00:20.566+0000] {processor.py:157} INFO - Started process (PID=430) to work on /opt/airflow/dags/aracaju.py
[2025-12-20T01:00:20.567+0000] {processor.py:829} INFO - Processing file /opt/airflow/dags/aracaju.py for tasks to queue
[2025-12-20T01:00:20.568+0000] {logging_mixin.py:151} INFO - [2025-12-20T01:00:20.568+0000] {dagbag.py:539} INFO - Filling up the DagBag from /opt/airflow/dags/aracaju.py
[2025-12-20T01:00:20.865+0000] {processor.py:839} INFO - DAG(s) dict_keys(['processar_enderecos_aracaju']) retrieved from /opt/airflow/dags/aracaju.py
[2025-12-20T01:00:20.890+0000] {logging_mixin.py:151} INFO - [2025-12-20T01:00:20.889+0000] {dag.py:2915} INFO - Sync 1 DAGs
[2025-12-20T01:00:20.901+0000] {logging_mixin.py:151} INFO - [2025-12-20T01:00:20.900+0000] {dag.py:3696} INFO - Setting next_dagrun for processar_enderecos_aracaju to None, run_after=None
[2025-12-20T01:00:20.918+0000] {processor.py:179} INFO - Processing /opt/airflow/dags/aracaju.py took 0.355 seconds
[2025-12-20T01:00:51.042+0000] {processor.py:157} INFO - Started process (PID=436) to work on /opt/airflow/dags/aracaju.py
[2025-12-20T01:00:51.043+0000] {processor.py:829} INFO - Processing file /opt/airflow/dags/aracaju.py for tasks to queue
[2025-12-20T01:00:51.044+0000] {logging_mixin.py:151} INFO - [2025-12-20T01:00:51.043+0000] {dagbag.py:539} INFO - Filling up the DagBag from /opt/airflow/dags/aracaju.py
[2025-12-20T01:00:51.268+0000] {processor.py:839} INFO - DAG(s) dict_keys(['processar_enderecos_aracaju']) retrieved from /opt/airflow/dags/aracaju.py
[2025-12-20T01:00:51.288+0000] {logging_mixin.py:151} INFO - [2025-12-20T01:00:51.287+0000] {dag.py:2915} INFO - Sync 1 DAGs
[2025-12-20T01:00:51.298+0000] {logging_mixin.py:151} INFO - [2025-12-20T01:00:51.298+0000] {dag.py:3696} INFO - Setting next_dagrun for processar_enderecos_aracaju to None, run_after=None
[2025-12-20T01:00:51.312+0000] {processor.py:179} INFO - Processing /opt/airflow/dags/aracaju.py took 0.273 seconds
[2025-12-20T01:01:21.423+0000] {processor.py:157} INFO - Started process (PID=442) to work on /opt/airflow/dags/aracaju.py
[2025-12-20T01:01:21.424+0000] {processor.py:829} INFO - Processing file /opt/airflow/dags/aracaju.py for tasks to queue
[2025-12-20T01:01:21.424+0000] {logging_mixin.py:151} INFO - [2025-12-20T01:01:21.424+0000] {dagbag.py:539} INFO - Filling up the DagBag from /opt/airflow/dags/aracaju.py
[2025-12-20T01:01:21.642+0000] {processor.py:839} INFO - DAG(s) dict_keys(['processar_enderecos_aracaju']) retrieved from /opt/airflow/dags/aracaju.py
[2025-12-20T01:01:21.661+0000] {logging_mixin.py:151} INFO - [2025-12-20T01:01:21.661+0000] {dag.py:2915} INFO - Sync 1 DAGs
[2025-12-20T01:01:21.671+0000] {logging_mixin.py:151} INFO - [2025-12-20T01:01:21.671+0000] {dag.py:3696} INFO - Setting next_dagrun for processar_enderecos_aracaju to None, run_after=None
[2025-12-20T01:01:21.684+0000] {processor.py:179} INFO - Processing /opt/airflow/dags/aracaju.py took 0.263 seconds
[2025-12-20T01:01:51.794+0000] {processor.py:157} INFO - Started process (PID=448) to work on /opt/airflow/dags/aracaju.py
[2025-12-20T01:01:51.795+0000] {processor.py:829} INFO - Processing file /opt/airflow/dags/aracaju.py for tasks to queue
[2025-12-20T01:01:51.796+0000] {logging_mixin.py:151} INFO - [2025-12-20T01:01:51.796+0000] {dagbag.py:539} INFO - Filling up the DagBag from /opt/airflow/dags/aracaju.py
[2025-12-20T01:01:52.032+0000] {processor.py:839} INFO - DAG(s) dict_keys(['processar_enderecos_aracaju']) retrieved from /opt/airflow/dags/aracaju.py
[2025-12-20T01:01:52.052+0000] {logging_mixin.py:151} INFO - [2025-12-20T01:01:52.051+0000] {dag.py:2915} INFO - Sync 1 DAGs
[2025-12-20T01:01:52.062+0000] {logging_mixin.py:151} INFO - [2025-12-20T01:01:52.062+0000] {dag.py:3696} INFO - Setting next_dagrun for processar_enderecos_aracaju to None, run_after=None
[2025-12-20T01:01:52.076+0000] {processor.py:179} INFO - Processing /opt/airflow/dags/aracaju.py took 0.285 seconds
[2025-12-20T01:02:22.204+0000] {processor.py:157} INFO - Started process (PID=454) to work on /opt/airflow/dags/aracaju.py
[2025-12-20T01:02:22.206+0000] {processor.py:829} INFO - Processing file /opt/airflow/dags/aracaju.py for tasks to queue
[2025-12-20T01:02:22.206+0000] {logging_mixin.py:151} INFO - [2025-12-20T01:02:22.206+0000] {dagbag.py:539} INFO - Filling up the DagBag from /opt/airflow/dags/aracaju.py
[2025-12-20T01:02:22.491+0000] {processor.py:839} INFO - DAG(s) dict_keys(['processar_enderecos_aracaju']) retrieved from /opt/airflow/dags/aracaju.py
[2025-12-20T01:02:22.509+0000] {logging_mixin.py:151} INFO - [2025-12-20T01:02:22.508+0000] {dag.py:2915} INFO - Sync 1 DAGs
[2025-12-20T01:02:22.517+0000] {logging_mixin.py:151} INFO - [2025-12-20T01:02:22.516+0000] {dag.py:3696} INFO - Setting next_dagrun for processar_enderecos_aracaju to None, run_after=None
[2025-12-20T01:02:22.529+0000] {processor.py:179} INFO - Processing /opt/airflow/dags/aracaju.py took 0.328 seconds
[2025-12-20T01:02:52.658+0000] {processor.py:157} INFO - Started process (PID=460) to work on /opt/airflow/dags/aracaju.py
[2025-12-20T01:02:52.660+0000] {processor.py:829} INFO - Processing file /opt/airflow/dags/aracaju.py for tasks to queue
[2025-12-20T01:02:52.661+0000] {logging_mixin.py:151} INFO - [2025-12-20T01:02:52.660+0000] {dagbag.py:539} INFO - Filling up the DagBag from /opt/airflow/dags/aracaju.py
[2025-12-20T01:02:52.900+0000] {processor.py:839} INFO - DAG(s) dict_keys(['processar_enderecos_aracaju']) retrieved from /opt/airflow/dags/aracaju.py
[2025-12-20T01:02:52.917+0000] {logging_mixin.py:151} INFO - [2025-12-20T01:02:52.917+0000] {dag.py:2915} INFO - Sync 1 DAGs
[2025-12-20T01:02:52.926+0000] {logging_mixin.py:151} INFO - [2025-12-20T01:02:52.925+0000] {dag.py:3696} INFO - Setting next_dagrun for processar_enderecos_aracaju to None, run_after=None
[2025-12-20T01:02:52.938+0000] {processor.py:179} INFO - Processing /opt/airflow/dags/aracaju.py took 0.283 seconds
[2025-12-20T01:02:53.665+0000] {processor.py:157} INFO - Started process (PID=466) to work on /opt/airflow/dags/aracaju.py
[2025-12-20T01:02:53.665+0000] {processor.py:829} INFO - Processing file /opt/airflow/dags/aracaju.py for tasks to queue
[2025-12-20T01:02:53.666+0000] {logging_mixin.py:151} INFO - [2025-12-20T01:02:53.666+0000] {dagbag.py:539} INFO - Filling up the DagBag from /opt/airflow/dags/aracaju.py
[2025-12-20T01:02:53.884+0000] {processor.py:839} INFO - DAG(s) dict_keys(['processar_enderecos_aracaju']) retrieved from /opt/airflow/dags/aracaju.py
[2025-12-20T01:02:53.902+0000] {logging_mixin.py:151} INFO - [2025-12-20T01:02:53.902+0000] {dag.py:2915} INFO - Sync 1 DAGs
[2025-12-20T01:02:53.910+0000] {logging_mixin.py:151} INFO - [2025-12-20T01:02:53.910+0000] {dag.py:3696} INFO - Setting next_dagrun for processar_enderecos_aracaju to None, run_after=None
[2025-12-20T01:02:53.926+0000] {processor.py:179} INFO - Processing /opt/airflow/dags/aracaju.py took 0.263 seconds
[2025-12-20T01:03:24.049+0000] {processor.py:157} INFO - Started process (PID=475) to work on /opt/airflow/dags/aracaju.py
[2025-12-20T01:03:24.050+0000] {processor.py:829} INFO - Processing file /opt/airflow/dags/aracaju.py for tasks to queue
[2025-12-20T01:03:24.051+0000] {logging_mixin.py:151} INFO - [2025-12-20T01:03:24.051+0000] {dagbag.py:539} INFO - Filling up the DagBag from /opt/airflow/dags/aracaju.py
[2025-12-20T01:03:24.305+0000] {processor.py:839} INFO - DAG(s) dict_keys(['processar_enderecos_aracaju']) retrieved from /opt/airflow/dags/aracaju.py
[2025-12-20T01:03:24.328+0000] {logging_mixin.py:151} INFO - [2025-12-20T01:03:24.328+0000] {dag.py:2915} INFO - Sync 1 DAGs
[2025-12-20T01:03:24.340+0000] {logging_mixin.py:151} INFO - [2025-12-20T01:03:24.340+0000] {dag.py:3696} INFO - Setting next_dagrun for processar_enderecos_aracaju to None, run_after=None
[2025-12-20T01:03:24.362+0000] {processor.py:179} INFO - Processing /opt/airflow/dags/aracaju.py took 0.316 seconds
[2025-12-20T01:03:54.498+0000] {processor.py:157} INFO - Started process (PID=484) to work on /opt/airflow/dags/aracaju.py
[2025-12-20T01:03:54.498+0000] {processor.py:829} INFO - Processing file /opt/airflow/dags/aracaju.py for tasks to queue
[2025-12-20T01:03:54.499+0000] {logging_mixin.py:151} INFO - [2025-12-20T01:03:54.499+0000] {dagbag.py:539} INFO - Filling up the DagBag from /opt/airflow/dags/aracaju.py
[2025-12-20T01:03:54.717+0000] {processor.py:839} INFO - DAG(s) dict_keys(['processar_enderecos_aracaju']) retrieved from /opt/airflow/dags/aracaju.py
[2025-12-20T01:03:54.736+0000] {logging_mixin.py:151} INFO - [2025-12-20T01:03:54.735+0000] {dag.py:2915} INFO - Sync 1 DAGs
[2025-12-20T01:03:54.746+0000] {logging_mixin.py:151} INFO - [2025-12-20T01:03:54.746+0000] {dag.py:3696} INFO - Setting next_dagrun for processar_enderecos_aracaju to None, run_after=None
[2025-12-20T01:03:54.761+0000] {processor.py:179} INFO - Processing /opt/airflow/dags/aracaju.py took 0.266 seconds
[2025-12-20T01:04:14.573+0000] {processor.py:157} INFO - Started process (PID=490) to work on /opt/airflow/dags/aracaju.py
[2025-12-20T01:04:14.574+0000] {processor.py:829} INFO - Processing file /opt/airflow/dags/aracaju.py for tasks to queue
[2025-12-20T01:04:14.575+0000] {logging_mixin.py:151} INFO - [2025-12-20T01:04:14.575+0000] {dagbag.py:539} INFO - Filling up the DagBag from /opt/airflow/dags/aracaju.py
[2025-12-20T01:04:14.841+0000] {processor.py:839} INFO - DAG(s) dict_keys(['processar_enderecos_aracaju']) retrieved from /opt/airflow/dags/aracaju.py
[2025-12-20T01:04:14.860+0000] {logging_mixin.py:151} INFO - [2025-12-20T01:04:14.859+0000] {dag.py:2915} INFO - Sync 1 DAGs
[2025-12-20T01:04:14.870+0000] {logging_mixin.py:151} INFO - [2025-12-20T01:04:14.870+0000] {dag.py:3696} INFO - Setting next_dagrun for processar_enderecos_aracaju to None, run_after=None
[2025-12-20T01:04:14.884+0000] {processor.py:179} INFO - Processing /opt/airflow/dags/aracaju.py took 0.314 seconds
[2025-12-20T01:04:44.966+0000] {processor.py:157} INFO - Started process (PID=499) to work on /opt/airflow/dags/aracaju.py
[2025-12-20T01:04:44.967+0000] {processor.py:829} INFO - Processing file /opt/airflow/dags/aracaju.py for tasks to queue
[2025-12-20T01:04:44.968+0000] {logging_mixin.py:151} INFO - [2025-12-20T01:04:44.968+0000] {dagbag.py:539} INFO - Filling up the DagBag from /opt/airflow/dags/aracaju.py
[2025-12-20T01:04:45.274+0000] {processor.py:839} INFO - DAG(s) dict_keys(['processar_enderecos_aracaju']) retrieved from /opt/airflow/dags/aracaju.py
[2025-12-20T01:04:45.299+0000] {logging_mixin.py:151} INFO - [2025-12-20T01:04:45.298+0000] {dag.py:2915} INFO - Sync 1 DAGs
[2025-12-20T01:04:45.310+0000] {logging_mixin.py:151} INFO - [2025-12-20T01:04:45.310+0000] {dag.py:3696} INFO - Setting next_dagrun for processar_enderecos_aracaju to None, run_after=None
[2025-12-20T01:04:45.324+0000] {processor.py:179} INFO - Processing /opt/airflow/dags/aracaju.py took 0.361 seconds
[2025-12-20T01:05:15.448+0000] {processor.py:157} INFO - Started process (PID=505) to work on /opt/airflow/dags/aracaju.py
[2025-12-20T01:05:15.449+0000] {processor.py:829} INFO - Processing file /opt/airflow/dags/aracaju.py for tasks to queue
[2025-12-20T01:05:15.450+0000] {logging_mixin.py:151} INFO - [2025-12-20T01:05:15.450+0000] {dagbag.py:539} INFO - Filling up the DagBag from /opt/airflow/dags/aracaju.py
[2025-12-20T01:05:15.721+0000] {processor.py:839} INFO - DAG(s) dict_keys(['processar_enderecos_aracaju']) retrieved from /opt/airflow/dags/aracaju.py
[2025-12-20T01:05:15.741+0000] {logging_mixin.py:151} INFO - [2025-12-20T01:05:15.740+0000] {dag.py:2915} INFO - Sync 1 DAGs
[2025-12-20T01:05:15.751+0000] {logging_mixin.py:151} INFO - [2025-12-20T01:05:15.751+0000] {dag.py:3696} INFO - Setting next_dagrun for processar_enderecos_aracaju to None, run_after=None
[2025-12-20T01:05:15.764+0000] {processor.py:179} INFO - Processing /opt/airflow/dags/aracaju.py took 0.319 seconds
[2025-12-20T01:05:45.887+0000] {processor.py:157} INFO - Started process (PID=511) to work on /opt/airflow/dags/aracaju.py
[2025-12-20T01:05:45.888+0000] {processor.py:829} INFO - Processing file /opt/airflow/dags/aracaju.py for tasks to queue
[2025-12-20T01:05:45.888+0000] {logging_mixin.py:151} INFO - [2025-12-20T01:05:45.888+0000] {dagbag.py:539} INFO - Filling up the DagBag from /opt/airflow/dags/aracaju.py
[2025-12-20T01:05:46.108+0000] {processor.py:839} INFO - DAG(s) dict_keys(['processar_enderecos_aracaju']) retrieved from /opt/airflow/dags/aracaju.py
[2025-12-20T01:05:46.126+0000] {logging_mixin.py:151} INFO - [2025-12-20T01:05:46.126+0000] {dag.py:2915} INFO - Sync 1 DAGs
[2025-12-20T01:05:46.134+0000] {logging_mixin.py:151} INFO - [2025-12-20T01:05:46.134+0000] {dag.py:3696} INFO - Setting next_dagrun for processar_enderecos_aracaju to None, run_after=None
[2025-12-20T01:05:46.146+0000] {processor.py:179} INFO - Processing /opt/airflow/dags/aracaju.py took 0.262 seconds
[2025-12-20T01:06:16.280+0000] {processor.py:157} INFO - Started process (PID=517) to work on /opt/airflow/dags/aracaju.py
[2025-12-20T01:06:16.282+0000] {processor.py:829} INFO - Processing file /opt/airflow/dags/aracaju.py for tasks to queue
[2025-12-20T01:06:16.282+0000] {logging_mixin.py:151} INFO - [2025-12-20T01:06:16.282+0000] {dagbag.py:539} INFO - Filling up the DagBag from /opt/airflow/dags/aracaju.py
[2025-12-20T01:06:16.563+0000] {processor.py:839} INFO - DAG(s) dict_keys(['processar_enderecos_aracaju']) retrieved from /opt/airflow/dags/aracaju.py
[2025-12-20T01:06:16.580+0000] {logging_mixin.py:151} INFO - [2025-12-20T01:06:16.580+0000] {dag.py:2915} INFO - Sync 1 DAGs
[2025-12-20T01:06:16.590+0000] {logging_mixin.py:151} INFO - [2025-12-20T01:06:16.590+0000] {dag.py:3696} INFO - Setting next_dagrun for processar_enderecos_aracaju to None, run_after=None
[2025-12-20T01:06:16.603+0000] {processor.py:179} INFO - Processing /opt/airflow/dags/aracaju.py took 0.326 seconds
[2025-12-20T01:06:46.736+0000] {processor.py:157} INFO - Started process (PID=523) to work on /opt/airflow/dags/aracaju.py
[2025-12-20T01:06:46.737+0000] {processor.py:829} INFO - Processing file /opt/airflow/dags/aracaju.py for tasks to queue
[2025-12-20T01:06:46.737+0000] {logging_mixin.py:151} INFO - [2025-12-20T01:06:46.737+0000] {dagbag.py:539} INFO - Filling up the DagBag from /opt/airflow/dags/aracaju.py
[2025-12-20T01:06:46.970+0000] {processor.py:839} INFO - DAG(s) dict_keys(['processar_enderecos_aracaju']) retrieved from /opt/airflow/dags/aracaju.py
[2025-12-20T01:06:46.988+0000] {logging_mixin.py:151} INFO - [2025-12-20T01:06:46.987+0000] {dag.py:2915} INFO - Sync 1 DAGs
[2025-12-20T01:06:46.996+0000] {logging_mixin.py:151} INFO - [2025-12-20T01:06:46.996+0000] {dag.py:3696} INFO - Setting next_dagrun for processar_enderecos_aracaju to None, run_after=None
[2025-12-20T01:06:47.007+0000] {processor.py:179} INFO - Processing /opt/airflow/dags/aracaju.py took 0.274 seconds
[2025-12-20T01:07:17.131+0000] {processor.py:157} INFO - Started process (PID=529) to work on /opt/airflow/dags/aracaju.py
[2025-12-20T01:07:17.132+0000] {processor.py:829} INFO - Processing file /opt/airflow/dags/aracaju.py for tasks to queue
[2025-12-20T01:07:17.132+0000] {logging_mixin.py:151} INFO - [2025-12-20T01:07:17.132+0000] {dagbag.py:539} INFO - Filling up the DagBag from /opt/airflow/dags/aracaju.py
[2025-12-20T01:07:17.341+0000] {processor.py:839} INFO - DAG(s) dict_keys(['processar_enderecos_aracaju']) retrieved from /opt/airflow/dags/aracaju.py
[2025-12-20T01:07:17.359+0000] {logging_mixin.py:151} INFO - [2025-12-20T01:07:17.358+0000] {dag.py:2915} INFO - Sync 1 DAGs
[2025-12-20T01:07:17.367+0000] {logging_mixin.py:151} INFO - [2025-12-20T01:07:17.367+0000] {dag.py:3696} INFO - Setting next_dagrun for processar_enderecos_aracaju to None, run_after=None
[2025-12-20T01:07:17.380+0000] {processor.py:179} INFO - Processing /opt/airflow/dags/aracaju.py took 0.251 seconds
[2025-12-20T01:07:47.504+0000] {processor.py:157} INFO - Started process (PID=535) to work on /opt/airflow/dags/aracaju.py
[2025-12-20T01:07:47.505+0000] {processor.py:829} INFO - Processing file /opt/airflow/dags/aracaju.py for tasks to queue
[2025-12-20T01:07:47.506+0000] {logging_mixin.py:151} INFO - [2025-12-20T01:07:47.505+0000] {dagbag.py:539} INFO - Filling up the DagBag from /opt/airflow/dags/aracaju.py
[2025-12-20T01:07:47.820+0000] {processor.py:839} INFO - DAG(s) dict_keys(['processar_enderecos_aracaju']) retrieved from /opt/airflow/dags/aracaju.py
[2025-12-20T01:07:47.846+0000] {logging_mixin.py:151} INFO - [2025-12-20T01:07:47.845+0000] {dag.py:2915} INFO - Sync 1 DAGs
[2025-12-20T01:07:47.856+0000] {logging_mixin.py:151} INFO - [2025-12-20T01:07:47.856+0000] {dag.py:3696} INFO - Setting next_dagrun for processar_enderecos_aracaju to None, run_after=None
[2025-12-20T01:07:47.868+0000] {processor.py:179} INFO - Processing /opt/airflow/dags/aracaju.py took 0.367 seconds
[2025-12-20T01:08:17.985+0000] {processor.py:157} INFO - Started process (PID=541) to work on /opt/airflow/dags/aracaju.py
[2025-12-20T01:08:17.986+0000] {processor.py:829} INFO - Processing file /opt/airflow/dags/aracaju.py for tasks to queue
[2025-12-20T01:08:17.986+0000] {logging_mixin.py:151} INFO - [2025-12-20T01:08:17.986+0000] {dagbag.py:539} INFO - Filling up the DagBag from /opt/airflow/dags/aracaju.py
[2025-12-20T01:08:18.209+0000] {processor.py:839} INFO - DAG(s) dict_keys(['processar_enderecos_aracaju']) retrieved from /opt/airflow/dags/aracaju.py
[2025-12-20T01:08:18.228+0000] {logging_mixin.py:151} INFO - [2025-12-20T01:08:18.227+0000] {dag.py:2915} INFO - Sync 1 DAGs
[2025-12-20T01:08:18.236+0000] {logging_mixin.py:151} INFO - [2025-12-20T01:08:18.236+0000] {dag.py:3696} INFO - Setting next_dagrun for processar_enderecos_aracaju to None, run_after=None
[2025-12-20T01:08:18.250+0000] {processor.py:179} INFO - Processing /opt/airflow/dags/aracaju.py took 0.268 seconds
[2025-12-20T01:08:48.369+0000] {processor.py:157} INFO - Started process (PID=547) to work on /opt/airflow/dags/aracaju.py
[2025-12-20T01:08:48.370+0000] {processor.py:829} INFO - Processing file /opt/airflow/dags/aracaju.py for tasks to queue
[2025-12-20T01:08:48.370+0000] {logging_mixin.py:151} INFO - [2025-12-20T01:08:48.370+0000] {dagbag.py:539} INFO - Filling up the DagBag from /opt/airflow/dags/aracaju.py
[2025-12-20T01:08:48.649+0000] {processor.py:839} INFO - DAG(s) dict_keys(['processar_enderecos_aracaju']) retrieved from /opt/airflow/dags/aracaju.py
[2025-12-20T01:08:48.673+0000] {logging_mixin.py:151} INFO - [2025-12-20T01:08:48.673+0000] {dag.py:2915} INFO - Sync 1 DAGs
[2025-12-20T01:08:48.685+0000] {logging_mixin.py:151} INFO - [2025-12-20T01:08:48.685+0000] {dag.py:3696} INFO - Setting next_dagrun for processar_enderecos_aracaju to None, run_after=None
[2025-12-20T01:08:48.704+0000] {processor.py:179} INFO - Processing /opt/airflow/dags/aracaju.py took 0.338 seconds
[2025-12-20T01:09:18.858+0000] {processor.py:157} INFO - Started process (PID=553) to work on /opt/airflow/dags/aracaju.py
[2025-12-20T01:09:18.859+0000] {processor.py:829} INFO - Processing file /opt/airflow/dags/aracaju.py for tasks to queue
[2025-12-20T01:09:18.859+0000] {logging_mixin.py:151} INFO - [2025-12-20T01:09:18.859+0000] {dagbag.py:539} INFO - Filling up the DagBag from /opt/airflow/dags/aracaju.py
[2025-12-20T01:09:19.144+0000] {processor.py:839} INFO - DAG(s) dict_keys(['processar_enderecos_aracaju']) retrieved from /opt/airflow/dags/aracaju.py
[2025-12-20T01:09:19.170+0000] {logging_mixin.py:151} INFO - [2025-12-20T01:09:19.169+0000] {dag.py:2915} INFO - Sync 1 DAGs
[2025-12-20T01:09:19.181+0000] {logging_mixin.py:151} INFO - [2025-12-20T01:09:19.181+0000] {dag.py:3696} INFO - Setting next_dagrun for processar_enderecos_aracaju to None, run_after=None
[2025-12-20T01:09:19.198+0000] {processor.py:179} INFO - Processing /opt/airflow/dags/aracaju.py took 0.343 seconds
[2025-12-20T01:09:49.350+0000] {processor.py:157} INFO - Started process (PID=559) to work on /opt/airflow/dags/aracaju.py
[2025-12-20T01:09:49.351+0000] {processor.py:829} INFO - Processing file /opt/airflow/dags/aracaju.py for tasks to queue
[2025-12-20T01:09:49.352+0000] {logging_mixin.py:151} INFO - [2025-12-20T01:09:49.352+0000] {dagbag.py:539} INFO - Filling up the DagBag from /opt/airflow/dags/aracaju.py
[2025-12-20T01:09:49.632+0000] {processor.py:839} INFO - DAG(s) dict_keys(['processar_enderecos_aracaju']) retrieved from /opt/airflow/dags/aracaju.py
[2025-12-20T01:09:49.655+0000] {logging_mixin.py:151} INFO - [2025-12-20T01:09:49.655+0000] {dag.py:2915} INFO - Sync 1 DAGs
[2025-12-20T01:09:49.668+0000] {logging_mixin.py:151} INFO - [2025-12-20T01:09:49.667+0000] {dag.py:3696} INFO - Setting next_dagrun for processar_enderecos_aracaju to None, run_after=None
[2025-12-20T01:09:49.685+0000] {processor.py:179} INFO - Processing /opt/airflow/dags/aracaju.py took 0.338 seconds
[2025-12-20T01:10:19.826+0000] {processor.py:157} INFO - Started process (PID=565) to work on /opt/airflow/dags/aracaju.py
[2025-12-20T01:10:19.827+0000] {processor.py:829} INFO - Processing file /opt/airflow/dags/aracaju.py for tasks to queue
[2025-12-20T01:10:19.828+0000] {logging_mixin.py:151} INFO - [2025-12-20T01:10:19.827+0000] {dagbag.py:539} INFO - Filling up the DagBag from /opt/airflow/dags/aracaju.py
[2025-12-20T01:10:20.130+0000] {processor.py:839} INFO - DAG(s) dict_keys(['processar_enderecos_aracaju']) retrieved from /opt/airflow/dags/aracaju.py
[2025-12-20T01:10:20.156+0000] {logging_mixin.py:151} INFO - [2025-12-20T01:10:20.155+0000] {dag.py:2915} INFO - Sync 1 DAGs
[2025-12-20T01:10:20.167+0000] {logging_mixin.py:151} INFO - [2025-12-20T01:10:20.167+0000] {dag.py:3696} INFO - Setting next_dagrun for processar_enderecos_aracaju to None, run_after=None
[2025-12-20T01:10:20.183+0000] {processor.py:179} INFO - Processing /opt/airflow/dags/aracaju.py took 0.361 seconds
[2025-12-20T01:10:50.309+0000] {processor.py:157} INFO - Started process (PID=571) to work on /opt/airflow/dags/aracaju.py
[2025-12-20T01:10:50.310+0000] {processor.py:829} INFO - Processing file /opt/airflow/dags/aracaju.py for tasks to queue
[2025-12-20T01:10:50.311+0000] {logging_mixin.py:151} INFO - [2025-12-20T01:10:50.310+0000] {dagbag.py:539} INFO - Filling up the DagBag from /opt/airflow/dags/aracaju.py
[2025-12-20T01:10:50.517+0000] {processor.py:839} INFO - DAG(s) dict_keys(['processar_enderecos_aracaju']) retrieved from /opt/airflow/dags/aracaju.py
[2025-12-20T01:10:50.537+0000] {logging_mixin.py:151} INFO - [2025-12-20T01:10:50.536+0000] {dag.py:2915} INFO - Sync 1 DAGs
[2025-12-20T01:10:50.546+0000] {logging_mixin.py:151} INFO - [2025-12-20T01:10:50.546+0000] {dag.py:3696} INFO - Setting next_dagrun for processar_enderecos_aracaju to None, run_after=None
[2025-12-20T01:10:50.559+0000] {processor.py:179} INFO - Processing /opt/airflow/dags/aracaju.py took 0.253 seconds
[2025-12-20T01:11:20.690+0000] {processor.py:157} INFO - Started process (PID=577) to work on /opt/airflow/dags/aracaju.py
[2025-12-20T01:11:20.691+0000] {processor.py:829} INFO - Processing file /opt/airflow/dags/aracaju.py for tasks to queue
[2025-12-20T01:11:20.692+0000] {logging_mixin.py:151} INFO - [2025-12-20T01:11:20.692+0000] {dagbag.py:539} INFO - Filling up the DagBag from /opt/airflow/dags/aracaju.py
[2025-12-20T01:11:20.975+0000] {processor.py:839} INFO - DAG(s) dict_keys(['processar_enderecos_aracaju']) retrieved from /opt/airflow/dags/aracaju.py
[2025-12-20T01:11:20.999+0000] {logging_mixin.py:151} INFO - [2025-12-20T01:11:20.999+0000] {dag.py:2915} INFO - Sync 1 DAGs
[2025-12-20T01:11:21.011+0000] {logging_mixin.py:151} INFO - [2025-12-20T01:11:21.010+0000] {dag.py:3696} INFO - Setting next_dagrun for processar_enderecos_aracaju to None, run_after=None
[2025-12-20T01:11:21.026+0000] {processor.py:179} INFO - Processing /opt/airflow/dags/aracaju.py took 0.341 seconds
[2025-12-20T01:11:48.788+0000] {processor.py:157} INFO - Started process (PID=583) to work on /opt/airflow/dags/aracaju.py
[2025-12-20T01:11:48.788+0000] {processor.py:829} INFO - Processing file /opt/airflow/dags/aracaju.py for tasks to queue
[2025-12-20T01:11:48.789+0000] {logging_mixin.py:151} INFO - [2025-12-20T01:11:48.788+0000] {dagbag.py:539} INFO - Filling up the DagBag from /opt/airflow/dags/aracaju.py
[2025-12-20T01:11:48.992+0000] {processor.py:839} INFO - DAG(s) dict_keys(['processar_enderecos_aracaju']) retrieved from /opt/airflow/dags/aracaju.py
[2025-12-20T01:11:49.009+0000] {logging_mixin.py:151} INFO - [2025-12-20T01:11:49.009+0000] {dag.py:2915} INFO - Sync 1 DAGs
[2025-12-20T01:11:49.018+0000] {logging_mixin.py:151} INFO - [2025-12-20T01:11:49.018+0000] {dag.py:3696} INFO - Setting next_dagrun for processar_enderecos_aracaju to None, run_after=None
[2025-12-20T01:11:49.031+0000] {processor.py:179} INFO - Processing /opt/airflow/dags/aracaju.py took 0.245 seconds
[2025-12-20T01:11:59.089+0000] {processor.py:157} INFO - Started process (PID=589) to work on /opt/airflow/dags/aracaju.py
[2025-12-20T01:11:59.090+0000] {processor.py:829} INFO - Processing file /opt/airflow/dags/aracaju.py for tasks to queue
[2025-12-20T01:11:59.091+0000] {logging_mixin.py:151} INFO - [2025-12-20T01:11:59.091+0000] {dagbag.py:539} INFO - Filling up the DagBag from /opt/airflow/dags/aracaju.py
[2025-12-20T01:11:59.093+0000] {logging_mixin.py:151} INFO - [2025-12-20T01:11:59.092+0000] {dagbag.py:347} ERROR - Failed to import: /opt/airflow/dags/aracaju.py
Traceback (most recent call last):
  File "/home/airflow/.local/lib/python3.8/site-packages/airflow/models/dagbag.py", line 343, in parse
    loader.exec_module(new_module)
  File "<frozen importlib._bootstrap_external>", line 839, in exec_module
  File "<frozen importlib._bootstrap_external>", line 976, in get_code
  File "<frozen importlib._bootstrap_external>", line 906, in source_to_code
  File "<frozen importlib._bootstrap>", line 219, in _call_with_frames_removed
  File "/opt/airflow/dags/aracaju.py", line 9
    CAMINHO_CSV =
                 ^
SyntaxError: invalid syntax
[2025-12-20T01:11:59.094+0000] {processor.py:841} WARNING - No viable dags retrieved from /opt/airflow/dags/aracaju.py
[2025-12-20T01:11:59.109+0000] {processor.py:179} INFO - Processing /opt/airflow/dags/aracaju.py took 0.022 seconds
[2025-12-20T01:12:07.130+0000] {processor.py:157} INFO - Started process (PID=594) to work on /opt/airflow/dags/aracaju.py
[2025-12-20T01:12:07.131+0000] {processor.py:829} INFO - Processing file /opt/airflow/dags/aracaju.py for tasks to queue
[2025-12-20T01:12:07.132+0000] {logging_mixin.py:151} INFO - [2025-12-20T01:12:07.132+0000] {dagbag.py:539} INFO - Filling up the DagBag from /opt/airflow/dags/aracaju.py
[2025-12-20T01:12:07.389+0000] {processor.py:839} INFO - DAG(s) dict_keys(['processar_enderecos_aracaju']) retrieved from /opt/airflow/dags/aracaju.py
[2025-12-20T01:12:07.408+0000] {logging_mixin.py:151} INFO - [2025-12-20T01:12:07.407+0000] {dag.py:2915} INFO - Sync 1 DAGs
[2025-12-20T01:12:07.415+0000] {logging_mixin.py:151} INFO - [2025-12-20T01:12:07.415+0000] {dag.py:3696} INFO - Setting next_dagrun for processar_enderecos_aracaju to None, run_after=None
[2025-12-20T01:12:07.433+0000] {processor.py:179} INFO - Processing /opt/airflow/dags/aracaju.py took 0.306 seconds
[2025-12-20T01:12:14.188+0000] {processor.py:157} INFO - Started process (PID=600) to work on /opt/airflow/dags/aracaju.py
[2025-12-20T01:12:14.189+0000] {processor.py:829} INFO - Processing file /opt/airflow/dags/aracaju.py for tasks to queue
[2025-12-20T01:12:14.189+0000] {logging_mixin.py:151} INFO - [2025-12-20T01:12:14.189+0000] {dagbag.py:539} INFO - Filling up the DagBag from /opt/airflow/dags/aracaju.py
[2025-12-20T01:12:14.455+0000] {processor.py:839} INFO - DAG(s) dict_keys(['processar_enderecos_aracaju']) retrieved from /opt/airflow/dags/aracaju.py
[2025-12-20T01:12:14.472+0000] {logging_mixin.py:151} INFO - [2025-12-20T01:12:14.472+0000] {dag.py:2915} INFO - Sync 1 DAGs
[2025-12-20T01:12:14.481+0000] {logging_mixin.py:151} INFO - [2025-12-20T01:12:14.481+0000] {dag.py:3696} INFO - Setting next_dagrun for processar_enderecos_aracaju to None, run_after=None
[2025-12-20T01:12:14.494+0000] {processor.py:179} INFO - Processing /opt/airflow/dags/aracaju.py took 0.309 seconds
[2025-12-20T01:12:42.611+0000] {processor.py:157} INFO - Started process (PID=606) to work on /opt/airflow/dags/aracaju.py
[2025-12-20T01:12:42.612+0000] {processor.py:829} INFO - Processing file /opt/airflow/dags/aracaju.py for tasks to queue
[2025-12-20T01:12:42.613+0000] {logging_mixin.py:151} INFO - [2025-12-20T01:12:42.612+0000] {dagbag.py:539} INFO - Filling up the DagBag from /opt/airflow/dags/aracaju.py
[2025-12-20T01:12:42.861+0000] {processor.py:839} INFO - DAG(s) dict_keys(['processar_enderecos_aracaju']) retrieved from /opt/airflow/dags/aracaju.py
[2025-12-20T01:12:42.878+0000] {logging_mixin.py:151} INFO - [2025-12-20T01:12:42.878+0000] {dag.py:2915} INFO - Sync 1 DAGs
[2025-12-20T01:12:42.887+0000] {logging_mixin.py:151} INFO - [2025-12-20T01:12:42.887+0000] {dag.py:3696} INFO - Setting next_dagrun for processar_enderecos_aracaju to None, run_after=None
[2025-12-20T01:12:42.901+0000] {processor.py:179} INFO - Processing /opt/airflow/dags/aracaju.py took 0.293 seconds
[2025-12-20T01:12:50.653+0000] {processor.py:157} INFO - Started process (PID=612) to work on /opt/airflow/dags/aracaju.py
[2025-12-20T01:12:50.653+0000] {processor.py:829} INFO - Processing file /opt/airflow/dags/aracaju.py for tasks to queue
[2025-12-20T01:12:50.654+0000] {logging_mixin.py:151} INFO - [2025-12-20T01:12:50.654+0000] {dagbag.py:539} INFO - Filling up the DagBag from /opt/airflow/dags/aracaju.py
[2025-12-20T01:12:50.855+0000] {processor.py:839} INFO - DAG(s) dict_keys(['processar_enderecos_aracaju']) retrieved from /opt/airflow/dags/aracaju.py
[2025-12-20T01:12:50.874+0000] {logging_mixin.py:151} INFO - [2025-12-20T01:12:50.874+0000] {dag.py:2915} INFO - Sync 1 DAGs
[2025-12-20T01:12:50.883+0000] {logging_mixin.py:151} INFO - [2025-12-20T01:12:50.883+0000] {dag.py:3696} INFO - Setting next_dagrun for processar_enderecos_aracaju to None, run_after=None
[2025-12-20T01:12:50.899+0000] {processor.py:179} INFO - Processing /opt/airflow/dags/aracaju.py took 0.248 seconds
[2025-12-20T01:13:21.030+0000] {processor.py:157} INFO - Started process (PID=618) to work on /opt/airflow/dags/aracaju.py
[2025-12-20T01:13:21.031+0000] {processor.py:829} INFO - Processing file /opt/airflow/dags/aracaju.py for tasks to queue
[2025-12-20T01:13:21.032+0000] {logging_mixin.py:151} INFO - [2025-12-20T01:13:21.032+0000] {dagbag.py:539} INFO - Filling up the DagBag from /opt/airflow/dags/aracaju.py
[2025-12-20T01:13:21.328+0000] {processor.py:839} INFO - DAG(s) dict_keys(['processar_enderecos_aracaju']) retrieved from /opt/airflow/dags/aracaju.py
[2025-12-20T01:13:21.355+0000] {logging_mixin.py:151} INFO - [2025-12-20T01:13:21.354+0000] {dag.py:2915} INFO - Sync 1 DAGs
[2025-12-20T01:13:21.367+0000] {logging_mixin.py:151} INFO - [2025-12-20T01:13:21.367+0000] {dag.py:3696} INFO - Setting next_dagrun for processar_enderecos_aracaju to None, run_after=None
[2025-12-20T01:13:21.384+0000] {processor.py:179} INFO - Processing /opt/airflow/dags/aracaju.py took 0.356 seconds
[2025-12-20T01:13:27.057+0000] {processor.py:157} INFO - Started process (PID=624) to work on /opt/airflow/dags/aracaju.py
[2025-12-20T01:13:27.058+0000] {processor.py:829} INFO - Processing file /opt/airflow/dags/aracaju.py for tasks to queue
[2025-12-20T01:13:27.059+0000] {logging_mixin.py:151} INFO - [2025-12-20T01:13:27.058+0000] {dagbag.py:539} INFO - Filling up the DagBag from /opt/airflow/dags/aracaju.py
[2025-12-20T01:13:27.348+0000] {processor.py:839} INFO - DAG(s) dict_keys(['processar_enderecos_aracaju']) retrieved from /opt/airflow/dags/aracaju.py
[2025-12-20T01:13:27.373+0000] {logging_mixin.py:151} INFO - [2025-12-20T01:13:27.373+0000] {dag.py:2915} INFO - Sync 1 DAGs
[2025-12-20T01:13:27.385+0000] {logging_mixin.py:151} INFO - [2025-12-20T01:13:27.385+0000] {dag.py:3696} INFO - Setting next_dagrun for processar_enderecos_aracaju to None, run_after=None
[2025-12-20T01:13:27.403+0000] {processor.py:179} INFO - Processing /opt/airflow/dags/aracaju.py took 0.349 seconds
[2025-12-20T01:13:30.076+0000] {processor.py:157} INFO - Started process (PID=630) to work on /opt/airflow/dags/aracaju.py
[2025-12-20T01:13:30.077+0000] {processor.py:829} INFO - Processing file /opt/airflow/dags/aracaju.py for tasks to queue
[2025-12-20T01:13:30.078+0000] {logging_mixin.py:151} INFO - [2025-12-20T01:13:30.078+0000] {dagbag.py:539} INFO - Filling up the DagBag from /opt/airflow/dags/aracaju.py
[2025-12-20T01:13:30.365+0000] {processor.py:839} INFO - DAG(s) dict_keys(['processar_enderecos_aracaju']) retrieved from /opt/airflow/dags/aracaju.py
[2025-12-20T01:13:30.392+0000] {logging_mixin.py:151} INFO - [2025-12-20T01:13:30.392+0000] {dag.py:2915} INFO - Sync 1 DAGs
[2025-12-20T01:13:30.404+0000] {logging_mixin.py:151} INFO - [2025-12-20T01:13:30.403+0000] {dag.py:3696} INFO - Setting next_dagrun for processar_enderecos_aracaju to None, run_after=None
[2025-12-20T01:13:30.421+0000] {processor.py:179} INFO - Processing /opt/airflow/dags/aracaju.py took 0.349 seconds
[2025-12-20T01:13:33.461+0000] {processor.py:157} INFO - Started process (PID=636) to work on /opt/airflow/dags/aracaju.py
[2025-12-20T01:13:33.461+0000] {processor.py:829} INFO - Processing file /opt/airflow/dags/aracaju.py for tasks to queue
[2025-12-20T01:13:33.462+0000] {logging_mixin.py:151} INFO - [2025-12-20T01:13:33.462+0000] {dagbag.py:539} INFO - Filling up the DagBag from /opt/airflow/dags/aracaju.py
[2025-12-20T01:13:33.742+0000] {processor.py:839} INFO - DAG(s) dict_keys(['processar_enderecos_aracaju']) retrieved from /opt/airflow/dags/aracaju.py
[2025-12-20T01:13:33.760+0000] {logging_mixin.py:151} INFO - [2025-12-20T01:13:33.759+0000] {dag.py:2915} INFO - Sync 1 DAGs
[2025-12-20T01:13:33.768+0000] {logging_mixin.py:151} INFO - [2025-12-20T01:13:33.768+0000] {dag.py:3696} INFO - Setting next_dagrun for processar_enderecos_aracaju to None, run_after=None
[2025-12-20T01:13:33.781+0000] {processor.py:179} INFO - Processing /opt/airflow/dags/aracaju.py took 0.323 seconds
[2025-12-20T01:14:03.901+0000] {processor.py:157} INFO - Started process (PID=642) to work on /opt/airflow/dags/aracaju.py
[2025-12-20T01:14:03.902+0000] {processor.py:829} INFO - Processing file /opt/airflow/dags/aracaju.py for tasks to queue
[2025-12-20T01:14:03.902+0000] {logging_mixin.py:151} INFO - [2025-12-20T01:14:03.902+0000] {dagbag.py:539} INFO - Filling up the DagBag from /opt/airflow/dags/aracaju.py
[2025-12-20T01:14:04.157+0000] {processor.py:839} INFO - DAG(s) dict_keys(['processar_enderecos_aracaju']) retrieved from /opt/airflow/dags/aracaju.py
[2025-12-20T01:14:04.175+0000] {logging_mixin.py:151} INFO - [2025-12-20T01:14:04.175+0000] {dag.py:2915} INFO - Sync 1 DAGs
[2025-12-20T01:14:04.185+0000] {logging_mixin.py:151} INFO - [2025-12-20T01:14:04.185+0000] {dag.py:3696} INFO - Setting next_dagrun for processar_enderecos_aracaju to None, run_after=None
[2025-12-20T01:14:04.200+0000] {processor.py:179} INFO - Processing /opt/airflow/dags/aracaju.py took 0.302 seconds
[2025-12-20T01:14:34.325+0000] {processor.py:157} INFO - Started process (PID=648) to work on /opt/airflow/dags/aracaju.py
[2025-12-20T01:14:34.326+0000] {processor.py:829} INFO - Processing file /opt/airflow/dags/aracaju.py for tasks to queue
[2025-12-20T01:14:34.327+0000] {logging_mixin.py:151} INFO - [2025-12-20T01:14:34.327+0000] {dagbag.py:539} INFO - Filling up the DagBag from /opt/airflow/dags/aracaju.py
[2025-12-20T01:14:34.541+0000] {processor.py:839} INFO - DAG(s) dict_keys(['processar_enderecos_aracaju']) retrieved from /opt/airflow/dags/aracaju.py
[2025-12-20T01:14:34.560+0000] {logging_mixin.py:151} INFO - [2025-12-20T01:14:34.559+0000] {dag.py:2915} INFO - Sync 1 DAGs
[2025-12-20T01:14:34.568+0000] {logging_mixin.py:151} INFO - [2025-12-20T01:14:34.568+0000] {dag.py:3696} INFO - Setting next_dagrun for processar_enderecos_aracaju to None, run_after=None
[2025-12-20T01:14:34.582+0000] {processor.py:179} INFO - Processing /opt/airflow/dags/aracaju.py took 0.260 seconds
[2025-12-20T01:15:04.718+0000] {processor.py:157} INFO - Started process (PID=654) to work on /opt/airflow/dags/aracaju.py
[2025-12-20T01:15:04.719+0000] {processor.py:829} INFO - Processing file /opt/airflow/dags/aracaju.py for tasks to queue
[2025-12-20T01:15:04.720+0000] {logging_mixin.py:151} INFO - [2025-12-20T01:15:04.720+0000] {dagbag.py:539} INFO - Filling up the DagBag from /opt/airflow/dags/aracaju.py
[2025-12-20T01:15:05.023+0000] {processor.py:839} INFO - DAG(s) dict_keys(['processar_enderecos_aracaju']) retrieved from /opt/airflow/dags/aracaju.py
[2025-12-20T01:15:05.046+0000] {logging_mixin.py:151} INFO - [2025-12-20T01:15:05.046+0000] {dag.py:2915} INFO - Sync 1 DAGs
[2025-12-20T01:15:05.059+0000] {logging_mixin.py:151} INFO - [2025-12-20T01:15:05.059+0000] {dag.py:3696} INFO - Setting next_dagrun for processar_enderecos_aracaju to None, run_after=None
[2025-12-20T01:15:05.077+0000] {processor.py:179} INFO - Processing /opt/airflow/dags/aracaju.py took 0.362 seconds
[2025-12-20T01:15:35.212+0000] {processor.py:157} INFO - Started process (PID=660) to work on /opt/airflow/dags/aracaju.py
[2025-12-20T01:15:35.214+0000] {processor.py:829} INFO - Processing file /opt/airflow/dags/aracaju.py for tasks to queue
[2025-12-20T01:15:35.215+0000] {logging_mixin.py:151} INFO - [2025-12-20T01:15:35.214+0000] {dagbag.py:539} INFO - Filling up the DagBag from /opt/airflow/dags/aracaju.py
[2025-12-20T01:15:35.502+0000] {processor.py:839} INFO - DAG(s) dict_keys(['processar_enderecos_aracaju']) retrieved from /opt/airflow/dags/aracaju.py
[2025-12-20T01:15:35.526+0000] {logging_mixin.py:151} INFO - [2025-12-20T01:15:35.525+0000] {dag.py:2915} INFO - Sync 1 DAGs
[2025-12-20T01:15:35.537+0000] {logging_mixin.py:151} INFO - [2025-12-20T01:15:35.536+0000] {dag.py:3696} INFO - Setting next_dagrun for processar_enderecos_aracaju to None, run_after=None
[2025-12-20T01:15:35.548+0000] {processor.py:179} INFO - Processing /opt/airflow/dags/aracaju.py took 0.339 seconds
[2025-12-20T01:16:05.682+0000] {processor.py:157} INFO - Started process (PID=666) to work on /opt/airflow/dags/aracaju.py
[2025-12-20T01:16:05.683+0000] {processor.py:829} INFO - Processing file /opt/airflow/dags/aracaju.py for tasks to queue
[2025-12-20T01:16:05.684+0000] {logging_mixin.py:151} INFO - [2025-12-20T01:16:05.684+0000] {dagbag.py:539} INFO - Filling up the DagBag from /opt/airflow/dags/aracaju.py
[2025-12-20T01:16:05.980+0000] {processor.py:839} INFO - DAG(s) dict_keys(['processar_enderecos_aracaju']) retrieved from /opt/airflow/dags/aracaju.py
[2025-12-20T01:16:06.006+0000] {logging_mixin.py:151} INFO - [2025-12-20T01:16:06.005+0000] {dag.py:2915} INFO - Sync 1 DAGs
[2025-12-20T01:16:06.018+0000] {logging_mixin.py:151} INFO - [2025-12-20T01:16:06.018+0000] {dag.py:3696} INFO - Setting next_dagrun for processar_enderecos_aracaju to None, run_after=None
[2025-12-20T01:16:06.034+0000] {processor.py:179} INFO - Processing /opt/airflow/dags/aracaju.py took 0.355 seconds
[2025-12-20T01:16:36.172+0000] {processor.py:157} INFO - Started process (PID=672) to work on /opt/airflow/dags/aracaju.py
[2025-12-20T01:16:36.173+0000] {processor.py:829} INFO - Processing file /opt/airflow/dags/aracaju.py for tasks to queue
[2025-12-20T01:16:36.173+0000] {logging_mixin.py:151} INFO - [2025-12-20T01:16:36.173+0000] {dagbag.py:539} INFO - Filling up the DagBag from /opt/airflow/dags/aracaju.py
[2025-12-20T01:16:36.389+0000] {processor.py:839} INFO - DAG(s) dict_keys(['processar_enderecos_aracaju']) retrieved from /opt/airflow/dags/aracaju.py
[2025-12-20T01:16:36.410+0000] {logging_mixin.py:151} INFO - [2025-12-20T01:16:36.409+0000] {dag.py:2915} INFO - Sync 1 DAGs
[2025-12-20T01:16:36.418+0000] {logging_mixin.py:151} INFO - [2025-12-20T01:16:36.418+0000] {dag.py:3696} INFO - Setting next_dagrun for processar_enderecos_aracaju to None, run_after=None
[2025-12-20T01:16:36.431+0000] {processor.py:179} INFO - Processing /opt/airflow/dags/aracaju.py took 0.262 seconds
[2025-12-20T01:17:06.561+0000] {processor.py:157} INFO - Started process (PID=678) to work on /opt/airflow/dags/aracaju.py
[2025-12-20T01:17:06.562+0000] {processor.py:829} INFO - Processing file /opt/airflow/dags/aracaju.py for tasks to queue
[2025-12-20T01:17:06.563+0000] {logging_mixin.py:151} INFO - [2025-12-20T01:17:06.563+0000] {dagbag.py:539} INFO - Filling up the DagBag from /opt/airflow/dags/aracaju.py
[2025-12-20T01:17:06.852+0000] {processor.py:839} INFO - DAG(s) dict_keys(['processar_enderecos_aracaju']) retrieved from /opt/airflow/dags/aracaju.py
[2025-12-20T01:17:06.877+0000] {logging_mixin.py:151} INFO - [2025-12-20T01:17:06.877+0000] {dag.py:2915} INFO - Sync 1 DAGs
[2025-12-20T01:17:06.889+0000] {logging_mixin.py:151} INFO - [2025-12-20T01:17:06.888+0000] {dag.py:3696} INFO - Setting next_dagrun for processar_enderecos_aracaju to None, run_after=None
[2025-12-20T01:17:06.906+0000] {processor.py:179} INFO - Processing /opt/airflow/dags/aracaju.py took 0.348 seconds
[2025-12-20T01:17:37.044+0000] {processor.py:157} INFO - Started process (PID=684) to work on /opt/airflow/dags/aracaju.py
[2025-12-20T01:17:37.046+0000] {processor.py:829} INFO - Processing file /opt/airflow/dags/aracaju.py for tasks to queue
[2025-12-20T01:17:37.046+0000] {logging_mixin.py:151} INFO - [2025-12-20T01:17:37.046+0000] {dagbag.py:539} INFO - Filling up the DagBag from /opt/airflow/dags/aracaju.py
[2025-12-20T01:17:37.357+0000] {processor.py:839} INFO - DAG(s) dict_keys(['processar_enderecos_aracaju']) retrieved from /opt/airflow/dags/aracaju.py
[2025-12-20T01:17:37.377+0000] {logging_mixin.py:151} INFO - [2025-12-20T01:17:37.377+0000] {dag.py:2915} INFO - Sync 1 DAGs
[2025-12-20T01:17:37.386+0000] {logging_mixin.py:151} INFO - [2025-12-20T01:17:37.386+0000] {dag.py:3696} INFO - Setting next_dagrun for processar_enderecos_aracaju to None, run_after=None
[2025-12-20T01:17:37.400+0000] {processor.py:179} INFO - Processing /opt/airflow/dags/aracaju.py took 0.358 seconds
[2025-12-20T01:18:07.442+0000] {processor.py:157} INFO - Started process (PID=696) to work on /opt/airflow/dags/aracaju.py
[2025-12-20T01:18:07.443+0000] {processor.py:829} INFO - Processing file /opt/airflow/dags/aracaju.py for tasks to queue
[2025-12-20T01:18:07.443+0000] {logging_mixin.py:151} INFO - [2025-12-20T01:18:07.443+0000] {dagbag.py:539} INFO - Filling up the DagBag from /opt/airflow/dags/aracaju.py
[2025-12-20T01:18:07.641+0000] {processor.py:839} INFO - DAG(s) dict_keys(['processar_enderecos_aracaju']) retrieved from /opt/airflow/dags/aracaju.py
[2025-12-20T01:18:07.660+0000] {logging_mixin.py:151} INFO - [2025-12-20T01:18:07.659+0000] {dag.py:2915} INFO - Sync 1 DAGs
[2025-12-20T01:18:07.668+0000] {logging_mixin.py:151} INFO - [2025-12-20T01:18:07.668+0000] {dag.py:3696} INFO - Setting next_dagrun for processar_enderecos_aracaju to None, run_after=None
[2025-12-20T01:18:07.682+0000] {processor.py:179} INFO - Processing /opt/airflow/dags/aracaju.py took 0.242 seconds
[2025-12-20T01:18:37.832+0000] {processor.py:157} INFO - Started process (PID=708) to work on /opt/airflow/dags/aracaju.py
[2025-12-20T01:18:37.834+0000] {processor.py:829} INFO - Processing file /opt/airflow/dags/aracaju.py for tasks to queue
[2025-12-20T01:18:37.835+0000] {logging_mixin.py:151} INFO - [2025-12-20T01:18:37.835+0000] {dagbag.py:539} INFO - Filling up the DagBag from /opt/airflow/dags/aracaju.py
[2025-12-20T01:18:38.131+0000] {processor.py:839} INFO - DAG(s) dict_keys(['processar_enderecos_aracaju']) retrieved from /opt/airflow/dags/aracaju.py
[2025-12-20T01:18:38.157+0000] {logging_mixin.py:151} INFO - [2025-12-20T01:18:38.156+0000] {dag.py:2915} INFO - Sync 1 DAGs
[2025-12-20T01:18:38.171+0000] {logging_mixin.py:151} INFO - [2025-12-20T01:18:38.171+0000] {dag.py:3696} INFO - Setting next_dagrun for processar_enderecos_aracaju to None, run_after=None
[2025-12-20T01:18:38.187+0000] {processor.py:179} INFO - Processing /opt/airflow/dags/aracaju.py took 0.358 seconds
[2025-12-20T01:19:08.325+0000] {processor.py:157} INFO - Started process (PID=720) to work on /opt/airflow/dags/aracaju.py
[2025-12-20T01:19:08.326+0000] {processor.py:829} INFO - Processing file /opt/airflow/dags/aracaju.py for tasks to queue
[2025-12-20T01:19:08.327+0000] {logging_mixin.py:151} INFO - [2025-12-20T01:19:08.327+0000] {dagbag.py:539} INFO - Filling up the DagBag from /opt/airflow/dags/aracaju.py
[2025-12-20T01:19:08.576+0000] {processor.py:839} INFO - DAG(s) dict_keys(['processar_enderecos_aracaju']) retrieved from /opt/airflow/dags/aracaju.py
[2025-12-20T01:19:08.595+0000] {logging_mixin.py:151} INFO - [2025-12-20T01:19:08.594+0000] {dag.py:2915} INFO - Sync 1 DAGs
[2025-12-20T01:19:08.603+0000] {logging_mixin.py:151} INFO - [2025-12-20T01:19:08.603+0000] {dag.py:3696} INFO - Setting next_dagrun for processar_enderecos_aracaju to None, run_after=None
[2025-12-20T01:19:08.614+0000] {processor.py:179} INFO - Processing /opt/airflow/dags/aracaju.py took 0.292 seconds
[2025-12-20T01:19:38.657+0000] {processor.py:157} INFO - Started process (PID=732) to work on /opt/airflow/dags/aracaju.py
[2025-12-20T01:19:38.658+0000] {processor.py:829} INFO - Processing file /opt/airflow/dags/aracaju.py for tasks to queue
[2025-12-20T01:19:38.659+0000] {logging_mixin.py:151} INFO - [2025-12-20T01:19:38.659+0000] {dagbag.py:539} INFO - Filling up the DagBag from /opt/airflow/dags/aracaju.py
[2025-12-20T01:19:38.890+0000] {processor.py:839} INFO - DAG(s) dict_keys(['processar_enderecos_aracaju']) retrieved from /opt/airflow/dags/aracaju.py
[2025-12-20T01:19:38.909+0000] {logging_mixin.py:151} INFO - [2025-12-20T01:19:38.908+0000] {dag.py:2915} INFO - Sync 1 DAGs
[2025-12-20T01:19:38.917+0000] {logging_mixin.py:151} INFO - [2025-12-20T01:19:38.917+0000] {dag.py:3696} INFO - Setting next_dagrun for processar_enderecos_aracaju to None, run_after=None
[2025-12-20T01:19:38.931+0000] {processor.py:179} INFO - Processing /opt/airflow/dags/aracaju.py took 0.277 seconds
[2025-12-20T01:20:08.997+0000] {processor.py:157} INFO - Started process (PID=744) to work on /opt/airflow/dags/aracaju.py
[2025-12-20T01:20:08.998+0000] {processor.py:829} INFO - Processing file /opt/airflow/dags/aracaju.py for tasks to queue
[2025-12-20T01:20:08.999+0000] {logging_mixin.py:151} INFO - [2025-12-20T01:20:08.999+0000] {dagbag.py:539} INFO - Filling up the DagBag from /opt/airflow/dags/aracaju.py
[2025-12-20T01:20:09.212+0000] {processor.py:839} INFO - DAG(s) dict_keys(['processar_enderecos_aracaju']) retrieved from /opt/airflow/dags/aracaju.py
[2025-12-20T01:20:09.232+0000] {logging_mixin.py:151} INFO - [2025-12-20T01:20:09.232+0000] {dag.py:2915} INFO - Sync 1 DAGs
[2025-12-20T01:20:09.241+0000] {logging_mixin.py:151} INFO - [2025-12-20T01:20:09.240+0000] {dag.py:3696} INFO - Setting next_dagrun for processar_enderecos_aracaju to None, run_after=None
[2025-12-20T01:20:09.253+0000] {processor.py:179} INFO - Processing /opt/airflow/dags/aracaju.py took 0.258 seconds
[2025-12-20T01:20:39.343+0000] {processor.py:157} INFO - Started process (PID=756) to work on /opt/airflow/dags/aracaju.py
[2025-12-20T01:20:39.345+0000] {processor.py:829} INFO - Processing file /opt/airflow/dags/aracaju.py for tasks to queue
[2025-12-20T01:20:39.345+0000] {logging_mixin.py:151} INFO - [2025-12-20T01:20:39.345+0000] {dagbag.py:539} INFO - Filling up the DagBag from /opt/airflow/dags/aracaju.py
[2025-12-20T01:20:39.597+0000] {processor.py:839} INFO - DAG(s) dict_keys(['processar_enderecos_aracaju']) retrieved from /opt/airflow/dags/aracaju.py
[2025-12-20T01:20:39.615+0000] {logging_mixin.py:151} INFO - [2025-12-20T01:20:39.615+0000] {dag.py:2915} INFO - Sync 1 DAGs
[2025-12-20T01:20:39.624+0000] {logging_mixin.py:151} INFO - [2025-12-20T01:20:39.624+0000] {dag.py:3696} INFO - Setting next_dagrun for processar_enderecos_aracaju to None, run_after=None
[2025-12-20T01:20:39.637+0000] {processor.py:179} INFO - Processing /opt/airflow/dags/aracaju.py took 0.297 seconds
[2025-12-20T01:21:09.717+0000] {processor.py:157} INFO - Started process (PID=768) to work on /opt/airflow/dags/aracaju.py
[2025-12-20T01:21:09.719+0000] {processor.py:829} INFO - Processing file /opt/airflow/dags/aracaju.py for tasks to queue
[2025-12-20T01:21:09.720+0000] {logging_mixin.py:151} INFO - [2025-12-20T01:21:09.719+0000] {dagbag.py:539} INFO - Filling up the DagBag from /opt/airflow/dags/aracaju.py
[2025-12-20T01:21:09.973+0000] {processor.py:839} INFO - DAG(s) dict_keys(['processar_enderecos_aracaju']) retrieved from /opt/airflow/dags/aracaju.py
[2025-12-20T01:21:09.992+0000] {logging_mixin.py:151} INFO - [2025-12-20T01:21:09.992+0000] {dag.py:2915} INFO - Sync 1 DAGs
[2025-12-20T01:21:10.005+0000] {logging_mixin.py:151} INFO - [2025-12-20T01:21:10.005+0000] {dag.py:3696} INFO - Setting next_dagrun for processar_enderecos_aracaju to None, run_after=None
[2025-12-20T01:21:10.020+0000] {processor.py:179} INFO - Processing /opt/airflow/dags/aracaju.py took 0.306 seconds
[2025-12-20T01:21:40.086+0000] {processor.py:157} INFO - Started process (PID=780) to work on /opt/airflow/dags/aracaju.py
[2025-12-20T01:21:40.087+0000] {processor.py:829} INFO - Processing file /opt/airflow/dags/aracaju.py for tasks to queue
[2025-12-20T01:21:40.087+0000] {logging_mixin.py:151} INFO - [2025-12-20T01:21:40.087+0000] {dagbag.py:539} INFO - Filling up the DagBag from /opt/airflow/dags/aracaju.py
[2025-12-20T01:21:40.328+0000] {processor.py:839} INFO - DAG(s) dict_keys(['processar_enderecos_aracaju']) retrieved from /opt/airflow/dags/aracaju.py
[2025-12-20T01:21:40.347+0000] {logging_mixin.py:151} INFO - [2025-12-20T01:21:40.346+0000] {dag.py:2915} INFO - Sync 1 DAGs
[2025-12-20T01:21:40.356+0000] {logging_mixin.py:151} INFO - [2025-12-20T01:21:40.356+0000] {dag.py:3696} INFO - Setting next_dagrun for processar_enderecos_aracaju to None, run_after=None
[2025-12-20T01:21:40.370+0000] {processor.py:179} INFO - Processing /opt/airflow/dags/aracaju.py took 0.286 seconds
[2025-12-20T01:22:10.436+0000] {processor.py:157} INFO - Started process (PID=792) to work on /opt/airflow/dags/aracaju.py
[2025-12-20T01:22:10.437+0000] {processor.py:829} INFO - Processing file /opt/airflow/dags/aracaju.py for tasks to queue
[2025-12-20T01:22:10.438+0000] {logging_mixin.py:151} INFO - [2025-12-20T01:22:10.438+0000] {dagbag.py:539} INFO - Filling up the DagBag from /opt/airflow/dags/aracaju.py
[2025-12-20T01:22:10.677+0000] {processor.py:839} INFO - DAG(s) dict_keys(['processar_enderecos_aracaju']) retrieved from /opt/airflow/dags/aracaju.py
[2025-12-20T01:22:10.697+0000] {logging_mixin.py:151} INFO - [2025-12-20T01:22:10.697+0000] {dag.py:2915} INFO - Sync 1 DAGs
[2025-12-20T01:22:10.707+0000] {logging_mixin.py:151} INFO - [2025-12-20T01:22:10.706+0000] {dag.py:3696} INFO - Setting next_dagrun for processar_enderecos_aracaju to None, run_after=None
[2025-12-20T01:22:10.719+0000] {processor.py:179} INFO - Processing /opt/airflow/dags/aracaju.py took 0.286 seconds
[2025-12-20T01:22:40.802+0000] {processor.py:157} INFO - Started process (PID=804) to work on /opt/airflow/dags/aracaju.py
[2025-12-20T01:22:40.804+0000] {processor.py:829} INFO - Processing file /opt/airflow/dags/aracaju.py for tasks to queue
[2025-12-20T01:22:40.804+0000] {logging_mixin.py:151} INFO - [2025-12-20T01:22:40.804+0000] {dagbag.py:539} INFO - Filling up the DagBag from /opt/airflow/dags/aracaju.py
[2025-12-20T01:22:41.044+0000] {processor.py:839} INFO - DAG(s) dict_keys(['processar_enderecos_aracaju']) retrieved from /opt/airflow/dags/aracaju.py
[2025-12-20T01:22:41.063+0000] {logging_mixin.py:151} INFO - [2025-12-20T01:22:41.063+0000] {dag.py:2915} INFO - Sync 1 DAGs
[2025-12-20T01:22:41.072+0000] {logging_mixin.py:151} INFO - [2025-12-20T01:22:41.072+0000] {dag.py:3696} INFO - Setting next_dagrun for processar_enderecos_aracaju to None, run_after=None
[2025-12-20T01:22:41.086+0000] {processor.py:179} INFO - Processing /opt/airflow/dags/aracaju.py took 0.287 seconds
[2025-12-20T01:23:11.205+0000] {processor.py:157} INFO - Started process (PID=816) to work on /opt/airflow/dags/aracaju.py
[2025-12-20T01:23:11.206+0000] {processor.py:829} INFO - Processing file /opt/airflow/dags/aracaju.py for tasks to queue
[2025-12-20T01:23:11.206+0000] {logging_mixin.py:151} INFO - [2025-12-20T01:23:11.206+0000] {dagbag.py:539} INFO - Filling up the DagBag from /opt/airflow/dags/aracaju.py
[2025-12-20T01:23:11.433+0000] {processor.py:839} INFO - DAG(s) dict_keys(['processar_enderecos_aracaju']) retrieved from /opt/airflow/dags/aracaju.py
[2025-12-20T01:23:11.452+0000] {logging_mixin.py:151} INFO - [2025-12-20T01:23:11.451+0000] {dag.py:2915} INFO - Sync 1 DAGs
[2025-12-20T01:23:11.460+0000] {logging_mixin.py:151} INFO - [2025-12-20T01:23:11.460+0000] {dag.py:3696} INFO - Setting next_dagrun for processar_enderecos_aracaju to None, run_after=None
[2025-12-20T01:23:11.473+0000] {processor.py:179} INFO - Processing /opt/airflow/dags/aracaju.py took 0.270 seconds
[2025-12-20T01:23:41.558+0000] {processor.py:157} INFO - Started process (PID=828) to work on /opt/airflow/dags/aracaju.py
[2025-12-20T01:23:41.559+0000] {processor.py:829} INFO - Processing file /opt/airflow/dags/aracaju.py for tasks to queue
[2025-12-20T01:23:41.559+0000] {logging_mixin.py:151} INFO - [2025-12-20T01:23:41.559+0000] {dagbag.py:539} INFO - Filling up the DagBag from /opt/airflow/dags/aracaju.py
[2025-12-20T01:23:41.785+0000] {processor.py:839} INFO - DAG(s) dict_keys(['processar_enderecos_aracaju']) retrieved from /opt/airflow/dags/aracaju.py
[2025-12-20T01:23:41.806+0000] {logging_mixin.py:151} INFO - [2025-12-20T01:23:41.805+0000] {dag.py:2915} INFO - Sync 1 DAGs
[2025-12-20T01:23:41.815+0000] {logging_mixin.py:151} INFO - [2025-12-20T01:23:41.815+0000] {dag.py:3696} INFO - Setting next_dagrun for processar_enderecos_aracaju to None, run_after=None
[2025-12-20T01:23:41.832+0000] {processor.py:179} INFO - Processing /opt/airflow/dags/aracaju.py took 0.277 seconds
[2025-12-20T01:24:11.901+0000] {processor.py:157} INFO - Started process (PID=840) to work on /opt/airflow/dags/aracaju.py
[2025-12-20T01:24:11.902+0000] {processor.py:829} INFO - Processing file /opt/airflow/dags/aracaju.py for tasks to queue
[2025-12-20T01:24:11.903+0000] {logging_mixin.py:151} INFO - [2025-12-20T01:24:11.902+0000] {dagbag.py:539} INFO - Filling up the DagBag from /opt/airflow/dags/aracaju.py
[2025-12-20T01:24:12.121+0000] {processor.py:839} INFO - DAG(s) dict_keys(['processar_enderecos_aracaju']) retrieved from /opt/airflow/dags/aracaju.py
[2025-12-20T01:24:12.140+0000] {logging_mixin.py:151} INFO - [2025-12-20T01:24:12.139+0000] {dag.py:2915} INFO - Sync 1 DAGs
[2025-12-20T01:24:12.149+0000] {logging_mixin.py:151} INFO - [2025-12-20T01:24:12.149+0000] {dag.py:3696} INFO - Setting next_dagrun for processar_enderecos_aracaju to None, run_after=None
[2025-12-20T01:24:12.163+0000] {processor.py:179} INFO - Processing /opt/airflow/dags/aracaju.py took 0.264 seconds
[2025-12-20T01:24:42.251+0000] {processor.py:157} INFO - Started process (PID=852) to work on /opt/airflow/dags/aracaju.py
[2025-12-20T01:24:42.252+0000] {processor.py:829} INFO - Processing file /opt/airflow/dags/aracaju.py for tasks to queue
[2025-12-20T01:24:42.253+0000] {logging_mixin.py:151} INFO - [2025-12-20T01:24:42.253+0000] {dagbag.py:539} INFO - Filling up the DagBag from /opt/airflow/dags/aracaju.py
[2025-12-20T01:24:42.487+0000] {processor.py:839} INFO - DAG(s) dict_keys(['processar_enderecos_aracaju']) retrieved from /opt/airflow/dags/aracaju.py
[2025-12-20T01:24:42.508+0000] {logging_mixin.py:151} INFO - [2025-12-20T01:24:42.507+0000] {dag.py:2915} INFO - Sync 1 DAGs
[2025-12-20T01:24:42.517+0000] {logging_mixin.py:151} INFO - [2025-12-20T01:24:42.517+0000] {dag.py:3696} INFO - Setting next_dagrun for processar_enderecos_aracaju to None, run_after=None
[2025-12-20T01:24:42.531+0000] {processor.py:179} INFO - Processing /opt/airflow/dags/aracaju.py took 0.283 seconds
[2025-12-20T01:25:12.593+0000] {processor.py:157} INFO - Started process (PID=864) to work on /opt/airflow/dags/aracaju.py
[2025-12-20T01:25:12.594+0000] {processor.py:829} INFO - Processing file /opt/airflow/dags/aracaju.py for tasks to queue
[2025-12-20T01:25:12.595+0000] {logging_mixin.py:151} INFO - [2025-12-20T01:25:12.595+0000] {dagbag.py:539} INFO - Filling up the DagBag from /opt/airflow/dags/aracaju.py
[2025-12-20T01:25:12.813+0000] {processor.py:839} INFO - DAG(s) dict_keys(['processar_enderecos_aracaju']) retrieved from /opt/airflow/dags/aracaju.py
[2025-12-20T01:25:12.832+0000] {logging_mixin.py:151} INFO - [2025-12-20T01:25:12.832+0000] {dag.py:2915} INFO - Sync 1 DAGs
[2025-12-20T01:25:12.841+0000] {logging_mixin.py:151} INFO - [2025-12-20T01:25:12.841+0000] {dag.py:3696} INFO - Setting next_dagrun for processar_enderecos_aracaju to None, run_after=None
[2025-12-20T01:25:12.854+0000] {processor.py:179} INFO - Processing /opt/airflow/dags/aracaju.py took 0.264 seconds
[2025-12-20T01:25:42.926+0000] {processor.py:157} INFO - Started process (PID=876) to work on /opt/airflow/dags/aracaju.py
[2025-12-20T01:25:42.927+0000] {processor.py:829} INFO - Processing file /opt/airflow/dags/aracaju.py for tasks to queue
[2025-12-20T01:25:42.927+0000] {logging_mixin.py:151} INFO - [2025-12-20T01:25:42.927+0000] {dagbag.py:539} INFO - Filling up the DagBag from /opt/airflow/dags/aracaju.py
[2025-12-20T01:25:43.149+0000] {processor.py:839} INFO - DAG(s) dict_keys(['processar_enderecos_aracaju']) retrieved from /opt/airflow/dags/aracaju.py
[2025-12-20T01:25:43.168+0000] {logging_mixin.py:151} INFO - [2025-12-20T01:25:43.167+0000] {dag.py:2915} INFO - Sync 1 DAGs
[2025-12-20T01:25:43.176+0000] {logging_mixin.py:151} INFO - [2025-12-20T01:25:43.176+0000] {dag.py:3696} INFO - Setting next_dagrun for processar_enderecos_aracaju to None, run_after=None
[2025-12-20T01:25:43.189+0000] {processor.py:179} INFO - Processing /opt/airflow/dags/aracaju.py took 0.266 seconds
[2025-12-20T01:26:13.276+0000] {processor.py:157} INFO - Started process (PID=888) to work on /opt/airflow/dags/aracaju.py
[2025-12-20T01:26:13.277+0000] {processor.py:829} INFO - Processing file /opt/airflow/dags/aracaju.py for tasks to queue
[2025-12-20T01:26:13.278+0000] {logging_mixin.py:151} INFO - [2025-12-20T01:26:13.277+0000] {dagbag.py:539} INFO - Filling up the DagBag from /opt/airflow/dags/aracaju.py
[2025-12-20T01:26:13.551+0000] {processor.py:839} INFO - DAG(s) dict_keys(['processar_enderecos_aracaju']) retrieved from /opt/airflow/dags/aracaju.py
[2025-12-20T01:26:13.569+0000] {logging_mixin.py:151} INFO - [2025-12-20T01:26:13.569+0000] {dag.py:2915} INFO - Sync 1 DAGs
[2025-12-20T01:26:13.579+0000] {logging_mixin.py:151} INFO - [2025-12-20T01:26:13.579+0000] {dag.py:3696} INFO - Setting next_dagrun for processar_enderecos_aracaju to None, run_after=None
[2025-12-20T01:26:13.592+0000] {processor.py:179} INFO - Processing /opt/airflow/dags/aracaju.py took 0.319 seconds
[2025-12-20T01:26:43.726+0000] {processor.py:157} INFO - Started process (PID=900) to work on /opt/airflow/dags/aracaju.py
[2025-12-20T01:26:43.727+0000] {processor.py:829} INFO - Processing file /opt/airflow/dags/aracaju.py for tasks to queue
[2025-12-20T01:26:43.728+0000] {logging_mixin.py:151} INFO - [2025-12-20T01:26:43.728+0000] {dagbag.py:539} INFO - Filling up the DagBag from /opt/airflow/dags/aracaju.py
[2025-12-20T01:26:44.006+0000] {processor.py:839} INFO - DAG(s) dict_keys(['processar_enderecos_aracaju']) retrieved from /opt/airflow/dags/aracaju.py
[2025-12-20T01:26:44.031+0000] {logging_mixin.py:151} INFO - [2025-12-20T01:26:44.031+0000] {dag.py:2915} INFO - Sync 1 DAGs
[2025-12-20T01:26:44.043+0000] {logging_mixin.py:151} INFO - [2025-12-20T01:26:44.043+0000] {dag.py:3696} INFO - Setting next_dagrun for processar_enderecos_aracaju to None, run_after=None
[2025-12-20T01:26:44.060+0000] {processor.py:179} INFO - Processing /opt/airflow/dags/aracaju.py took 0.338 seconds
[2025-12-20T01:27:14.177+0000] {processor.py:157} INFO - Started process (PID=912) to work on /opt/airflow/dags/aracaju.py
[2025-12-20T01:27:14.178+0000] {processor.py:829} INFO - Processing file /opt/airflow/dags/aracaju.py for tasks to queue
[2025-12-20T01:27:14.179+0000] {logging_mixin.py:151} INFO - [2025-12-20T01:27:14.179+0000] {dagbag.py:539} INFO - Filling up the DagBag from /opt/airflow/dags/aracaju.py
[2025-12-20T01:27:14.461+0000] {processor.py:839} INFO - DAG(s) dict_keys(['processar_enderecos_aracaju']) retrieved from /opt/airflow/dags/aracaju.py
[2025-12-20T01:27:14.485+0000] {logging_mixin.py:151} INFO - [2025-12-20T01:27:14.484+0000] {dag.py:2915} INFO - Sync 1 DAGs
[2025-12-20T01:27:14.498+0000] {logging_mixin.py:151} INFO - [2025-12-20T01:27:14.498+0000] {dag.py:3696} INFO - Setting next_dagrun for processar_enderecos_aracaju to None, run_after=None
[2025-12-20T01:27:14.514+0000] {processor.py:179} INFO - Processing /opt/airflow/dags/aracaju.py took 0.339 seconds
[2025-12-20T01:27:44.623+0000] {processor.py:157} INFO - Started process (PID=924) to work on /opt/airflow/dags/aracaju.py
[2025-12-20T01:27:44.624+0000] {processor.py:829} INFO - Processing file /opt/airflow/dags/aracaju.py for tasks to queue
[2025-12-20T01:27:44.625+0000] {logging_mixin.py:151} INFO - [2025-12-20T01:27:44.624+0000] {dagbag.py:539} INFO - Filling up the DagBag from /opt/airflow/dags/aracaju.py
[2025-12-20T01:27:44.903+0000] {processor.py:839} INFO - DAG(s) dict_keys(['processar_enderecos_aracaju']) retrieved from /opt/airflow/dags/aracaju.py
[2025-12-20T01:27:44.929+0000] {logging_mixin.py:151} INFO - [2025-12-20T01:27:44.929+0000] {dag.py:2915} INFO - Sync 1 DAGs
[2025-12-20T01:27:44.940+0000] {logging_mixin.py:151} INFO - [2025-12-20T01:27:44.940+0000] {dag.py:3696} INFO - Setting next_dagrun for processar_enderecos_aracaju to None, run_after=None
[2025-12-20T01:27:44.958+0000] {processor.py:179} INFO - Processing /opt/airflow/dags/aracaju.py took 0.338 seconds
[2025-12-20T01:28:15.084+0000] {processor.py:157} INFO - Started process (PID=936) to work on /opt/airflow/dags/aracaju.py
[2025-12-20T01:28:15.085+0000] {processor.py:829} INFO - Processing file /opt/airflow/dags/aracaju.py for tasks to queue
[2025-12-20T01:28:15.085+0000] {logging_mixin.py:151} INFO - [2025-12-20T01:28:15.085+0000] {dagbag.py:539} INFO - Filling up the DagBag from /opt/airflow/dags/aracaju.py
[2025-12-20T01:28:15.365+0000] {processor.py:839} INFO - DAG(s) dict_keys(['processar_enderecos_aracaju']) retrieved from /opt/airflow/dags/aracaju.py
[2025-12-20T01:28:15.389+0000] {logging_mixin.py:151} INFO - [2025-12-20T01:28:15.388+0000] {dag.py:2915} INFO - Sync 1 DAGs
[2025-12-20T01:28:15.400+0000] {logging_mixin.py:151} INFO - [2025-12-20T01:28:15.399+0000] {dag.py:3696} INFO - Setting next_dagrun for processar_enderecos_aracaju to None, run_after=None
[2025-12-20T01:28:15.417+0000] {processor.py:179} INFO - Processing /opt/airflow/dags/aracaju.py took 0.336 seconds
[2025-12-20T01:28:45.536+0000] {processor.py:157} INFO - Started process (PID=948) to work on /opt/airflow/dags/aracaju.py
[2025-12-20T01:28:45.537+0000] {processor.py:829} INFO - Processing file /opt/airflow/dags/aracaju.py for tasks to queue
[2025-12-20T01:28:45.538+0000] {logging_mixin.py:151} INFO - [2025-12-20T01:28:45.538+0000] {dagbag.py:539} INFO - Filling up the DagBag from /opt/airflow/dags/aracaju.py
[2025-12-20T01:28:45.819+0000] {processor.py:839} INFO - DAG(s) dict_keys(['processar_enderecos_aracaju']) retrieved from /opt/airflow/dags/aracaju.py
[2025-12-20T01:28:45.841+0000] {logging_mixin.py:151} INFO - [2025-12-20T01:28:45.841+0000] {dag.py:2915} INFO - Sync 1 DAGs
[2025-12-20T01:28:45.852+0000] {logging_mixin.py:151} INFO - [2025-12-20T01:28:45.852+0000] {dag.py:3696} INFO - Setting next_dagrun for processar_enderecos_aracaju to None, run_after=None
[2025-12-20T01:28:45.868+0000] {processor.py:179} INFO - Processing /opt/airflow/dags/aracaju.py took 0.336 seconds
[2025-12-20T01:29:15.976+0000] {processor.py:157} INFO - Started process (PID=960) to work on /opt/airflow/dags/aracaju.py
[2025-12-20T01:29:15.976+0000] {processor.py:829} INFO - Processing file /opt/airflow/dags/aracaju.py for tasks to queue
[2025-12-20T01:29:15.977+0000] {logging_mixin.py:151} INFO - [2025-12-20T01:29:15.977+0000] {dagbag.py:539} INFO - Filling up the DagBag from /opt/airflow/dags/aracaju.py
[2025-12-20T01:29:16.259+0000] {processor.py:839} INFO - DAG(s) dict_keys(['processar_enderecos_aracaju']) retrieved from /opt/airflow/dags/aracaju.py
[2025-12-20T01:29:16.282+0000] {logging_mixin.py:151} INFO - [2025-12-20T01:29:16.282+0000] {dag.py:2915} INFO - Sync 1 DAGs
[2025-12-20T01:29:16.293+0000] {logging_mixin.py:151} INFO - [2025-12-20T01:29:16.293+0000] {dag.py:3696} INFO - Setting next_dagrun for processar_enderecos_aracaju to None, run_after=None
[2025-12-20T01:29:16.312+0000] {processor.py:179} INFO - Processing /opt/airflow/dags/aracaju.py took 0.339 seconds
[2025-12-20T01:29:46.417+0000] {processor.py:157} INFO - Started process (PID=972) to work on /opt/airflow/dags/aracaju.py
[2025-12-20T01:29:46.419+0000] {processor.py:829} INFO - Processing file /opt/airflow/dags/aracaju.py for tasks to queue
[2025-12-20T01:29:46.419+0000] {logging_mixin.py:151} INFO - [2025-12-20T01:29:46.419+0000] {dagbag.py:539} INFO - Filling up the DagBag from /opt/airflow/dags/aracaju.py
[2025-12-20T01:29:46.702+0000] {processor.py:839} INFO - DAG(s) dict_keys(['processar_enderecos_aracaju']) retrieved from /opt/airflow/dags/aracaju.py
[2025-12-20T01:29:46.727+0000] {logging_mixin.py:151} INFO - [2025-12-20T01:29:46.727+0000] {dag.py:2915} INFO - Sync 1 DAGs
[2025-12-20T01:29:46.739+0000] {logging_mixin.py:151} INFO - [2025-12-20T01:29:46.739+0000] {dag.py:3696} INFO - Setting next_dagrun for processar_enderecos_aracaju to None, run_after=None
[2025-12-20T01:29:46.756+0000] {processor.py:179} INFO - Processing /opt/airflow/dags/aracaju.py took 0.342 seconds
[2025-12-20T01:30:16.859+0000] {processor.py:157} INFO - Started process (PID=984) to work on /opt/airflow/dags/aracaju.py
[2025-12-20T01:30:16.860+0000] {processor.py:829} INFO - Processing file /opt/airflow/dags/aracaju.py for tasks to queue
[2025-12-20T01:30:16.861+0000] {logging_mixin.py:151} INFO - [2025-12-20T01:30:16.860+0000] {dagbag.py:539} INFO - Filling up the DagBag from /opt/airflow/dags/aracaju.py
[2025-12-20T01:30:17.145+0000] {processor.py:839} INFO - DAG(s) dict_keys(['processar_enderecos_aracaju']) retrieved from /opt/airflow/dags/aracaju.py
[2025-12-20T01:30:17.168+0000] {logging_mixin.py:151} INFO - [2025-12-20T01:30:17.168+0000] {dag.py:2915} INFO - Sync 1 DAGs
[2025-12-20T01:30:17.180+0000] {logging_mixin.py:151} INFO - [2025-12-20T01:30:17.179+0000] {dag.py:3696} INFO - Setting next_dagrun for processar_enderecos_aracaju to None, run_after=None
[2025-12-20T01:30:17.195+0000] {processor.py:179} INFO - Processing /opt/airflow/dags/aracaju.py took 0.340 seconds
[2025-12-20T01:30:47.306+0000] {processor.py:157} INFO - Started process (PID=996) to work on /opt/airflow/dags/aracaju.py
[2025-12-20T01:30:47.307+0000] {processor.py:829} INFO - Processing file /opt/airflow/dags/aracaju.py for tasks to queue
[2025-12-20T01:30:47.308+0000] {logging_mixin.py:151} INFO - [2025-12-20T01:30:47.307+0000] {dagbag.py:539} INFO - Filling up the DagBag from /opt/airflow/dags/aracaju.py
[2025-12-20T01:30:47.588+0000] {processor.py:839} INFO - DAG(s) dict_keys(['processar_enderecos_aracaju']) retrieved from /opt/airflow/dags/aracaju.py
[2025-12-20T01:30:47.615+0000] {logging_mixin.py:151} INFO - [2025-12-20T01:30:47.615+0000] {dag.py:2915} INFO - Sync 1 DAGs
[2025-12-20T01:30:47.627+0000] {logging_mixin.py:151} INFO - [2025-12-20T01:30:47.627+0000] {dag.py:3696} INFO - Setting next_dagrun for processar_enderecos_aracaju to None, run_after=None
[2025-12-20T01:30:47.646+0000] {processor.py:179} INFO - Processing /opt/airflow/dags/aracaju.py took 0.344 seconds
[2025-12-20T01:31:17.761+0000] {processor.py:157} INFO - Started process (PID=1008) to work on /opt/airflow/dags/aracaju.py
[2025-12-20T01:31:17.762+0000] {processor.py:829} INFO - Processing file /opt/airflow/dags/aracaju.py for tasks to queue
[2025-12-20T01:31:17.763+0000] {logging_mixin.py:151} INFO - [2025-12-20T01:31:17.763+0000] {dagbag.py:539} INFO - Filling up the DagBag from /opt/airflow/dags/aracaju.py
[2025-12-20T01:31:18.043+0000] {processor.py:839} INFO - DAG(s) dict_keys(['processar_enderecos_aracaju']) retrieved from /opt/airflow/dags/aracaju.py
[2025-12-20T01:31:18.069+0000] {logging_mixin.py:151} INFO - [2025-12-20T01:31:18.068+0000] {dag.py:2915} INFO - Sync 1 DAGs
[2025-12-20T01:31:18.081+0000] {logging_mixin.py:151} INFO - [2025-12-20T01:31:18.081+0000] {dag.py:3696} INFO - Setting next_dagrun for processar_enderecos_aracaju to None, run_after=None
[2025-12-20T01:31:18.098+0000] {processor.py:179} INFO - Processing /opt/airflow/dags/aracaju.py took 0.340 seconds
[2025-12-20T01:31:48.203+0000] {processor.py:157} INFO - Started process (PID=1020) to work on /opt/airflow/dags/aracaju.py
[2025-12-20T01:31:48.204+0000] {processor.py:829} INFO - Processing file /opt/airflow/dags/aracaju.py for tasks to queue
[2025-12-20T01:31:48.205+0000] {logging_mixin.py:151} INFO - [2025-12-20T01:31:48.205+0000] {dagbag.py:539} INFO - Filling up the DagBag from /opt/airflow/dags/aracaju.py
[2025-12-20T01:31:48.487+0000] {processor.py:839} INFO - DAG(s) dict_keys(['processar_enderecos_aracaju']) retrieved from /opt/airflow/dags/aracaju.py
[2025-12-20T01:31:48.512+0000] {logging_mixin.py:151} INFO - [2025-12-20T01:31:48.512+0000] {dag.py:2915} INFO - Sync 1 DAGs
[2025-12-20T01:31:48.524+0000] {logging_mixin.py:151} INFO - [2025-12-20T01:31:48.524+0000] {dag.py:3696} INFO - Setting next_dagrun for processar_enderecos_aracaju to None, run_after=None
[2025-12-20T01:31:48.540+0000] {processor.py:179} INFO - Processing /opt/airflow/dags/aracaju.py took 0.341 seconds
[2025-12-20T01:32:18.658+0000] {processor.py:157} INFO - Started process (PID=1032) to work on /opt/airflow/dags/aracaju.py
[2025-12-20T01:32:18.659+0000] {processor.py:829} INFO - Processing file /opt/airflow/dags/aracaju.py for tasks to queue
[2025-12-20T01:32:18.659+0000] {logging_mixin.py:151} INFO - [2025-12-20T01:32:18.659+0000] {dagbag.py:539} INFO - Filling up the DagBag from /opt/airflow/dags/aracaju.py
[2025-12-20T01:32:18.939+0000] {processor.py:839} INFO - DAG(s) dict_keys(['processar_enderecos_aracaju']) retrieved from /opt/airflow/dags/aracaju.py
[2025-12-20T01:32:18.963+0000] {logging_mixin.py:151} INFO - [2025-12-20T01:32:18.962+0000] {dag.py:2915} INFO - Sync 1 DAGs
[2025-12-20T01:32:18.973+0000] {logging_mixin.py:151} INFO - [2025-12-20T01:32:18.973+0000] {dag.py:3696} INFO - Setting next_dagrun for processar_enderecos_aracaju to None, run_after=None
[2025-12-20T01:32:18.989+0000] {processor.py:179} INFO - Processing /opt/airflow/dags/aracaju.py took 0.334 seconds
[2025-12-20T01:32:49.106+0000] {processor.py:157} INFO - Started process (PID=1044) to work on /opt/airflow/dags/aracaju.py
[2025-12-20T01:32:49.107+0000] {processor.py:829} INFO - Processing file /opt/airflow/dags/aracaju.py for tasks to queue
[2025-12-20T01:32:49.108+0000] {logging_mixin.py:151} INFO - [2025-12-20T01:32:49.108+0000] {dagbag.py:539} INFO - Filling up the DagBag from /opt/airflow/dags/aracaju.py
[2025-12-20T01:32:49.391+0000] {processor.py:839} INFO - DAG(s) dict_keys(['processar_enderecos_aracaju']) retrieved from /opt/airflow/dags/aracaju.py
[2025-12-20T01:32:49.420+0000] {logging_mixin.py:151} INFO - [2025-12-20T01:32:49.419+0000] {dag.py:2915} INFO - Sync 1 DAGs
[2025-12-20T01:32:49.432+0000] {logging_mixin.py:151} INFO - [2025-12-20T01:32:49.432+0000] {dag.py:3696} INFO - Setting next_dagrun for processar_enderecos_aracaju to None, run_after=None
[2025-12-20T01:32:49.449+0000] {processor.py:179} INFO - Processing /opt/airflow/dags/aracaju.py took 0.345 seconds
[2025-12-20T01:33:19.564+0000] {processor.py:157} INFO - Started process (PID=1056) to work on /opt/airflow/dags/aracaju.py
[2025-12-20T01:33:19.565+0000] {processor.py:829} INFO - Processing file /opt/airflow/dags/aracaju.py for tasks to queue
[2025-12-20T01:33:19.566+0000] {logging_mixin.py:151} INFO - [2025-12-20T01:33:19.565+0000] {dagbag.py:539} INFO - Filling up the DagBag from /opt/airflow/dags/aracaju.py
[2025-12-20T01:33:19.845+0000] {processor.py:839} INFO - DAG(s) dict_keys(['processar_enderecos_aracaju']) retrieved from /opt/airflow/dags/aracaju.py
[2025-12-20T01:33:19.874+0000] {logging_mixin.py:151} INFO - [2025-12-20T01:33:19.874+0000] {dag.py:2915} INFO - Sync 1 DAGs
[2025-12-20T01:33:19.886+0000] {logging_mixin.py:151} INFO - [2025-12-20T01:33:19.885+0000] {dag.py:3696} INFO - Setting next_dagrun for processar_enderecos_aracaju to None, run_after=None
[2025-12-20T01:33:19.901+0000] {processor.py:179} INFO - Processing /opt/airflow/dags/aracaju.py took 0.342 seconds
[2025-12-20T01:33:50.012+0000] {processor.py:157} INFO - Started process (PID=1068) to work on /opt/airflow/dags/aracaju.py
[2025-12-20T01:33:50.014+0000] {processor.py:829} INFO - Processing file /opt/airflow/dags/aracaju.py for tasks to queue
[2025-12-20T01:33:50.015+0000] {logging_mixin.py:151} INFO - [2025-12-20T01:33:50.014+0000] {dagbag.py:539} INFO - Filling up the DagBag from /opt/airflow/dags/aracaju.py
[2025-12-20T01:33:50.295+0000] {processor.py:839} INFO - DAG(s) dict_keys(['processar_enderecos_aracaju']) retrieved from /opt/airflow/dags/aracaju.py
[2025-12-20T01:33:50.325+0000] {logging_mixin.py:151} INFO - [2025-12-20T01:33:50.325+0000] {dag.py:2915} INFO - Sync 1 DAGs
[2025-12-20T01:33:50.336+0000] {logging_mixin.py:151} INFO - [2025-12-20T01:33:50.336+0000] {dag.py:3696} INFO - Setting next_dagrun for processar_enderecos_aracaju to None, run_after=None
[2025-12-20T01:33:50.353+0000] {processor.py:179} INFO - Processing /opt/airflow/dags/aracaju.py took 0.344 seconds
[2025-12-20T01:34:20.469+0000] {processor.py:157} INFO - Started process (PID=1080) to work on /opt/airflow/dags/aracaju.py
[2025-12-20T01:34:20.470+0000] {processor.py:829} INFO - Processing file /opt/airflow/dags/aracaju.py for tasks to queue
[2025-12-20T01:34:20.471+0000] {logging_mixin.py:151} INFO - [2025-12-20T01:34:20.470+0000] {dagbag.py:539} INFO - Filling up the DagBag from /opt/airflow/dags/aracaju.py
[2025-12-20T01:34:20.751+0000] {processor.py:839} INFO - DAG(s) dict_keys(['processar_enderecos_aracaju']) retrieved from /opt/airflow/dags/aracaju.py
[2025-12-20T01:34:20.778+0000] {logging_mixin.py:151} INFO - [2025-12-20T01:34:20.778+0000] {dag.py:2915} INFO - Sync 1 DAGs
[2025-12-20T01:34:20.790+0000] {logging_mixin.py:151} INFO - [2025-12-20T01:34:20.790+0000] {dag.py:3696} INFO - Setting next_dagrun for processar_enderecos_aracaju to None, run_after=None
[2025-12-20T01:34:20.806+0000] {processor.py:179} INFO - Processing /opt/airflow/dags/aracaju.py took 0.340 seconds
[2025-12-20T01:34:50.931+0000] {processor.py:157} INFO - Started process (PID=1092) to work on /opt/airflow/dags/aracaju.py
[2025-12-20T01:34:50.932+0000] {processor.py:829} INFO - Processing file /opt/airflow/dags/aracaju.py for tasks to queue
[2025-12-20T01:34:50.933+0000] {logging_mixin.py:151} INFO - [2025-12-20T01:34:50.933+0000] {dagbag.py:539} INFO - Filling up the DagBag from /opt/airflow/dags/aracaju.py
[2025-12-20T01:34:51.214+0000] {processor.py:839} INFO - DAG(s) dict_keys(['processar_enderecos_aracaju']) retrieved from /opt/airflow/dags/aracaju.py
[2025-12-20T01:34:51.243+0000] {logging_mixin.py:151} INFO - [2025-12-20T01:34:51.242+0000] {dag.py:2915} INFO - Sync 1 DAGs
[2025-12-20T01:34:51.254+0000] {logging_mixin.py:151} INFO - [2025-12-20T01:34:51.254+0000] {dag.py:3696} INFO - Setting next_dagrun for processar_enderecos_aracaju to None, run_after=None
[2025-12-20T01:34:51.270+0000] {processor.py:179} INFO - Processing /opt/airflow/dags/aracaju.py took 0.343 seconds
[2025-12-20T01:35:21.380+0000] {processor.py:157} INFO - Started process (PID=1104) to work on /opt/airflow/dags/aracaju.py
[2025-12-20T01:35:21.382+0000] {processor.py:829} INFO - Processing file /opt/airflow/dags/aracaju.py for tasks to queue
[2025-12-20T01:35:21.382+0000] {logging_mixin.py:151} INFO - [2025-12-20T01:35:21.382+0000] {dagbag.py:539} INFO - Filling up the DagBag from /opt/airflow/dags/aracaju.py
[2025-12-20T01:35:21.658+0000] {processor.py:839} INFO - DAG(s) dict_keys(['processar_enderecos_aracaju']) retrieved from /opt/airflow/dags/aracaju.py
[2025-12-20T01:35:21.687+0000] {logging_mixin.py:151} INFO - [2025-12-20T01:35:21.687+0000] {dag.py:2915} INFO - Sync 1 DAGs
[2025-12-20T01:35:21.699+0000] {logging_mixin.py:151} INFO - [2025-12-20T01:35:21.699+0000] {dag.py:3696} INFO - Setting next_dagrun for processar_enderecos_aracaju to None, run_after=None
[2025-12-20T01:35:21.717+0000] {processor.py:179} INFO - Processing /opt/airflow/dags/aracaju.py took 0.340 seconds
[2025-12-20T01:35:51.830+0000] {processor.py:157} INFO - Started process (PID=1116) to work on /opt/airflow/dags/aracaju.py
[2025-12-20T01:35:51.832+0000] {processor.py:829} INFO - Processing file /opt/airflow/dags/aracaju.py for tasks to queue
[2025-12-20T01:35:51.833+0000] {logging_mixin.py:151} INFO - [2025-12-20T01:35:51.832+0000] {dagbag.py:539} INFO - Filling up the DagBag from /opt/airflow/dags/aracaju.py
[2025-12-20T01:35:52.114+0000] {processor.py:839} INFO - DAG(s) dict_keys(['processar_enderecos_aracaju']) retrieved from /opt/airflow/dags/aracaju.py
[2025-12-20T01:35:52.142+0000] {logging_mixin.py:151} INFO - [2025-12-20T01:35:52.142+0000] {dag.py:2915} INFO - Sync 1 DAGs
[2025-12-20T01:35:52.155+0000] {logging_mixin.py:151} INFO - [2025-12-20T01:35:52.154+0000] {dag.py:3696} INFO - Setting next_dagrun for processar_enderecos_aracaju to None, run_after=None
[2025-12-20T01:35:52.171+0000] {processor.py:179} INFO - Processing /opt/airflow/dags/aracaju.py took 0.344 seconds
[2025-12-20T01:36:22.270+0000] {processor.py:157} INFO - Started process (PID=1128) to work on /opt/airflow/dags/aracaju.py
[2025-12-20T01:36:22.271+0000] {processor.py:829} INFO - Processing file /opt/airflow/dags/aracaju.py for tasks to queue
[2025-12-20T01:36:22.272+0000] {logging_mixin.py:151} INFO - [2025-12-20T01:36:22.272+0000] {dagbag.py:539} INFO - Filling up the DagBag from /opt/airflow/dags/aracaju.py
[2025-12-20T01:36:22.550+0000] {processor.py:839} INFO - DAG(s) dict_keys(['processar_enderecos_aracaju']) retrieved from /opt/airflow/dags/aracaju.py
[2025-12-20T01:36:22.578+0000] {logging_mixin.py:151} INFO - [2025-12-20T01:36:22.578+0000] {dag.py:2915} INFO - Sync 1 DAGs
[2025-12-20T01:36:22.590+0000] {logging_mixin.py:151} INFO - [2025-12-20T01:36:22.590+0000] {dag.py:3696} INFO - Setting next_dagrun for processar_enderecos_aracaju to None, run_after=None
[2025-12-20T01:36:22.605+0000] {processor.py:179} INFO - Processing /opt/airflow/dags/aracaju.py took 0.339 seconds
[2025-12-20T01:36:52.729+0000] {processor.py:157} INFO - Started process (PID=1140) to work on /opt/airflow/dags/aracaju.py
[2025-12-20T01:36:52.730+0000] {processor.py:829} INFO - Processing file /opt/airflow/dags/aracaju.py for tasks to queue
[2025-12-20T01:36:52.731+0000] {logging_mixin.py:151} INFO - [2025-12-20T01:36:52.731+0000] {dagbag.py:539} INFO - Filling up the DagBag from /opt/airflow/dags/aracaju.py
[2025-12-20T01:36:53.013+0000] {processor.py:839} INFO - DAG(s) dict_keys(['processar_enderecos_aracaju']) retrieved from /opt/airflow/dags/aracaju.py
[2025-12-20T01:36:53.043+0000] {logging_mixin.py:151} INFO - [2025-12-20T01:36:53.042+0000] {dag.py:2915} INFO - Sync 1 DAGs
[2025-12-20T01:36:53.054+0000] {logging_mixin.py:151} INFO - [2025-12-20T01:36:53.054+0000] {dag.py:3696} INFO - Setting next_dagrun for processar_enderecos_aracaju to None, run_after=None
[2025-12-20T01:36:53.070+0000] {processor.py:179} INFO - Processing /opt/airflow/dags/aracaju.py took 0.344 seconds
[2025-12-20T01:37:23.188+0000] {processor.py:157} INFO - Started process (PID=1152) to work on /opt/airflow/dags/aracaju.py
[2025-12-20T01:37:23.189+0000] {processor.py:829} INFO - Processing file /opt/airflow/dags/aracaju.py for tasks to queue
[2025-12-20T01:37:23.190+0000] {logging_mixin.py:151} INFO - [2025-12-20T01:37:23.190+0000] {dagbag.py:539} INFO - Filling up the DagBag from /opt/airflow/dags/aracaju.py
[2025-12-20T01:37:23.467+0000] {processor.py:839} INFO - DAG(s) dict_keys(['processar_enderecos_aracaju']) retrieved from /opt/airflow/dags/aracaju.py
[2025-12-20T01:37:23.496+0000] {logging_mixin.py:151} INFO - [2025-12-20T01:37:23.496+0000] {dag.py:2915} INFO - Sync 1 DAGs
[2025-12-20T01:37:23.507+0000] {logging_mixin.py:151} INFO - [2025-12-20T01:37:23.507+0000] {dag.py:3696} INFO - Setting next_dagrun for processar_enderecos_aracaju to None, run_after=None
[2025-12-20T01:37:23.524+0000] {processor.py:179} INFO - Processing /opt/airflow/dags/aracaju.py took 0.339 seconds
[2025-12-20T01:37:53.630+0000] {processor.py:157} INFO - Started process (PID=1164) to work on /opt/airflow/dags/aracaju.py
[2025-12-20T01:37:53.631+0000] {processor.py:829} INFO - Processing file /opt/airflow/dags/aracaju.py for tasks to queue
[2025-12-20T01:37:53.632+0000] {logging_mixin.py:151} INFO - [2025-12-20T01:37:53.632+0000] {dagbag.py:539} INFO - Filling up the DagBag from /opt/airflow/dags/aracaju.py
[2025-12-20T01:37:53.909+0000] {processor.py:839} INFO - DAG(s) dict_keys(['processar_enderecos_aracaju']) retrieved from /opt/airflow/dags/aracaju.py
[2025-12-20T01:37:53.933+0000] {logging_mixin.py:151} INFO - [2025-12-20T01:37:53.933+0000] {dag.py:2915} INFO - Sync 1 DAGs
[2025-12-20T01:37:53.945+0000] {logging_mixin.py:151} INFO - [2025-12-20T01:37:53.944+0000] {dag.py:3696} INFO - Setting next_dagrun for processar_enderecos_aracaju to None, run_after=None
[2025-12-20T01:37:53.961+0000] {processor.py:179} INFO - Processing /opt/airflow/dags/aracaju.py took 0.333 seconds
[2025-12-20T01:38:24.067+0000] {processor.py:157} INFO - Started process (PID=1176) to work on /opt/airflow/dags/aracaju.py
[2025-12-20T01:38:24.068+0000] {processor.py:829} INFO - Processing file /opt/airflow/dags/aracaju.py for tasks to queue
[2025-12-20T01:38:24.069+0000] {logging_mixin.py:151} INFO - [2025-12-20T01:38:24.068+0000] {dagbag.py:539} INFO - Filling up the DagBag from /opt/airflow/dags/aracaju.py
[2025-12-20T01:38:24.357+0000] {processor.py:839} INFO - DAG(s) dict_keys(['processar_enderecos_aracaju']) retrieved from /opt/airflow/dags/aracaju.py
[2025-12-20T01:38:24.384+0000] {logging_mixin.py:151} INFO - [2025-12-20T01:38:24.383+0000] {dag.py:2915} INFO - Sync 1 DAGs
[2025-12-20T01:38:24.396+0000] {logging_mixin.py:151} INFO - [2025-12-20T01:38:24.396+0000] {dag.py:3696} INFO - Setting next_dagrun for processar_enderecos_aracaju to None, run_after=None
[2025-12-20T01:38:24.414+0000] {processor.py:179} INFO - Processing /opt/airflow/dags/aracaju.py took 0.350 seconds
[2025-12-20T01:38:54.509+0000] {processor.py:157} INFO - Started process (PID=1188) to work on /opt/airflow/dags/aracaju.py
[2025-12-20T01:38:54.510+0000] {processor.py:829} INFO - Processing file /opt/airflow/dags/aracaju.py for tasks to queue
[2025-12-20T01:38:54.510+0000] {logging_mixin.py:151} INFO - [2025-12-20T01:38:54.510+0000] {dagbag.py:539} INFO - Filling up the DagBag from /opt/airflow/dags/aracaju.py
[2025-12-20T01:38:54.789+0000] {processor.py:839} INFO - DAG(s) dict_keys(['processar_enderecos_aracaju']) retrieved from /opt/airflow/dags/aracaju.py
[2025-12-20T01:38:54.813+0000] {logging_mixin.py:151} INFO - [2025-12-20T01:38:54.813+0000] {dag.py:2915} INFO - Sync 1 DAGs
[2025-12-20T01:38:54.825+0000] {logging_mixin.py:151} INFO - [2025-12-20T01:38:54.825+0000] {dag.py:3696} INFO - Setting next_dagrun for processar_enderecos_aracaju to None, run_after=None
[2025-12-20T01:38:54.842+0000] {processor.py:179} INFO - Processing /opt/airflow/dags/aracaju.py took 0.337 seconds
[2025-12-20T01:39:24.967+0000] {processor.py:157} INFO - Started process (PID=1200) to work on /opt/airflow/dags/aracaju.py
[2025-12-20T01:39:24.968+0000] {processor.py:829} INFO - Processing file /opt/airflow/dags/aracaju.py for tasks to queue
[2025-12-20T01:39:24.969+0000] {logging_mixin.py:151} INFO - [2025-12-20T01:39:24.968+0000] {dagbag.py:539} INFO - Filling up the DagBag from /opt/airflow/dags/aracaju.py
[2025-12-20T01:39:25.250+0000] {processor.py:839} INFO - DAG(s) dict_keys(['processar_enderecos_aracaju']) retrieved from /opt/airflow/dags/aracaju.py
[2025-12-20T01:39:25.276+0000] {logging_mixin.py:151} INFO - [2025-12-20T01:39:25.276+0000] {dag.py:2915} INFO - Sync 1 DAGs
[2025-12-20T01:39:25.287+0000] {logging_mixin.py:151} INFO - [2025-12-20T01:39:25.287+0000] {dag.py:3696} INFO - Setting next_dagrun for processar_enderecos_aracaju to None, run_after=None
[2025-12-20T01:39:25.304+0000] {processor.py:179} INFO - Processing /opt/airflow/dags/aracaju.py took 0.341 seconds
[2025-12-20T01:39:55.414+0000] {processor.py:157} INFO - Started process (PID=1212) to work on /opt/airflow/dags/aracaju.py
[2025-12-20T01:39:55.415+0000] {processor.py:829} INFO - Processing file /opt/airflow/dags/aracaju.py for tasks to queue
[2025-12-20T01:39:55.416+0000] {logging_mixin.py:151} INFO - [2025-12-20T01:39:55.415+0000] {dagbag.py:539} INFO - Filling up the DagBag from /opt/airflow/dags/aracaju.py
[2025-12-20T01:39:55.699+0000] {processor.py:839} INFO - DAG(s) dict_keys(['processar_enderecos_aracaju']) retrieved from /opt/airflow/dags/aracaju.py
[2025-12-20T01:39:55.724+0000] {logging_mixin.py:151} INFO - [2025-12-20T01:39:55.724+0000] {dag.py:2915} INFO - Sync 1 DAGs
[2025-12-20T01:39:55.736+0000] {logging_mixin.py:151} INFO - [2025-12-20T01:39:55.735+0000] {dag.py:3696} INFO - Setting next_dagrun for processar_enderecos_aracaju to None, run_after=None
[2025-12-20T01:39:55.751+0000] {processor.py:179} INFO - Processing /opt/airflow/dags/aracaju.py took 0.340 seconds
[2025-12-20T01:40:25.865+0000] {processor.py:157} INFO - Started process (PID=1224) to work on /opt/airflow/dags/aracaju.py
[2025-12-20T01:40:25.866+0000] {processor.py:829} INFO - Processing file /opt/airflow/dags/aracaju.py for tasks to queue
[2025-12-20T01:40:25.867+0000] {logging_mixin.py:151} INFO - [2025-12-20T01:40:25.867+0000] {dagbag.py:539} INFO - Filling up the DagBag from /opt/airflow/dags/aracaju.py
[2025-12-20T01:40:26.157+0000] {processor.py:839} INFO - DAG(s) dict_keys(['processar_enderecos_aracaju']) retrieved from /opt/airflow/dags/aracaju.py
[2025-12-20T01:40:26.180+0000] {logging_mixin.py:151} INFO - [2025-12-20T01:40:26.180+0000] {dag.py:2915} INFO - Sync 1 DAGs
[2025-12-20T01:40:26.191+0000] {logging_mixin.py:151} INFO - [2025-12-20T01:40:26.191+0000] {dag.py:3696} INFO - Setting next_dagrun for processar_enderecos_aracaju to None, run_after=None
[2025-12-20T01:40:26.208+0000] {processor.py:179} INFO - Processing /opt/airflow/dags/aracaju.py took 0.346 seconds
[2025-12-20T01:40:56.320+0000] {processor.py:157} INFO - Started process (PID=1236) to work on /opt/airflow/dags/aracaju.py
[2025-12-20T01:40:56.321+0000] {processor.py:829} INFO - Processing file /opt/airflow/dags/aracaju.py for tasks to queue
[2025-12-20T01:40:56.322+0000] {logging_mixin.py:151} INFO - [2025-12-20T01:40:56.321+0000] {dagbag.py:539} INFO - Filling up the DagBag from /opt/airflow/dags/aracaju.py
[2025-12-20T01:40:56.599+0000] {processor.py:839} INFO - DAG(s) dict_keys(['processar_enderecos_aracaju']) retrieved from /opt/airflow/dags/aracaju.py
[2025-12-20T01:40:56.623+0000] {logging_mixin.py:151} INFO - [2025-12-20T01:40:56.622+0000] {dag.py:2915} INFO - Sync 1 DAGs
[2025-12-20T01:40:56.634+0000] {logging_mixin.py:151} INFO - [2025-12-20T01:40:56.634+0000] {dag.py:3696} INFO - Setting next_dagrun for processar_enderecos_aracaju to None, run_after=None
[2025-12-20T01:40:56.652+0000] {processor.py:179} INFO - Processing /opt/airflow/dags/aracaju.py took 0.335 seconds
[2025-12-20T01:41:26.782+0000] {processor.py:157} INFO - Started process (PID=1248) to work on /opt/airflow/dags/aracaju.py
[2025-12-20T01:41:26.783+0000] {processor.py:829} INFO - Processing file /opt/airflow/dags/aracaju.py for tasks to queue
[2025-12-20T01:41:26.784+0000] {logging_mixin.py:151} INFO - [2025-12-20T01:41:26.783+0000] {dagbag.py:539} INFO - Filling up the DagBag from /opt/airflow/dags/aracaju.py
[2025-12-20T01:41:27.067+0000] {processor.py:839} INFO - DAG(s) dict_keys(['processar_enderecos_aracaju']) retrieved from /opt/airflow/dags/aracaju.py
[2025-12-20T01:41:27.091+0000] {logging_mixin.py:151} INFO - [2025-12-20T01:41:27.090+0000] {dag.py:2915} INFO - Sync 1 DAGs
[2025-12-20T01:41:27.103+0000] {logging_mixin.py:151} INFO - [2025-12-20T01:41:27.103+0000] {dag.py:3696} INFO - Setting next_dagrun for processar_enderecos_aracaju to None, run_after=None
[2025-12-20T01:41:27.118+0000] {processor.py:179} INFO - Processing /opt/airflow/dags/aracaju.py took 0.340 seconds
[2025-12-20T01:41:57.232+0000] {processor.py:157} INFO - Started process (PID=1260) to work on /opt/airflow/dags/aracaju.py
[2025-12-20T01:41:57.232+0000] {processor.py:829} INFO - Processing file /opt/airflow/dags/aracaju.py for tasks to queue
[2025-12-20T01:41:57.233+0000] {logging_mixin.py:151} INFO - [2025-12-20T01:41:57.233+0000] {dagbag.py:539} INFO - Filling up the DagBag from /opt/airflow/dags/aracaju.py
[2025-12-20T01:41:57.515+0000] {processor.py:839} INFO - DAG(s) dict_keys(['processar_enderecos_aracaju']) retrieved from /opt/airflow/dags/aracaju.py
[2025-12-20T01:41:57.539+0000] {logging_mixin.py:151} INFO - [2025-12-20T01:41:57.539+0000] {dag.py:2915} INFO - Sync 1 DAGs
[2025-12-20T01:41:57.551+0000] {logging_mixin.py:151} INFO - [2025-12-20T01:41:57.551+0000] {dag.py:3696} INFO - Setting next_dagrun for processar_enderecos_aracaju to None, run_after=None
[2025-12-20T01:41:57.567+0000] {processor.py:179} INFO - Processing /opt/airflow/dags/aracaju.py took 0.338 seconds
[2025-12-20T01:42:27.688+0000] {processor.py:157} INFO - Started process (PID=1272) to work on /opt/airflow/dags/aracaju.py
[2025-12-20T01:42:27.690+0000] {processor.py:829} INFO - Processing file /opt/airflow/dags/aracaju.py for tasks to queue
[2025-12-20T01:42:27.691+0000] {logging_mixin.py:151} INFO - [2025-12-20T01:42:27.690+0000] {dagbag.py:539} INFO - Filling up the DagBag from /opt/airflow/dags/aracaju.py
[2025-12-20T01:42:27.971+0000] {processor.py:839} INFO - DAG(s) dict_keys(['processar_enderecos_aracaju']) retrieved from /opt/airflow/dags/aracaju.py
[2025-12-20T01:42:27.999+0000] {logging_mixin.py:151} INFO - [2025-12-20T01:42:27.998+0000] {dag.py:2915} INFO - Sync 1 DAGs
[2025-12-20T01:42:28.010+0000] {logging_mixin.py:151} INFO - [2025-12-20T01:42:28.010+0000] {dag.py:3696} INFO - Setting next_dagrun for processar_enderecos_aracaju to None, run_after=None
[2025-12-20T01:42:28.026+0000] {processor.py:179} INFO - Processing /opt/airflow/dags/aracaju.py took 0.341 seconds
[2025-12-20T01:42:58.144+0000] {processor.py:157} INFO - Started process (PID=1284) to work on /opt/airflow/dags/aracaju.py
[2025-12-20T01:42:58.145+0000] {processor.py:829} INFO - Processing file /opt/airflow/dags/aracaju.py for tasks to queue
[2025-12-20T01:42:58.145+0000] {logging_mixin.py:151} INFO - [2025-12-20T01:42:58.145+0000] {dagbag.py:539} INFO - Filling up the DagBag from /opt/airflow/dags/aracaju.py
[2025-12-20T01:42:58.427+0000] {processor.py:839} INFO - DAG(s) dict_keys(['processar_enderecos_aracaju']) retrieved from /opt/airflow/dags/aracaju.py
[2025-12-20T01:42:58.452+0000] {logging_mixin.py:151} INFO - [2025-12-20T01:42:58.452+0000] {dag.py:2915} INFO - Sync 1 DAGs
[2025-12-20T01:42:58.464+0000] {logging_mixin.py:151} INFO - [2025-12-20T01:42:58.464+0000] {dag.py:3696} INFO - Setting next_dagrun for processar_enderecos_aracaju to None, run_after=None
[2025-12-20T01:42:58.481+0000] {processor.py:179} INFO - Processing /opt/airflow/dags/aracaju.py took 0.340 seconds
[2025-12-20T01:43:28.591+0000] {processor.py:157} INFO - Started process (PID=1296) to work on /opt/airflow/dags/aracaju.py
[2025-12-20T01:43:28.592+0000] {processor.py:829} INFO - Processing file /opt/airflow/dags/aracaju.py for tasks to queue
[2025-12-20T01:43:28.592+0000] {logging_mixin.py:151} INFO - [2025-12-20T01:43:28.592+0000] {dagbag.py:539} INFO - Filling up the DagBag from /opt/airflow/dags/aracaju.py
[2025-12-20T01:43:28.870+0000] {processor.py:839} INFO - DAG(s) dict_keys(['processar_enderecos_aracaju']) retrieved from /opt/airflow/dags/aracaju.py
[2025-12-20T01:43:28.895+0000] {logging_mixin.py:151} INFO - [2025-12-20T01:43:28.894+0000] {dag.py:2915} INFO - Sync 1 DAGs
[2025-12-20T01:43:28.907+0000] {logging_mixin.py:151} INFO - [2025-12-20T01:43:28.906+0000] {dag.py:3696} INFO - Setting next_dagrun for processar_enderecos_aracaju to None, run_after=None
[2025-12-20T01:43:28.923+0000] {processor.py:179} INFO - Processing /opt/airflow/dags/aracaju.py took 0.336 seconds
[2025-12-20T01:43:59.038+0000] {processor.py:157} INFO - Started process (PID=1308) to work on /opt/airflow/dags/aracaju.py
[2025-12-20T01:43:59.038+0000] {processor.py:829} INFO - Processing file /opt/airflow/dags/aracaju.py for tasks to queue
[2025-12-20T01:43:59.039+0000] {logging_mixin.py:151} INFO - [2025-12-20T01:43:59.039+0000] {dagbag.py:539} INFO - Filling up the DagBag from /opt/airflow/dags/aracaju.py
[2025-12-20T01:43:59.237+0000] {processor.py:839} INFO - DAG(s) dict_keys(['processar_enderecos_aracaju']) retrieved from /opt/airflow/dags/aracaju.py
[2025-12-20T01:43:59.254+0000] {logging_mixin.py:151} INFO - [2025-12-20T01:43:59.253+0000] {dag.py:2915} INFO - Sync 1 DAGs
[2025-12-20T01:43:59.262+0000] {logging_mixin.py:151} INFO - [2025-12-20T01:43:59.262+0000] {dag.py:3696} INFO - Setting next_dagrun for processar_enderecos_aracaju to None, run_after=None
[2025-12-20T01:43:59.274+0000] {processor.py:179} INFO - Processing /opt/airflow/dags/aracaju.py took 0.239 seconds
[2025-12-20T01:44:29.442+0000] {processor.py:157} INFO - Started process (PID=1320) to work on /opt/airflow/dags/aracaju.py
[2025-12-20T01:44:29.444+0000] {processor.py:829} INFO - Processing file /opt/airflow/dags/aracaju.py for tasks to queue
[2025-12-20T01:44:29.445+0000] {logging_mixin.py:151} INFO - [2025-12-20T01:44:29.444+0000] {dagbag.py:539} INFO - Filling up the DagBag from /opt/airflow/dags/aracaju.py
[2025-12-20T01:44:29.723+0000] {processor.py:839} INFO - DAG(s) dict_keys(['processar_enderecos_aracaju']) retrieved from /opt/airflow/dags/aracaju.py
[2025-12-20T01:44:29.747+0000] {logging_mixin.py:151} INFO - [2025-12-20T01:44:29.746+0000] {dag.py:2915} INFO - Sync 1 DAGs
[2025-12-20T01:44:29.758+0000] {logging_mixin.py:151} INFO - [2025-12-20T01:44:29.758+0000] {dag.py:3696} INFO - Setting next_dagrun for processar_enderecos_aracaju to None, run_after=None
[2025-12-20T01:44:29.774+0000] {processor.py:179} INFO - Processing /opt/airflow/dags/aracaju.py took 0.335 seconds
[2025-12-20T01:44:59.945+0000] {processor.py:157} INFO - Started process (PID=1332) to work on /opt/airflow/dags/aracaju.py
[2025-12-20T01:44:59.945+0000] {processor.py:829} INFO - Processing file /opt/airflow/dags/aracaju.py for tasks to queue
[2025-12-20T01:44:59.946+0000] {logging_mixin.py:151} INFO - [2025-12-20T01:44:59.946+0000] {dagbag.py:539} INFO - Filling up the DagBag from /opt/airflow/dags/aracaju.py
[2025-12-20T01:45:00.229+0000] {processor.py:839} INFO - DAG(s) dict_keys(['processar_enderecos_aracaju']) retrieved from /opt/airflow/dags/aracaju.py
[2025-12-20T01:45:00.253+0000] {logging_mixin.py:151} INFO - [2025-12-20T01:45:00.253+0000] {dag.py:2915} INFO - Sync 1 DAGs
[2025-12-20T01:45:00.264+0000] {logging_mixin.py:151} INFO - [2025-12-20T01:45:00.264+0000] {dag.py:3696} INFO - Setting next_dagrun for processar_enderecos_aracaju to None, run_after=None
[2025-12-20T01:45:00.281+0000] {processor.py:179} INFO - Processing /opt/airflow/dags/aracaju.py took 0.340 seconds
[2025-12-20T01:45:30.396+0000] {processor.py:157} INFO - Started process (PID=1344) to work on /opt/airflow/dags/aracaju.py
[2025-12-20T01:45:30.396+0000] {processor.py:829} INFO - Processing file /opt/airflow/dags/aracaju.py for tasks to queue
[2025-12-20T01:45:30.397+0000] {logging_mixin.py:151} INFO - [2025-12-20T01:45:30.397+0000] {dagbag.py:539} INFO - Filling up the DagBag from /opt/airflow/dags/aracaju.py
[2025-12-20T01:45:30.692+0000] {processor.py:839} INFO - DAG(s) dict_keys(['processar_enderecos_aracaju']) retrieved from /opt/airflow/dags/aracaju.py
[2025-12-20T01:45:30.717+0000] {logging_mixin.py:151} INFO - [2025-12-20T01:45:30.716+0000] {dag.py:2915} INFO - Sync 1 DAGs
[2025-12-20T01:45:30.729+0000] {logging_mixin.py:151} INFO - [2025-12-20T01:45:30.729+0000] {dag.py:3696} INFO - Setting next_dagrun for processar_enderecos_aracaju to None, run_after=None
[2025-12-20T01:45:30.746+0000] {processor.py:179} INFO - Processing /opt/airflow/dags/aracaju.py took 0.354 seconds
[2025-12-20T01:46:00.859+0000] {processor.py:157} INFO - Started process (PID=1356) to work on /opt/airflow/dags/aracaju.py
[2025-12-20T01:46:00.860+0000] {processor.py:829} INFO - Processing file /opt/airflow/dags/aracaju.py for tasks to queue
[2025-12-20T01:46:00.860+0000] {logging_mixin.py:151} INFO - [2025-12-20T01:46:00.860+0000] {dagbag.py:539} INFO - Filling up the DagBag from /opt/airflow/dags/aracaju.py
[2025-12-20T01:46:01.141+0000] {processor.py:839} INFO - DAG(s) dict_keys(['processar_enderecos_aracaju']) retrieved from /opt/airflow/dags/aracaju.py
[2025-12-20T01:46:01.158+0000] {logging_mixin.py:151} INFO - [2025-12-20T01:46:01.158+0000] {dag.py:2915} INFO - Sync 1 DAGs
[2025-12-20T01:46:01.166+0000] {logging_mixin.py:151} INFO - [2025-12-20T01:46:01.165+0000] {dag.py:3696} INFO - Setting next_dagrun for processar_enderecos_aracaju to None, run_after=None
[2025-12-20T01:46:01.177+0000] {processor.py:179} INFO - Processing /opt/airflow/dags/aracaju.py took 0.321 seconds
[2025-12-20T01:46:31.653+0000] {processor.py:157} INFO - Started process (PID=1385) to work on /opt/airflow/dags/aracaju.py
[2025-12-20T01:46:31.654+0000] {processor.py:829} INFO - Processing file /opt/airflow/dags/aracaju.py for tasks to queue
[2025-12-20T01:46:31.655+0000] {logging_mixin.py:151} INFO - [2025-12-20T01:46:31.655+0000] {dagbag.py:539} INFO - Filling up the DagBag from /opt/airflow/dags/aracaju.py
[2025-12-20T01:46:31.894+0000] {processor.py:839} INFO - DAG(s) dict_keys(['processar_enderecos_aracaju']) retrieved from /opt/airflow/dags/aracaju.py
[2025-12-20T01:46:31.920+0000] {logging_mixin.py:151} INFO - [2025-12-20T01:46:31.919+0000] {dag.py:2915} INFO - Sync 1 DAGs
[2025-12-20T01:46:31.936+0000] {logging_mixin.py:151} INFO - [2025-12-20T01:46:31.936+0000] {dag.py:3696} INFO - Setting next_dagrun for processar_enderecos_aracaju to None, run_after=None
[2025-12-20T01:46:31.961+0000] {processor.py:179} INFO - Processing /opt/airflow/dags/aracaju.py took 0.310 seconds
[2025-12-20T01:47:02.024+0000] {processor.py:157} INFO - Started process (PID=1415) to work on /opt/airflow/dags/aracaju.py
[2025-12-20T01:47:02.025+0000] {processor.py:829} INFO - Processing file /opt/airflow/dags/aracaju.py for tasks to queue
[2025-12-20T01:47:02.026+0000] {logging_mixin.py:151} INFO - [2025-12-20T01:47:02.026+0000] {dagbag.py:539} INFO - Filling up the DagBag from /opt/airflow/dags/aracaju.py
[2025-12-20T01:47:02.312+0000] {processor.py:839} INFO - DAG(s) dict_keys(['processar_enderecos_aracaju']) retrieved from /opt/airflow/dags/aracaju.py
[2025-12-20T01:47:02.336+0000] {logging_mixin.py:151} INFO - [2025-12-20T01:47:02.335+0000] {dag.py:2915} INFO - Sync 1 DAGs
[2025-12-20T01:47:02.347+0000] {logging_mixin.py:151} INFO - [2025-12-20T01:47:02.347+0000] {dag.py:3696} INFO - Setting next_dagrun for processar_enderecos_aracaju to None, run_after=None
[2025-12-20T01:47:02.364+0000] {processor.py:179} INFO - Processing /opt/airflow/dags/aracaju.py took 0.344 seconds
[2025-12-20T01:47:32.499+0000] {processor.py:157} INFO - Started process (PID=1427) to work on /opt/airflow/dags/aracaju.py
[2025-12-20T01:47:32.500+0000] {processor.py:829} INFO - Processing file /opt/airflow/dags/aracaju.py for tasks to queue
[2025-12-20T01:47:32.501+0000] {logging_mixin.py:151} INFO - [2025-12-20T01:47:32.501+0000] {dagbag.py:539} INFO - Filling up the DagBag from /opt/airflow/dags/aracaju.py
[2025-12-20T01:47:32.786+0000] {processor.py:839} INFO - DAG(s) dict_keys(['processar_enderecos_aracaju']) retrieved from /opt/airflow/dags/aracaju.py
[2025-12-20T01:47:32.804+0000] {logging_mixin.py:151} INFO - [2025-12-20T01:47:32.804+0000] {dag.py:2915} INFO - Sync 1 DAGs
[2025-12-20T01:47:32.813+0000] {logging_mixin.py:151} INFO - [2025-12-20T01:47:32.812+0000] {dag.py:3696} INFO - Setting next_dagrun for processar_enderecos_aracaju to None, run_after=None
[2025-12-20T01:47:32.825+0000] {processor.py:179} INFO - Processing /opt/airflow/dags/aracaju.py took 0.329 seconds
[2025-12-20T01:48:02.962+0000] {processor.py:157} INFO - Started process (PID=1439) to work on /opt/airflow/dags/aracaju.py
[2025-12-20T01:48:02.964+0000] {processor.py:829} INFO - Processing file /opt/airflow/dags/aracaju.py for tasks to queue
[2025-12-20T01:48:02.964+0000] {logging_mixin.py:151} INFO - [2025-12-20T01:48:02.964+0000] {dagbag.py:539} INFO - Filling up the DagBag from /opt/airflow/dags/aracaju.py
[2025-12-20T01:48:03.260+0000] {processor.py:839} INFO - DAG(s) dict_keys(['processar_enderecos_aracaju']) retrieved from /opt/airflow/dags/aracaju.py
[2025-12-20T01:48:03.286+0000] {logging_mixin.py:151} INFO - [2025-12-20T01:48:03.285+0000] {dag.py:2915} INFO - Sync 1 DAGs
[2025-12-20T01:48:03.298+0000] {logging_mixin.py:151} INFO - [2025-12-20T01:48:03.298+0000] {dag.py:3696} INFO - Setting next_dagrun for processar_enderecos_aracaju to None, run_after=None
[2025-12-20T01:48:03.315+0000] {processor.py:179} INFO - Processing /opt/airflow/dags/aracaju.py took 0.356 seconds
[2025-12-20T01:48:33.470+0000] {processor.py:157} INFO - Started process (PID=1451) to work on /opt/airflow/dags/aracaju.py
[2025-12-20T01:48:33.471+0000] {processor.py:829} INFO - Processing file /opt/airflow/dags/aracaju.py for tasks to queue
[2025-12-20T01:48:33.472+0000] {logging_mixin.py:151} INFO - [2025-12-20T01:48:33.472+0000] {dagbag.py:539} INFO - Filling up the DagBag from /opt/airflow/dags/aracaju.py
[2025-12-20T01:48:33.761+0000] {processor.py:839} INFO - DAG(s) dict_keys(['processar_enderecos_aracaju']) retrieved from /opt/airflow/dags/aracaju.py
[2025-12-20T01:48:33.786+0000] {logging_mixin.py:151} INFO - [2025-12-20T01:48:33.785+0000] {dag.py:2915} INFO - Sync 1 DAGs
[2025-12-20T01:48:33.797+0000] {logging_mixin.py:151} INFO - [2025-12-20T01:48:33.797+0000] {dag.py:3696} INFO - Setting next_dagrun for processar_enderecos_aracaju to None, run_after=None
[2025-12-20T01:48:33.814+0000] {processor.py:179} INFO - Processing /opt/airflow/dags/aracaju.py took 0.347 seconds
[2025-12-20T01:49:03.962+0000] {processor.py:157} INFO - Started process (PID=1463) to work on /opt/airflow/dags/aracaju.py
[2025-12-20T01:49:03.963+0000] {processor.py:829} INFO - Processing file /opt/airflow/dags/aracaju.py for tasks to queue
[2025-12-20T01:49:03.963+0000] {logging_mixin.py:151} INFO - [2025-12-20T01:49:03.963+0000] {dagbag.py:539} INFO - Filling up the DagBag from /opt/airflow/dags/aracaju.py
[2025-12-20T01:49:04.182+0000] {processor.py:839} INFO - DAG(s) dict_keys(['processar_enderecos_aracaju']) retrieved from /opt/airflow/dags/aracaju.py
[2025-12-20T01:49:04.200+0000] {logging_mixin.py:151} INFO - [2025-12-20T01:49:04.199+0000] {dag.py:2915} INFO - Sync 1 DAGs
[2025-12-20T01:49:04.208+0000] {logging_mixin.py:151} INFO - [2025-12-20T01:49:04.207+0000] {dag.py:3696} INFO - Setting next_dagrun for processar_enderecos_aracaju to None, run_after=None
[2025-12-20T01:49:04.221+0000] {processor.py:179} INFO - Processing /opt/airflow/dags/aracaju.py took 0.262 seconds
[2025-12-20T01:49:34.332+0000] {processor.py:157} INFO - Started process (PID=1475) to work on /opt/airflow/dags/aracaju.py
[2025-12-20T01:49:34.333+0000] {processor.py:829} INFO - Processing file /opt/airflow/dags/aracaju.py for tasks to queue
[2025-12-20T01:49:34.333+0000] {logging_mixin.py:151} INFO - [2025-12-20T01:49:34.333+0000] {dagbag.py:539} INFO - Filling up the DagBag from /opt/airflow/dags/aracaju.py
[2025-12-20T01:49:34.545+0000] {processor.py:839} INFO - DAG(s) dict_keys(['processar_enderecos_aracaju']) retrieved from /opt/airflow/dags/aracaju.py
[2025-12-20T01:49:34.564+0000] {logging_mixin.py:151} INFO - [2025-12-20T01:49:34.564+0000] {dag.py:2915} INFO - Sync 1 DAGs
[2025-12-20T01:49:34.573+0000] {logging_mixin.py:151} INFO - [2025-12-20T01:49:34.573+0000] {dag.py:3696} INFO - Setting next_dagrun for processar_enderecos_aracaju to None, run_after=None
[2025-12-20T01:49:34.588+0000] {processor.py:179} INFO - Processing /opt/airflow/dags/aracaju.py took 0.258 seconds
[2025-12-20T01:50:04.739+0000] {processor.py:157} INFO - Started process (PID=1487) to work on /opt/airflow/dags/aracaju.py
[2025-12-20T01:50:04.740+0000] {processor.py:829} INFO - Processing file /opt/airflow/dags/aracaju.py for tasks to queue
[2025-12-20T01:50:04.741+0000] {logging_mixin.py:151} INFO - [2025-12-20T01:50:04.741+0000] {dagbag.py:539} INFO - Filling up the DagBag from /opt/airflow/dags/aracaju.py
[2025-12-20T01:50:05.059+0000] {processor.py:839} INFO - DAG(s) dict_keys(['processar_enderecos_aracaju']) retrieved from /opt/airflow/dags/aracaju.py
[2025-12-20T01:50:05.084+0000] {logging_mixin.py:151} INFO - [2025-12-20T01:50:05.083+0000] {dag.py:2915} INFO - Sync 1 DAGs
[2025-12-20T01:50:05.102+0000] {logging_mixin.py:151} INFO - [2025-12-20T01:50:05.101+0000] {dag.py:3696} INFO - Setting next_dagrun for processar_enderecos_aracaju to None, run_after=None
[2025-12-20T01:50:05.122+0000] {processor.py:179} INFO - Processing /opt/airflow/dags/aracaju.py took 0.385 seconds
[2025-12-20T01:50:35.176+0000] {processor.py:157} INFO - Started process (PID=1499) to work on /opt/airflow/dags/aracaju.py
[2025-12-20T01:50:35.177+0000] {processor.py:829} INFO - Processing file /opt/airflow/dags/aracaju.py for tasks to queue
[2025-12-20T01:50:35.178+0000] {logging_mixin.py:151} INFO - [2025-12-20T01:50:35.177+0000] {dagbag.py:539} INFO - Filling up the DagBag from /opt/airflow/dags/aracaju.py
[2025-12-20T01:50:35.479+0000] {processor.py:839} INFO - DAG(s) dict_keys(['processar_enderecos_aracaju']) retrieved from /opt/airflow/dags/aracaju.py
[2025-12-20T01:50:35.505+0000] {logging_mixin.py:151} INFO - [2025-12-20T01:50:35.504+0000] {dag.py:2915} INFO - Sync 1 DAGs
[2025-12-20T01:50:35.518+0000] {logging_mixin.py:151} INFO - [2025-12-20T01:50:35.518+0000] {dag.py:3696} INFO - Setting next_dagrun for processar_enderecos_aracaju to None, run_after=None
[2025-12-20T01:50:35.534+0000] {processor.py:179} INFO - Processing /opt/airflow/dags/aracaju.py took 0.361 seconds
[2025-12-20T01:51:05.636+0000] {processor.py:157} INFO - Started process (PID=1511) to work on /opt/airflow/dags/aracaju.py
[2025-12-20T01:51:05.637+0000] {processor.py:829} INFO - Processing file /opt/airflow/dags/aracaju.py for tasks to queue
[2025-12-20T01:51:05.638+0000] {logging_mixin.py:151} INFO - [2025-12-20T01:51:05.638+0000] {dagbag.py:539} INFO - Filling up the DagBag from /opt/airflow/dags/aracaju.py
[2025-12-20T01:51:05.915+0000] {processor.py:839} INFO - DAG(s) dict_keys(['processar_enderecos_aracaju']) retrieved from /opt/airflow/dags/aracaju.py
[2025-12-20T01:51:05.933+0000] {logging_mixin.py:151} INFO - [2025-12-20T01:51:05.933+0000] {dag.py:2915} INFO - Sync 1 DAGs
[2025-12-20T01:51:05.942+0000] {logging_mixin.py:151} INFO - [2025-12-20T01:51:05.941+0000] {dag.py:3696} INFO - Setting next_dagrun for processar_enderecos_aracaju to None, run_after=None
[2025-12-20T01:51:05.955+0000] {processor.py:179} INFO - Processing /opt/airflow/dags/aracaju.py took 0.322 seconds
[2025-12-20T01:51:36.315+0000] {processor.py:157} INFO - Started process (PID=1541) to work on /opt/airflow/dags/aracaju.py
[2025-12-20T01:51:36.315+0000] {processor.py:829} INFO - Processing file /opt/airflow/dags/aracaju.py for tasks to queue
[2025-12-20T01:51:36.316+0000] {logging_mixin.py:151} INFO - [2025-12-20T01:51:36.316+0000] {dagbag.py:539} INFO - Filling up the DagBag from /opt/airflow/dags/aracaju.py
[2025-12-20T01:51:36.545+0000] {processor.py:839} INFO - DAG(s) dict_keys(['processar_enderecos_aracaju']) retrieved from /opt/airflow/dags/aracaju.py
[2025-12-20T01:51:36.565+0000] {logging_mixin.py:151} INFO - [2025-12-20T01:51:36.564+0000] {dag.py:2915} INFO - Sync 1 DAGs
[2025-12-20T01:51:36.573+0000] {logging_mixin.py:151} INFO - [2025-12-20T01:51:36.573+0000] {dag.py:3696} INFO - Setting next_dagrun for processar_enderecos_aracaju to None, run_after=None
[2025-12-20T01:51:36.588+0000] {processor.py:179} INFO - Processing /opt/airflow/dags/aracaju.py took 0.276 seconds
[2025-12-20T01:52:06.830+0000] {processor.py:157} INFO - Started process (PID=1583) to work on /opt/airflow/dags/aracaju.py
[2025-12-20T01:52:06.831+0000] {processor.py:829} INFO - Processing file /opt/airflow/dags/aracaju.py for tasks to queue
[2025-12-20T01:52:06.832+0000] {logging_mixin.py:151} INFO - [2025-12-20T01:52:06.832+0000] {dagbag.py:539} INFO - Filling up the DagBag from /opt/airflow/dags/aracaju.py
[2025-12-20T01:52:07.121+0000] {processor.py:839} INFO - DAG(s) dict_keys(['processar_enderecos_aracaju']) retrieved from /opt/airflow/dags/aracaju.py
[2025-12-20T01:52:07.145+0000] {logging_mixin.py:151} INFO - [2025-12-20T01:52:07.145+0000] {dag.py:2915} INFO - Sync 1 DAGs
[2025-12-20T01:52:07.157+0000] {logging_mixin.py:151} INFO - [2025-12-20T01:52:07.157+0000] {dag.py:3696} INFO - Setting next_dagrun for processar_enderecos_aracaju to None, run_after=None
[2025-12-20T01:52:07.173+0000] {processor.py:179} INFO - Processing /opt/airflow/dags/aracaju.py took 0.347 seconds
[2025-12-20T01:52:37.586+0000] {processor.py:157} INFO - Started process (PID=1607) to work on /opt/airflow/dags/aracaju.py
[2025-12-20T01:52:37.587+0000] {processor.py:829} INFO - Processing file /opt/airflow/dags/aracaju.py for tasks to queue
[2025-12-20T01:52:37.588+0000] {logging_mixin.py:151} INFO - [2025-12-20T01:52:37.587+0000] {dagbag.py:539} INFO - Filling up the DagBag from /opt/airflow/dags/aracaju.py
[2025-12-20T01:52:37.819+0000] {processor.py:839} INFO - DAG(s) dict_keys(['processar_enderecos_aracaju']) retrieved from /opt/airflow/dags/aracaju.py
[2025-12-20T01:52:37.837+0000] {logging_mixin.py:151} INFO - [2025-12-20T01:52:37.837+0000] {dag.py:2915} INFO - Sync 1 DAGs
[2025-12-20T01:52:37.845+0000] {logging_mixin.py:151} INFO - [2025-12-20T01:52:37.845+0000] {dag.py:3696} INFO - Setting next_dagrun for processar_enderecos_aracaju to None, run_after=None
[2025-12-20T01:52:37.860+0000] {processor.py:179} INFO - Processing /opt/airflow/dags/aracaju.py took 0.277 seconds
[2025-12-20T01:53:07.982+0000] {processor.py:157} INFO - Started process (PID=1631) to work on /opt/airflow/dags/aracaju.py
[2025-12-20T01:53:07.983+0000] {processor.py:829} INFO - Processing file /opt/airflow/dags/aracaju.py for tasks to queue
[2025-12-20T01:53:07.984+0000] {logging_mixin.py:151} INFO - [2025-12-20T01:53:07.984+0000] {dagbag.py:539} INFO - Filling up the DagBag from /opt/airflow/dags/aracaju.py
[2025-12-20T01:53:08.274+0000] {processor.py:839} INFO - DAG(s) dict_keys(['processar_enderecos_aracaju']) retrieved from /opt/airflow/dags/aracaju.py
[2025-12-20T01:53:08.297+0000] {logging_mixin.py:151} INFO - [2025-12-20T01:53:08.297+0000] {dag.py:2915} INFO - Sync 1 DAGs
[2025-12-20T01:53:08.310+0000] {logging_mixin.py:151} INFO - [2025-12-20T01:53:08.310+0000] {dag.py:3696} INFO - Setting next_dagrun for processar_enderecos_aracaju to None, run_after=None
[2025-12-20T01:53:08.327+0000] {processor.py:179} INFO - Processing /opt/airflow/dags/aracaju.py took 0.349 seconds
[2025-12-20T01:53:38.458+0000] {processor.py:157} INFO - Started process (PID=1643) to work on /opt/airflow/dags/aracaju.py
[2025-12-20T01:53:38.459+0000] {processor.py:829} INFO - Processing file /opt/airflow/dags/aracaju.py for tasks to queue
[2025-12-20T01:53:38.459+0000] {logging_mixin.py:151} INFO - [2025-12-20T01:53:38.459+0000] {dagbag.py:539} INFO - Filling up the DagBag from /opt/airflow/dags/aracaju.py
[2025-12-20T01:53:38.671+0000] {processor.py:839} INFO - DAG(s) dict_keys(['processar_enderecos_aracaju']) retrieved from /opt/airflow/dags/aracaju.py
[2025-12-20T01:53:38.690+0000] {logging_mixin.py:151} INFO - [2025-12-20T01:53:38.689+0000] {dag.py:2915} INFO - Sync 1 DAGs
[2025-12-20T01:53:38.698+0000] {logging_mixin.py:151} INFO - [2025-12-20T01:53:38.698+0000] {dag.py:3696} INFO - Setting next_dagrun for processar_enderecos_aracaju to None, run_after=None
[2025-12-20T01:53:38.711+0000] {processor.py:179} INFO - Processing /opt/airflow/dags/aracaju.py took 0.255 seconds
[2025-12-20T01:54:08.831+0000] {processor.py:157} INFO - Started process (PID=1655) to work on /opt/airflow/dags/aracaju.py
[2025-12-20T01:54:08.832+0000] {processor.py:829} INFO - Processing file /opt/airflow/dags/aracaju.py for tasks to queue
[2025-12-20T01:54:08.833+0000] {logging_mixin.py:151} INFO - [2025-12-20T01:54:08.833+0000] {dagbag.py:539} INFO - Filling up the DagBag from /opt/airflow/dags/aracaju.py
[2025-12-20T01:54:09.053+0000] {processor.py:839} INFO - DAG(s) dict_keys(['processar_enderecos_aracaju']) retrieved from /opt/airflow/dags/aracaju.py
[2025-12-20T01:54:09.073+0000] {logging_mixin.py:151} INFO - [2025-12-20T01:54:09.073+0000] {dag.py:2915} INFO - Sync 1 DAGs
[2025-12-20T01:54:09.082+0000] {logging_mixin.py:151} INFO - [2025-12-20T01:54:09.082+0000] {dag.py:3696} INFO - Setting next_dagrun for processar_enderecos_aracaju to None, run_after=None
[2025-12-20T01:54:09.096+0000] {processor.py:179} INFO - Processing /opt/airflow/dags/aracaju.py took 0.268 seconds
[2025-12-20T01:54:39.227+0000] {processor.py:157} INFO - Started process (PID=1667) to work on /opt/airflow/dags/aracaju.py
[2025-12-20T01:54:39.228+0000] {processor.py:829} INFO - Processing file /opt/airflow/dags/aracaju.py for tasks to queue
[2025-12-20T01:54:39.229+0000] {logging_mixin.py:151} INFO - [2025-12-20T01:54:39.229+0000] {dagbag.py:539} INFO - Filling up the DagBag from /opt/airflow/dags/aracaju.py
[2025-12-20T01:54:39.531+0000] {processor.py:839} INFO - DAG(s) dict_keys(['processar_enderecos_aracaju']) retrieved from /opt/airflow/dags/aracaju.py
[2025-12-20T01:54:39.552+0000] {logging_mixin.py:151} INFO - [2025-12-20T01:54:39.552+0000] {dag.py:2915} INFO - Sync 1 DAGs
[2025-12-20T01:54:39.560+0000] {logging_mixin.py:151} INFO - [2025-12-20T01:54:39.560+0000] {dag.py:3696} INFO - Setting next_dagrun for processar_enderecos_aracaju to None, run_after=None
[2025-12-20T01:54:39.572+0000] {processor.py:179} INFO - Processing /opt/airflow/dags/aracaju.py took 0.348 seconds
[2025-12-20T01:55:09.695+0000] {processor.py:157} INFO - Started process (PID=1679) to work on /opt/airflow/dags/aracaju.py
[2025-12-20T01:55:09.696+0000] {processor.py:829} INFO - Processing file /opt/airflow/dags/aracaju.py for tasks to queue
[2025-12-20T01:55:09.696+0000] {logging_mixin.py:151} INFO - [2025-12-20T01:55:09.696+0000] {dagbag.py:539} INFO - Filling up the DagBag from /opt/airflow/dags/aracaju.py
[2025-12-20T01:55:09.928+0000] {processor.py:839} INFO - DAG(s) dict_keys(['processar_enderecos_aracaju']) retrieved from /opt/airflow/dags/aracaju.py
[2025-12-20T01:55:09.947+0000] {logging_mixin.py:151} INFO - [2025-12-20T01:55:09.947+0000] {dag.py:2915} INFO - Sync 1 DAGs
[2025-12-20T01:55:09.956+0000] {logging_mixin.py:151} INFO - [2025-12-20T01:55:09.955+0000] {dag.py:3696} INFO - Setting next_dagrun for processar_enderecos_aracaju to None, run_after=None
[2025-12-20T01:55:09.970+0000] {processor.py:179} INFO - Processing /opt/airflow/dags/aracaju.py took 0.278 seconds
[2025-12-20T01:55:40.099+0000] {processor.py:157} INFO - Started process (PID=1691) to work on /opt/airflow/dags/aracaju.py
[2025-12-20T01:55:40.099+0000] {processor.py:829} INFO - Processing file /opt/airflow/dags/aracaju.py for tasks to queue
[2025-12-20T01:55:40.100+0000] {logging_mixin.py:151} INFO - [2025-12-20T01:55:40.100+0000] {dagbag.py:539} INFO - Filling up the DagBag from /opt/airflow/dags/aracaju.py
[2025-12-20T01:55:40.356+0000] {processor.py:839} INFO - DAG(s) dict_keys(['processar_enderecos_aracaju']) retrieved from /opt/airflow/dags/aracaju.py
[2025-12-20T01:55:40.375+0000] {logging_mixin.py:151} INFO - [2025-12-20T01:55:40.375+0000] {dag.py:2915} INFO - Sync 1 DAGs
[2025-12-20T01:55:40.385+0000] {logging_mixin.py:151} INFO - [2025-12-20T01:55:40.385+0000] {dag.py:3696} INFO - Setting next_dagrun for processar_enderecos_aracaju to None, run_after=None
[2025-12-20T01:55:40.398+0000] {processor.py:179} INFO - Processing /opt/airflow/dags/aracaju.py took 0.302 seconds
[2025-12-20T01:56:10.487+0000] {processor.py:157} INFO - Started process (PID=1703) to work on /opt/airflow/dags/aracaju.py
[2025-12-20T01:56:10.488+0000] {processor.py:829} INFO - Processing file /opt/airflow/dags/aracaju.py for tasks to queue
[2025-12-20T01:56:10.489+0000] {logging_mixin.py:151} INFO - [2025-12-20T01:56:10.489+0000] {dagbag.py:539} INFO - Filling up the DagBag from /opt/airflow/dags/aracaju.py
[2025-12-20T01:56:10.781+0000] {processor.py:839} INFO - DAG(s) dict_keys(['processar_enderecos_aracaju']) retrieved from /opt/airflow/dags/aracaju.py
[2025-12-20T01:56:10.808+0000] {logging_mixin.py:151} INFO - [2025-12-20T01:56:10.807+0000] {dag.py:2915} INFO - Sync 1 DAGs
[2025-12-20T01:56:10.818+0000] {logging_mixin.py:151} INFO - [2025-12-20T01:56:10.817+0000] {dag.py:3696} INFO - Setting next_dagrun for processar_enderecos_aracaju to None, run_after=None
[2025-12-20T01:56:10.830+0000] {processor.py:179} INFO - Processing /opt/airflow/dags/aracaju.py took 0.346 seconds
[2025-12-20T01:56:40.935+0000] {processor.py:157} INFO - Started process (PID=1715) to work on /opt/airflow/dags/aracaju.py
[2025-12-20T01:56:40.936+0000] {processor.py:829} INFO - Processing file /opt/airflow/dags/aracaju.py for tasks to queue
[2025-12-20T01:56:40.937+0000] {logging_mixin.py:151} INFO - [2025-12-20T01:56:40.937+0000] {dagbag.py:539} INFO - Filling up the DagBag from /opt/airflow/dags/aracaju.py
[2025-12-20T01:56:41.137+0000] {processor.py:839} INFO - DAG(s) dict_keys(['processar_enderecos_aracaju']) retrieved from /opt/airflow/dags/aracaju.py
[2025-12-20T01:56:41.155+0000] {logging_mixin.py:151} INFO - [2025-12-20T01:56:41.155+0000] {dag.py:2915} INFO - Sync 1 DAGs
[2025-12-20T01:56:41.164+0000] {logging_mixin.py:151} INFO - [2025-12-20T01:56:41.164+0000] {dag.py:3696} INFO - Setting next_dagrun for processar_enderecos_aracaju to None, run_after=None
[2025-12-20T01:56:41.177+0000] {processor.py:179} INFO - Processing /opt/airflow/dags/aracaju.py took 0.244 seconds
[2025-12-20T01:57:11.326+0000] {processor.py:157} INFO - Started process (PID=1727) to work on /opt/airflow/dags/aracaju.py
[2025-12-20T01:57:11.327+0000] {processor.py:829} INFO - Processing file /opt/airflow/dags/aracaju.py for tasks to queue
[2025-12-20T01:57:11.327+0000] {logging_mixin.py:151} INFO - [2025-12-20T01:57:11.327+0000] {dagbag.py:539} INFO - Filling up the DagBag from /opt/airflow/dags/aracaju.py
[2025-12-20T01:57:11.618+0000] {processor.py:839} INFO - DAG(s) dict_keys(['processar_enderecos_aracaju']) retrieved from /opt/airflow/dags/aracaju.py
[2025-12-20T01:57:11.644+0000] {logging_mixin.py:151} INFO - [2025-12-20T01:57:11.643+0000] {dag.py:2915} INFO - Sync 1 DAGs
[2025-12-20T01:57:11.656+0000] {logging_mixin.py:151} INFO - [2025-12-20T01:57:11.656+0000] {dag.py:3696} INFO - Setting next_dagrun for processar_enderecos_aracaju to None, run_after=None
[2025-12-20T01:57:11.672+0000] {processor.py:179} INFO - Processing /opt/airflow/dags/aracaju.py took 0.349 seconds
[2025-12-20T02:10:24.840+0000] {processor.py:157} INFO - Started process (PID=178) to work on /opt/airflow/dags/aracaju.py
[2025-12-20T02:10:24.842+0000] {processor.py:829} INFO - Processing file /opt/airflow/dags/aracaju.py for tasks to queue
[2025-12-20T02:10:24.843+0000] {logging_mixin.py:151} INFO - [2025-12-20T02:10:24.842+0000] {dagbag.py:539} INFO - Filling up the DagBag from /opt/airflow/dags/aracaju.py
[2025-12-20T02:10:25.777+0000] {processor.py:839} INFO - DAG(s) dict_keys(['processar_enderecos_aracaju']) retrieved from /opt/airflow/dags/aracaju.py
[2025-12-20T02:10:25.793+0000] {logging_mixin.py:151} INFO - [2025-12-20T02:10:25.793+0000] {dag.py:2915} INFO - Sync 1 DAGs
[2025-12-20T02:10:25.802+0000] {logging_mixin.py:151} INFO - [2025-12-20T02:10:25.802+0000] {dag.py:3696} INFO - Setting next_dagrun for processar_enderecos_aracaju to None, run_after=None
[2025-12-20T02:10:25.816+0000] {processor.py:179} INFO - Processing /opt/airflow/dags/aracaju.py took 0.978 seconds
[2025-12-20T02:12:03.239+0000] {processor.py:157} INFO - Started process (PID=178) to work on /opt/airflow/dags/aracaju.py
[2025-12-20T02:12:03.240+0000] {processor.py:829} INFO - Processing file /opt/airflow/dags/aracaju.py for tasks to queue
[2025-12-20T02:12:03.240+0000] {logging_mixin.py:151} INFO - [2025-12-20T02:12:03.240+0000] {dagbag.py:539} INFO - Filling up the DagBag from /opt/airflow/dags/aracaju.py
[2025-12-20T02:12:04.143+0000] {processor.py:839} INFO - DAG(s) dict_keys(['processar_enderecos_aracaju']) retrieved from /opt/airflow/dags/aracaju.py
[2025-12-20T02:12:04.158+0000] {logging_mixin.py:151} INFO - [2025-12-20T02:12:04.157+0000] {dag.py:2915} INFO - Sync 1 DAGs
[2025-12-20T02:12:04.166+0000] {logging_mixin.py:151} INFO - [2025-12-20T02:12:04.166+0000] {dag.py:3696} INFO - Setting next_dagrun for processar_enderecos_aracaju to None, run_after=None
[2025-12-20T02:12:04.178+0000] {processor.py:179} INFO - Processing /opt/airflow/dags/aracaju.py took 0.942 seconds
[2025-12-20T02:12:34.290+0000] {processor.py:157} INFO - Started process (PID=190) to work on /opt/airflow/dags/aracaju.py
[2025-12-20T02:12:34.290+0000] {processor.py:829} INFO - Processing file /opt/airflow/dags/aracaju.py for tasks to queue
[2025-12-20T02:12:34.291+0000] {logging_mixin.py:151} INFO - [2025-12-20T02:12:34.291+0000] {dagbag.py:539} INFO - Filling up the DagBag from /opt/airflow/dags/aracaju.py
[2025-12-20T02:12:34.692+0000] {processor.py:839} INFO - DAG(s) dict_keys(['processar_enderecos_aracaju']) retrieved from /opt/airflow/dags/aracaju.py
[2025-12-20T02:12:34.724+0000] {logging_mixin.py:151} INFO - [2025-12-20T02:12:34.724+0000] {dag.py:2915} INFO - Sync 1 DAGs
[2025-12-20T02:12:34.734+0000] {logging_mixin.py:151} INFO - [2025-12-20T02:12:34.734+0000] {dag.py:3696} INFO - Setting next_dagrun for processar_enderecos_aracaju to None, run_after=None
[2025-12-20T02:12:34.749+0000] {processor.py:179} INFO - Processing /opt/airflow/dags/aracaju.py took 0.461 seconds
[2025-12-20T02:13:04.879+0000] {processor.py:157} INFO - Started process (PID=202) to work on /opt/airflow/dags/aracaju.py
[2025-12-20T02:13:04.880+0000] {processor.py:829} INFO - Processing file /opt/airflow/dags/aracaju.py for tasks to queue
[2025-12-20T02:13:04.881+0000] {logging_mixin.py:151} INFO - [2025-12-20T02:13:04.880+0000] {dagbag.py:539} INFO - Filling up the DagBag from /opt/airflow/dags/aracaju.py
[2025-12-20T02:13:05.292+0000] {processor.py:839} INFO - DAG(s) dict_keys(['processar_enderecos_aracaju']) retrieved from /opt/airflow/dags/aracaju.py
[2025-12-20T02:13:05.314+0000] {logging_mixin.py:151} INFO - [2025-12-20T02:13:05.313+0000] {dag.py:2915} INFO - Sync 1 DAGs
[2025-12-20T02:13:05.324+0000] {logging_mixin.py:151} INFO - [2025-12-20T02:13:05.324+0000] {dag.py:3696} INFO - Setting next_dagrun for processar_enderecos_aracaju to None, run_after=None
[2025-12-20T02:13:05.339+0000] {processor.py:179} INFO - Processing /opt/airflow/dags/aracaju.py took 0.462 seconds
[2025-12-20T02:13:35.459+0000] {processor.py:157} INFO - Started process (PID=214) to work on /opt/airflow/dags/aracaju.py
[2025-12-20T02:13:35.460+0000] {processor.py:829} INFO - Processing file /opt/airflow/dags/aracaju.py for tasks to queue
[2025-12-20T02:13:35.461+0000] {logging_mixin.py:151} INFO - [2025-12-20T02:13:35.460+0000] {dagbag.py:539} INFO - Filling up the DagBag from /opt/airflow/dags/aracaju.py
[2025-12-20T02:13:35.864+0000] {processor.py:839} INFO - DAG(s) dict_keys(['processar_enderecos_aracaju']) retrieved from /opt/airflow/dags/aracaju.py
[2025-12-20T02:13:35.882+0000] {logging_mixin.py:151} INFO - [2025-12-20T02:13:35.882+0000] {dag.py:2915} INFO - Sync 1 DAGs
[2025-12-20T02:13:35.890+0000] {logging_mixin.py:151} INFO - [2025-12-20T02:13:35.890+0000] {dag.py:3696} INFO - Setting next_dagrun for processar_enderecos_aracaju to None, run_after=None
[2025-12-20T02:13:35.903+0000] {processor.py:179} INFO - Processing /opt/airflow/dags/aracaju.py took 0.446 seconds
[2025-12-20T02:14:06.038+0000] {processor.py:157} INFO - Started process (PID=226) to work on /opt/airflow/dags/aracaju.py
[2025-12-20T02:14:06.039+0000] {processor.py:829} INFO - Processing file /opt/airflow/dags/aracaju.py for tasks to queue
[2025-12-20T02:14:06.040+0000] {logging_mixin.py:151} INFO - [2025-12-20T02:14:06.039+0000] {dagbag.py:539} INFO - Filling up the DagBag from /opt/airflow/dags/aracaju.py
[2025-12-20T02:14:06.436+0000] {processor.py:839} INFO - DAG(s) dict_keys(['processar_enderecos_aracaju']) retrieved from /opt/airflow/dags/aracaju.py
[2025-12-20T02:14:06.450+0000] {logging_mixin.py:151} INFO - [2025-12-20T02:14:06.450+0000] {dag.py:2915} INFO - Sync 1 DAGs
[2025-12-20T02:14:06.457+0000] {logging_mixin.py:151} INFO - [2025-12-20T02:14:06.457+0000] {dag.py:3696} INFO - Setting next_dagrun for processar_enderecos_aracaju to None, run_after=None
[2025-12-20T02:14:06.469+0000] {processor.py:179} INFO - Processing /opt/airflow/dags/aracaju.py took 0.433 seconds
[2025-12-20T02:14:36.590+0000] {processor.py:157} INFO - Started process (PID=238) to work on /opt/airflow/dags/aracaju.py
[2025-12-20T02:14:36.591+0000] {processor.py:829} INFO - Processing file /opt/airflow/dags/aracaju.py for tasks to queue
[2025-12-20T02:14:36.592+0000] {logging_mixin.py:151} INFO - [2025-12-20T02:14:36.591+0000] {dagbag.py:539} INFO - Filling up the DagBag from /opt/airflow/dags/aracaju.py
[2025-12-20T02:14:36.987+0000] {processor.py:839} INFO - DAG(s) dict_keys(['processar_enderecos_aracaju']) retrieved from /opt/airflow/dags/aracaju.py
[2025-12-20T02:14:37.003+0000] {logging_mixin.py:151} INFO - [2025-12-20T02:14:37.003+0000] {dag.py:2915} INFO - Sync 1 DAGs
[2025-12-20T02:14:37.011+0000] {logging_mixin.py:151} INFO - [2025-12-20T02:14:37.010+0000] {dag.py:3696} INFO - Setting next_dagrun for processar_enderecos_aracaju to None, run_after=None
[2025-12-20T02:14:37.023+0000] {processor.py:179} INFO - Processing /opt/airflow/dags/aracaju.py took 0.436 seconds
[2025-12-20T02:15:07.276+0000] {processor.py:157} INFO - Started process (PID=250) to work on /opt/airflow/dags/aracaju.py
[2025-12-20T02:15:07.276+0000] {processor.py:829} INFO - Processing file /opt/airflow/dags/aracaju.py for tasks to queue
[2025-12-20T02:15:07.277+0000] {logging_mixin.py:151} INFO - [2025-12-20T02:15:07.277+0000] {dagbag.py:539} INFO - Filling up the DagBag from /opt/airflow/dags/aracaju.py
[2025-12-20T02:15:07.570+0000] {processor.py:839} INFO - DAG(s) dict_keys(['processar_enderecos_aracaju']) retrieved from /opt/airflow/dags/aracaju.py
[2025-12-20T02:15:07.592+0000] {logging_mixin.py:151} INFO - [2025-12-20T02:15:07.592+0000] {dag.py:2915} INFO - Sync 1 DAGs
[2025-12-20T02:15:07.604+0000] {logging_mixin.py:151} INFO - [2025-12-20T02:15:07.604+0000] {dag.py:3696} INFO - Setting next_dagrun for processar_enderecos_aracaju to None, run_after=None
[2025-12-20T02:15:07.621+0000] {processor.py:179} INFO - Processing /opt/airflow/dags/aracaju.py took 0.348 seconds
[2025-12-20T02:15:37.750+0000] {processor.py:157} INFO - Started process (PID=262) to work on /opt/airflow/dags/aracaju.py
[2025-12-20T02:15:37.751+0000] {processor.py:829} INFO - Processing file /opt/airflow/dags/aracaju.py for tasks to queue
[2025-12-20T02:15:37.752+0000] {logging_mixin.py:151} INFO - [2025-12-20T02:15:37.751+0000] {dagbag.py:539} INFO - Filling up the DagBag from /opt/airflow/dags/aracaju.py
[2025-12-20T02:15:38.047+0000] {processor.py:839} INFO - DAG(s) dict_keys(['processar_enderecos_aracaju']) retrieved from /opt/airflow/dags/aracaju.py
[2025-12-20T02:15:38.069+0000] {logging_mixin.py:151} INFO - [2025-12-20T02:15:38.069+0000] {dag.py:2915} INFO - Sync 1 DAGs
[2025-12-20T02:15:38.082+0000] {logging_mixin.py:151} INFO - [2025-12-20T02:15:38.081+0000] {dag.py:3696} INFO - Setting next_dagrun for processar_enderecos_aracaju to None, run_after=None
[2025-12-20T02:15:38.097+0000] {processor.py:179} INFO - Processing /opt/airflow/dags/aracaju.py took 0.350 seconds
[2025-12-20T02:16:08.197+0000] {processor.py:157} INFO - Started process (PID=274) to work on /opt/airflow/dags/aracaju.py
[2025-12-20T02:16:08.198+0000] {processor.py:829} INFO - Processing file /opt/airflow/dags/aracaju.py for tasks to queue
[2025-12-20T02:16:08.199+0000] {logging_mixin.py:151} INFO - [2025-12-20T02:16:08.198+0000] {dagbag.py:539} INFO - Filling up the DagBag from /opt/airflow/dags/aracaju.py
[2025-12-20T02:16:08.420+0000] {processor.py:839} INFO - DAG(s) dict_keys(['processar_enderecos_aracaju']) retrieved from /opt/airflow/dags/aracaju.py
[2025-12-20T02:16:08.439+0000] {logging_mixin.py:151} INFO - [2025-12-20T02:16:08.439+0000] {dag.py:2915} INFO - Sync 1 DAGs
[2025-12-20T02:16:08.449+0000] {logging_mixin.py:151} INFO - [2025-12-20T02:16:08.448+0000] {dag.py:3696} INFO - Setting next_dagrun for processar_enderecos_aracaju to None, run_after=None
[2025-12-20T02:16:08.462+0000] {processor.py:179} INFO - Processing /opt/airflow/dags/aracaju.py took 0.267 seconds
[2025-12-20T02:16:38.568+0000] {processor.py:157} INFO - Started process (PID=348) to work on /opt/airflow/dags/aracaju.py
[2025-12-20T02:16:38.569+0000] {processor.py:829} INFO - Processing file /opt/airflow/dags/aracaju.py for tasks to queue
[2025-12-20T02:16:38.570+0000] {logging_mixin.py:151} INFO - [2025-12-20T02:16:38.569+0000] {dagbag.py:539} INFO - Filling up the DagBag from /opt/airflow/dags/aracaju.py
[2025-12-20T02:16:38.811+0000] {processor.py:839} INFO - DAG(s) dict_keys(['processar_enderecos_aracaju']) retrieved from /opt/airflow/dags/aracaju.py
[2025-12-20T02:16:38.830+0000] {logging_mixin.py:151} INFO - [2025-12-20T02:16:38.829+0000] {dag.py:2915} INFO - Sync 1 DAGs
[2025-12-20T02:16:38.838+0000] {logging_mixin.py:151} INFO - [2025-12-20T02:16:38.838+0000] {dag.py:3696} INFO - Setting next_dagrun for processar_enderecos_aracaju to None, run_after=None
[2025-12-20T02:16:38.852+0000] {processor.py:179} INFO - Processing /opt/airflow/dags/aracaju.py took 0.286 seconds
[2025-12-20T02:17:34.636+0000] {processor.py:157} INFO - Started process (PID=178) to work on /opt/airflow/dags/aracaju.py
[2025-12-20T02:17:34.637+0000] {processor.py:829} INFO - Processing file /opt/airflow/dags/aracaju.py for tasks to queue
[2025-12-20T02:17:34.638+0000] {logging_mixin.py:151} INFO - [2025-12-20T02:17:34.637+0000] {dagbag.py:539} INFO - Filling up the DagBag from /opt/airflow/dags/aracaju.py
[2025-12-20T02:17:35.555+0000] {processor.py:839} INFO - DAG(s) dict_keys(['processar_enderecos_aracaju']) retrieved from /opt/airflow/dags/aracaju.py
[2025-12-20T02:17:35.570+0000] {logging_mixin.py:151} INFO - [2025-12-20T02:17:35.570+0000] {dag.py:2915} INFO - Sync 1 DAGs
[2025-12-20T02:17:35.578+0000] {logging_mixin.py:151} INFO - [2025-12-20T02:17:35.578+0000] {dag.py:3696} INFO - Setting next_dagrun for processar_enderecos_aracaju to None, run_after=None
[2025-12-20T02:17:35.590+0000] {processor.py:179} INFO - Processing /opt/airflow/dags/aracaju.py took 0.956 seconds
[2025-12-20T02:18:05.703+0000] {processor.py:157} INFO - Started process (PID=190) to work on /opt/airflow/dags/aracaju.py
[2025-12-20T02:18:05.703+0000] {processor.py:829} INFO - Processing file /opt/airflow/dags/aracaju.py for tasks to queue
[2025-12-20T02:18:05.704+0000] {logging_mixin.py:151} INFO - [2025-12-20T02:18:05.704+0000] {dagbag.py:539} INFO - Filling up the DagBag from /opt/airflow/dags/aracaju.py
[2025-12-20T02:18:06.117+0000] {processor.py:839} INFO - DAG(s) dict_keys(['processar_enderecos_aracaju']) retrieved from /opt/airflow/dags/aracaju.py
[2025-12-20T02:18:06.150+0000] {logging_mixin.py:151} INFO - [2025-12-20T02:18:06.149+0000] {dag.py:2915} INFO - Sync 1 DAGs
[2025-12-20T02:18:06.161+0000] {logging_mixin.py:151} INFO - [2025-12-20T02:18:06.161+0000] {dag.py:3696} INFO - Setting next_dagrun for processar_enderecos_aracaju to None, run_after=None
[2025-12-20T02:18:06.176+0000] {processor.py:179} INFO - Processing /opt/airflow/dags/aracaju.py took 0.476 seconds
[2025-12-20T02:18:36.291+0000] {processor.py:157} INFO - Started process (PID=202) to work on /opt/airflow/dags/aracaju.py
[2025-12-20T02:18:36.291+0000] {processor.py:829} INFO - Processing file /opt/airflow/dags/aracaju.py for tasks to queue
[2025-12-20T02:18:36.292+0000] {logging_mixin.py:151} INFO - [2025-12-20T02:18:36.292+0000] {dagbag.py:539} INFO - Filling up the DagBag from /opt/airflow/dags/aracaju.py
[2025-12-20T02:18:36.654+0000] {processor.py:839} INFO - DAG(s) dict_keys(['processar_enderecos_aracaju']) retrieved from /opt/airflow/dags/aracaju.py
[2025-12-20T02:18:36.672+0000] {logging_mixin.py:151} INFO - [2025-12-20T02:18:36.672+0000] {dag.py:2915} INFO - Sync 1 DAGs
[2025-12-20T02:18:36.680+0000] {logging_mixin.py:151} INFO - [2025-12-20T02:18:36.680+0000] {dag.py:3696} INFO - Setting next_dagrun for processar_enderecos_aracaju to None, run_after=None
[2025-12-20T02:18:36.693+0000] {processor.py:179} INFO - Processing /opt/airflow/dags/aracaju.py took 0.404 seconds
[2025-12-20T02:19:06.802+0000] {processor.py:157} INFO - Started process (PID=218) to work on /opt/airflow/dags/aracaju.py
[2025-12-20T02:19:06.803+0000] {processor.py:829} INFO - Processing file /opt/airflow/dags/aracaju.py for tasks to queue
[2025-12-20T02:19:06.803+0000] {logging_mixin.py:151} INFO - [2025-12-20T02:19:06.803+0000] {dagbag.py:539} INFO - Filling up the DagBag from /opt/airflow/dags/aracaju.py
[2025-12-20T02:19:07.498+0000] {logging_mixin.py:151} INFO - [2025-12-20T02:19:07.498+0000] {process_utils.py:259} INFO - Waiting up to 5 seconds for processes to exit...
[2025-12-20T02:24:11.358+0000] {processor.py:157} INFO - Started process (PID=178) to work on /opt/airflow/dags/aracaju.py
[2025-12-20T02:24:11.359+0000] {processor.py:829} INFO - Processing file /opt/airflow/dags/aracaju.py for tasks to queue
[2025-12-20T02:24:11.359+0000] {logging_mixin.py:151} INFO - [2025-12-20T02:24:11.359+0000] {dagbag.py:539} INFO - Filling up the DagBag from /opt/airflow/dags/aracaju.py
[2025-12-20T02:24:12.264+0000] {processor.py:839} INFO - DAG(s) dict_keys(['processar_enderecos_aracaju']) retrieved from /opt/airflow/dags/aracaju.py
[2025-12-20T02:24:12.281+0000] {logging_mixin.py:151} INFO - [2025-12-20T02:24:12.280+0000] {dag.py:2915} INFO - Sync 1 DAGs
[2025-12-20T02:24:12.289+0000] {logging_mixin.py:151} INFO - [2025-12-20T02:24:12.289+0000] {dag.py:3696} INFO - Setting next_dagrun for processar_enderecos_aracaju to None, run_after=None
[2025-12-20T02:24:12.304+0000] {processor.py:179} INFO - Processing /opt/airflow/dags/aracaju.py took 0.948 seconds
[2025-12-20T02:24:42.504+0000] {processor.py:157} INFO - Started process (PID=190) to work on /opt/airflow/dags/aracaju.py
[2025-12-20T02:24:42.504+0000] {processor.py:829} INFO - Processing file /opt/airflow/dags/aracaju.py for tasks to queue
[2025-12-20T02:24:42.505+0000] {logging_mixin.py:151} INFO - [2025-12-20T02:24:42.505+0000] {dagbag.py:539} INFO - Filling up the DagBag from /opt/airflow/dags/aracaju.py
[2025-12-20T02:24:42.929+0000] {processor.py:839} INFO - DAG(s) dict_keys(['processar_enderecos_aracaju']) retrieved from /opt/airflow/dags/aracaju.py
[2025-12-20T02:24:42.954+0000] {logging_mixin.py:151} INFO - [2025-12-20T02:24:42.954+0000] {dag.py:2915} INFO - Sync 1 DAGs
[2025-12-20T02:24:42.961+0000] {logging_mixin.py:151} INFO - [2025-12-20T02:24:42.961+0000] {dag.py:3696} INFO - Setting next_dagrun for processar_enderecos_aracaju to None, run_after=None
[2025-12-20T02:24:42.973+0000] {processor.py:179} INFO - Processing /opt/airflow/dags/aracaju.py took 0.471 seconds
[2025-12-20T02:25:13.127+0000] {processor.py:157} INFO - Started process (PID=205) to work on /opt/airflow/dags/aracaju.py
[2025-12-20T02:25:13.128+0000] {processor.py:829} INFO - Processing file /opt/airflow/dags/aracaju.py for tasks to queue
[2025-12-20T02:25:13.129+0000] {logging_mixin.py:151} INFO - [2025-12-20T02:25:13.128+0000] {dagbag.py:539} INFO - Filling up the DagBag from /opt/airflow/dags/aracaju.py
[2025-12-20T02:25:13.559+0000] {processor.py:839} INFO - DAG(s) dict_keys(['processar_enderecos_aracaju']) retrieved from /opt/airflow/dags/aracaju.py
[2025-12-20T02:25:13.579+0000] {logging_mixin.py:151} INFO - [2025-12-20T02:25:13.578+0000] {dag.py:2915} INFO - Sync 1 DAGs
[2025-12-20T02:25:13.586+0000] {logging_mixin.py:151} INFO - [2025-12-20T02:25:13.586+0000] {dag.py:3696} INFO - Setting next_dagrun for processar_enderecos_aracaju to None, run_after=None
[2025-12-20T02:25:13.599+0000] {processor.py:179} INFO - Processing /opt/airflow/dags/aracaju.py took 0.475 seconds
[2025-12-20T02:25:43.752+0000] {processor.py:157} INFO - Started process (PID=217) to work on /opt/airflow/dags/aracaju.py
[2025-12-20T02:25:43.752+0000] {processor.py:829} INFO - Processing file /opt/airflow/dags/aracaju.py for tasks to queue
[2025-12-20T02:25:43.753+0000] {logging_mixin.py:151} INFO - [2025-12-20T02:25:43.753+0000] {dagbag.py:539} INFO - Filling up the DagBag from /opt/airflow/dags/aracaju.py
[2025-12-20T02:25:44.086+0000] {processor.py:839} INFO - DAG(s) dict_keys(['processar_enderecos_aracaju']) retrieved from /opt/airflow/dags/aracaju.py
[2025-12-20T02:25:44.103+0000] {logging_mixin.py:151} INFO - [2025-12-20T02:25:44.103+0000] {dag.py:2915} INFO - Sync 1 DAGs
[2025-12-20T02:25:44.112+0000] {logging_mixin.py:151} INFO - [2025-12-20T02:25:44.111+0000] {dag.py:3696} INFO - Setting next_dagrun for processar_enderecos_aracaju to None, run_after=None
[2025-12-20T02:25:44.124+0000] {processor.py:179} INFO - Processing /opt/airflow/dags/aracaju.py took 0.376 seconds
[2025-12-20T02:26:14.280+0000] {processor.py:157} INFO - Started process (PID=229) to work on /opt/airflow/dags/aracaju.py
[2025-12-20T02:26:14.280+0000] {processor.py:829} INFO - Processing file /opt/airflow/dags/aracaju.py for tasks to queue
[2025-12-20T02:26:14.281+0000] {logging_mixin.py:151} INFO - [2025-12-20T02:26:14.280+0000] {dagbag.py:539} INFO - Filling up the DagBag from /opt/airflow/dags/aracaju.py
[2025-12-20T02:26:14.629+0000] {processor.py:839} INFO - DAG(s) dict_keys(['processar_enderecos_aracaju']) retrieved from /opt/airflow/dags/aracaju.py
[2025-12-20T02:26:14.646+0000] {logging_mixin.py:151} INFO - [2025-12-20T02:26:14.645+0000] {dag.py:2915} INFO - Sync 1 DAGs
[2025-12-20T02:26:14.654+0000] {logging_mixin.py:151} INFO - [2025-12-20T02:26:14.654+0000] {dag.py:3696} INFO - Setting next_dagrun for processar_enderecos_aracaju to None, run_after=None
[2025-12-20T02:26:14.668+0000] {processor.py:179} INFO - Processing /opt/airflow/dags/aracaju.py took 0.391 seconds
[2025-12-20T02:26:50.447+0000] {processor.py:157} INFO - Started process (PID=178) to work on /opt/airflow/dags/aracaju.py
[2025-12-20T02:26:50.448+0000] {processor.py:829} INFO - Processing file /opt/airflow/dags/aracaju.py for tasks to queue
[2025-12-20T02:26:50.448+0000] {logging_mixin.py:151} INFO - [2025-12-20T02:26:50.448+0000] {dagbag.py:539} INFO - Filling up the DagBag from /opt/airflow/dags/aracaju.py
[2025-12-20T02:26:51.357+0000] {processor.py:839} INFO - DAG(s) dict_keys(['processar_enderecos_aracaju']) retrieved from /opt/airflow/dags/aracaju.py
[2025-12-20T02:26:51.373+0000] {logging_mixin.py:151} INFO - [2025-12-20T02:26:51.372+0000] {dag.py:2915} INFO - Sync 1 DAGs
[2025-12-20T02:26:51.381+0000] {logging_mixin.py:151} INFO - [2025-12-20T02:26:51.381+0000] {dag.py:3696} INFO - Setting next_dagrun for processar_enderecos_aracaju to None, run_after=None
[2025-12-20T02:26:51.396+0000] {processor.py:179} INFO - Processing /opt/airflow/dags/aracaju.py took 0.951 seconds
[2025-12-20T02:27:21.597+0000] {processor.py:157} INFO - Started process (PID=193) to work on /opt/airflow/dags/aracaju.py
[2025-12-20T02:27:21.597+0000] {processor.py:829} INFO - Processing file /opt/airflow/dags/aracaju.py for tasks to queue
[2025-12-20T02:27:21.598+0000] {logging_mixin.py:151} INFO - [2025-12-20T02:27:21.598+0000] {dagbag.py:539} INFO - Filling up the DagBag from /opt/airflow/dags/aracaju.py
[2025-12-20T02:27:21.957+0000] {processor.py:839} INFO - DAG(s) dict_keys(['processar_enderecos_aracaju']) retrieved from /opt/airflow/dags/aracaju.py
[2025-12-20T02:27:21.984+0000] {logging_mixin.py:151} INFO - [2025-12-20T02:27:21.983+0000] {dag.py:2915} INFO - Sync 1 DAGs
[2025-12-20T02:27:21.991+0000] {logging_mixin.py:151} INFO - [2025-12-20T02:27:21.991+0000] {dag.py:3696} INFO - Setting next_dagrun for processar_enderecos_aracaju to None, run_after=None
[2025-12-20T02:27:22.002+0000] {processor.py:179} INFO - Processing /opt/airflow/dags/aracaju.py took 0.409 seconds
[2025-12-20T02:27:52.158+0000] {processor.py:157} INFO - Started process (PID=205) to work on /opt/airflow/dags/aracaju.py
[2025-12-20T02:27:52.159+0000] {processor.py:829} INFO - Processing file /opt/airflow/dags/aracaju.py for tasks to queue
[2025-12-20T02:27:52.159+0000] {logging_mixin.py:151} INFO - [2025-12-20T02:27:52.159+0000] {dagbag.py:539} INFO - Filling up the DagBag from /opt/airflow/dags/aracaju.py
[2025-12-20T02:27:52.486+0000] {processor.py:839} INFO - DAG(s) dict_keys(['processar_enderecos_aracaju']) retrieved from /opt/airflow/dags/aracaju.py
[2025-12-20T02:27:52.504+0000] {logging_mixin.py:151} INFO - [2025-12-20T02:27:52.504+0000] {dag.py:2915} INFO - Sync 1 DAGs
[2025-12-20T02:27:52.513+0000] {logging_mixin.py:151} INFO - [2025-12-20T02:27:52.513+0000] {dag.py:3696} INFO - Setting next_dagrun for processar_enderecos_aracaju to None, run_after=None
[2025-12-20T02:27:52.526+0000] {processor.py:179} INFO - Processing /opt/airflow/dags/aracaju.py took 0.370 seconds
[2025-12-20T02:28:43.694+0000] {processor.py:157} INFO - Started process (PID=178) to work on /opt/airflow/dags/aracaju.py
[2025-12-20T02:28:43.694+0000] {processor.py:829} INFO - Processing file /opt/airflow/dags/aracaju.py for tasks to queue
[2025-12-20T02:28:43.695+0000] {logging_mixin.py:151} INFO - [2025-12-20T02:28:43.695+0000] {dagbag.py:539} INFO - Filling up the DagBag from /opt/airflow/dags/aracaju.py
[2025-12-20T02:28:44.630+0000] {processor.py:839} INFO - DAG(s) dict_keys(['processar_enderecos_aracaju']) retrieved from /opt/airflow/dags/aracaju.py
[2025-12-20T02:28:44.644+0000] {logging_mixin.py:151} INFO - [2025-12-20T02:28:44.644+0000] {dag.py:2915} INFO - Sync 1 DAGs
[2025-12-20T02:28:44.654+0000] {logging_mixin.py:151} INFO - [2025-12-20T02:28:44.654+0000] {dag.py:3696} INFO - Setting next_dagrun for processar_enderecos_aracaju to None, run_after=None
[2025-12-20T02:28:44.668+0000] {processor.py:179} INFO - Processing /opt/airflow/dags/aracaju.py took 0.976 seconds
[2025-12-20T02:29:14.843+0000] {processor.py:157} INFO - Started process (PID=193) to work on /opt/airflow/dags/aracaju.py
[2025-12-20T02:29:14.844+0000] {processor.py:829} INFO - Processing file /opt/airflow/dags/aracaju.py for tasks to queue
[2025-12-20T02:29:14.844+0000] {logging_mixin.py:151} INFO - [2025-12-20T02:29:14.844+0000] {dagbag.py:539} INFO - Filling up the DagBag from /opt/airflow/dags/aracaju.py
[2025-12-20T02:29:15.190+0000] {processor.py:839} INFO - DAG(s) dict_keys(['processar_enderecos_aracaju']) retrieved from /opt/airflow/dags/aracaju.py
[2025-12-20T02:29:15.215+0000] {logging_mixin.py:151} INFO - [2025-12-20T02:29:15.214+0000] {dag.py:2915} INFO - Sync 1 DAGs
[2025-12-20T02:29:15.223+0000] {logging_mixin.py:151} INFO - [2025-12-20T02:29:15.223+0000] {dag.py:3696} INFO - Setting next_dagrun for processar_enderecos_aracaju to None, run_after=None
[2025-12-20T02:29:15.236+0000] {processor.py:179} INFO - Processing /opt/airflow/dags/aracaju.py took 0.396 seconds
[2025-12-20T02:29:45.379+0000] {processor.py:157} INFO - Started process (PID=205) to work on /opt/airflow/dags/aracaju.py
[2025-12-20T02:29:45.380+0000] {processor.py:829} INFO - Processing file /opt/airflow/dags/aracaju.py for tasks to queue
[2025-12-20T02:29:45.380+0000] {logging_mixin.py:151} INFO - [2025-12-20T02:29:45.380+0000] {dagbag.py:539} INFO - Filling up the DagBag from /opt/airflow/dags/aracaju.py
[2025-12-20T02:29:45.774+0000] {processor.py:839} INFO - DAG(s) dict_keys(['processar_enderecos_aracaju']) retrieved from /opt/airflow/dags/aracaju.py
[2025-12-20T02:29:45.794+0000] {logging_mixin.py:151} INFO - [2025-12-20T02:29:45.794+0000] {dag.py:2915} INFO - Sync 1 DAGs
[2025-12-20T02:29:45.804+0000] {logging_mixin.py:151} INFO - [2025-12-20T02:29:45.804+0000] {dag.py:3696} INFO - Setting next_dagrun for processar_enderecos_aracaju to None, run_after=None
[2025-12-20T02:29:45.819+0000] {processor.py:179} INFO - Processing /opt/airflow/dags/aracaju.py took 0.442 seconds
[2025-12-20T02:30:15.993+0000] {processor.py:157} INFO - Started process (PID=217) to work on /opt/airflow/dags/aracaju.py
[2025-12-20T02:30:15.994+0000] {processor.py:829} INFO - Processing file /opt/airflow/dags/aracaju.py for tasks to queue
[2025-12-20T02:30:15.995+0000] {logging_mixin.py:151} INFO - [2025-12-20T02:30:15.995+0000] {dagbag.py:539} INFO - Filling up the DagBag from /opt/airflow/dags/aracaju.py
[2025-12-20T02:30:16.390+0000] {processor.py:839} INFO - DAG(s) dict_keys(['processar_enderecos_aracaju']) retrieved from /opt/airflow/dags/aracaju.py
[2025-12-20T02:30:16.411+0000] {logging_mixin.py:151} INFO - [2025-12-20T02:30:16.410+0000] {dag.py:2915} INFO - Sync 1 DAGs
[2025-12-20T02:30:16.421+0000] {logging_mixin.py:151} INFO - [2025-12-20T02:30:16.421+0000] {dag.py:3696} INFO - Setting next_dagrun for processar_enderecos_aracaju to None, run_after=None
[2025-12-20T02:30:16.436+0000] {processor.py:179} INFO - Processing /opt/airflow/dags/aracaju.py took 0.447 seconds
[2025-12-20T02:30:46.608+0000] {processor.py:157} INFO - Started process (PID=229) to work on /opt/airflow/dags/aracaju.py
[2025-12-20T02:30:46.608+0000] {processor.py:829} INFO - Processing file /opt/airflow/dags/aracaju.py for tasks to queue
[2025-12-20T02:30:46.609+0000] {logging_mixin.py:151} INFO - [2025-12-20T02:30:46.609+0000] {dagbag.py:539} INFO - Filling up the DagBag from /opt/airflow/dags/aracaju.py
[2025-12-20T02:30:47.002+0000] {processor.py:839} INFO - DAG(s) dict_keys(['processar_enderecos_aracaju']) retrieved from /opt/airflow/dags/aracaju.py
[2025-12-20T02:30:47.024+0000] {logging_mixin.py:151} INFO - [2025-12-20T02:30:47.024+0000] {dag.py:2915} INFO - Sync 1 DAGs
[2025-12-20T02:30:47.034+0000] {logging_mixin.py:151} INFO - [2025-12-20T02:30:47.034+0000] {dag.py:3696} INFO - Setting next_dagrun for processar_enderecos_aracaju to None, run_after=None
[2025-12-20T02:30:47.049+0000] {processor.py:179} INFO - Processing /opt/airflow/dags/aracaju.py took 0.445 seconds
[2025-12-20T02:31:17.222+0000] {processor.py:157} INFO - Started process (PID=241) to work on /opt/airflow/dags/aracaju.py
[2025-12-20T02:31:17.223+0000] {processor.py:829} INFO - Processing file /opt/airflow/dags/aracaju.py for tasks to queue
[2025-12-20T02:31:17.223+0000] {logging_mixin.py:151} INFO - [2025-12-20T02:31:17.223+0000] {dagbag.py:539} INFO - Filling up the DagBag from /opt/airflow/dags/aracaju.py
[2025-12-20T02:31:17.640+0000] {processor.py:839} INFO - DAG(s) dict_keys(['processar_enderecos_aracaju']) retrieved from /opt/airflow/dags/aracaju.py
[2025-12-20T02:31:17.661+0000] {logging_mixin.py:151} INFO - [2025-12-20T02:31:17.660+0000] {dag.py:2915} INFO - Sync 1 DAGs
[2025-12-20T02:31:17.672+0000] {logging_mixin.py:151} INFO - [2025-12-20T02:31:17.672+0000] {dag.py:3696} INFO - Setting next_dagrun for processar_enderecos_aracaju to None, run_after=None
[2025-12-20T02:31:17.688+0000] {processor.py:179} INFO - Processing /opt/airflow/dags/aracaju.py took 0.470 seconds
[2025-12-20T02:31:47.977+0000] {processor.py:157} INFO - Started process (PID=253) to work on /opt/airflow/dags/aracaju.py
[2025-12-20T02:31:47.978+0000] {processor.py:829} INFO - Processing file /opt/airflow/dags/aracaju.py for tasks to queue
[2025-12-20T02:31:47.978+0000] {logging_mixin.py:151} INFO - [2025-12-20T02:31:47.978+0000] {dagbag.py:539} INFO - Filling up the DagBag from /opt/airflow/dags/aracaju.py
[2025-12-20T02:31:48.254+0000] {processor.py:839} INFO - DAG(s) dict_keys(['processar_enderecos_aracaju']) retrieved from /opt/airflow/dags/aracaju.py
[2025-12-20T02:31:48.276+0000] {logging_mixin.py:151} INFO - [2025-12-20T02:31:48.276+0000] {dag.py:2915} INFO - Sync 1 DAGs
[2025-12-20T02:31:48.287+0000] {logging_mixin.py:151} INFO - [2025-12-20T02:31:48.287+0000] {dag.py:3696} INFO - Setting next_dagrun for processar_enderecos_aracaju to None, run_after=None
[2025-12-20T02:31:48.305+0000] {processor.py:179} INFO - Processing /opt/airflow/dags/aracaju.py took 0.330 seconds
[2025-12-20T02:32:18.471+0000] {processor.py:157} INFO - Started process (PID=265) to work on /opt/airflow/dags/aracaju.py
[2025-12-20T02:32:18.471+0000] {processor.py:829} INFO - Processing file /opt/airflow/dags/aracaju.py for tasks to queue
[2025-12-20T02:32:18.472+0000] {logging_mixin.py:151} INFO - [2025-12-20T02:32:18.472+0000] {dagbag.py:539} INFO - Filling up the DagBag from /opt/airflow/dags/aracaju.py
[2025-12-20T02:32:18.753+0000] {processor.py:839} INFO - DAG(s) dict_keys(['processar_enderecos_aracaju']) retrieved from /opt/airflow/dags/aracaju.py
[2025-12-20T02:32:18.771+0000] {logging_mixin.py:151} INFO - [2025-12-20T02:32:18.771+0000] {dag.py:2915} INFO - Sync 1 DAGs
[2025-12-20T02:32:18.783+0000] {logging_mixin.py:151} INFO - [2025-12-20T02:32:18.782+0000] {dag.py:3696} INFO - Setting next_dagrun for processar_enderecos_aracaju to None, run_after=None
[2025-12-20T02:32:18.795+0000] {processor.py:179} INFO - Processing /opt/airflow/dags/aracaju.py took 0.328 seconds
[2025-12-20T02:32:48.953+0000] {processor.py:157} INFO - Started process (PID=277) to work on /opt/airflow/dags/aracaju.py
[2025-12-20T02:32:48.954+0000] {processor.py:829} INFO - Processing file /opt/airflow/dags/aracaju.py for tasks to queue
[2025-12-20T02:32:48.955+0000] {logging_mixin.py:151} INFO - [2025-12-20T02:32:48.954+0000] {dagbag.py:539} INFO - Filling up the DagBag from /opt/airflow/dags/aracaju.py
[2025-12-20T02:32:49.244+0000] {processor.py:839} INFO - DAG(s) dict_keys(['processar_enderecos_aracaju']) retrieved from /opt/airflow/dags/aracaju.py
[2025-12-20T02:32:49.264+0000] {logging_mixin.py:151} INFO - [2025-12-20T02:32:49.264+0000] {dag.py:2915} INFO - Sync 1 DAGs
[2025-12-20T02:32:49.273+0000] {logging_mixin.py:151} INFO - [2025-12-20T02:32:49.273+0000] {dag.py:3696} INFO - Setting next_dagrun for processar_enderecos_aracaju to None, run_after=None
[2025-12-20T02:32:49.288+0000] {processor.py:179} INFO - Processing /opt/airflow/dags/aracaju.py took 0.338 seconds
[2025-12-20T02:33:19.433+0000] {processor.py:157} INFO - Started process (PID=289) to work on /opt/airflow/dags/aracaju.py
[2025-12-20T02:33:19.434+0000] {processor.py:829} INFO - Processing file /opt/airflow/dags/aracaju.py for tasks to queue
[2025-12-20T02:33:19.435+0000] {logging_mixin.py:151} INFO - [2025-12-20T02:33:19.434+0000] {dagbag.py:539} INFO - Filling up the DagBag from /opt/airflow/dags/aracaju.py
[2025-12-20T02:33:19.666+0000] {processor.py:839} INFO - DAG(s) dict_keys(['processar_enderecos_aracaju']) retrieved from /opt/airflow/dags/aracaju.py
[2025-12-20T02:33:19.685+0000] {logging_mixin.py:151} INFO - [2025-12-20T02:33:19.685+0000] {dag.py:2915} INFO - Sync 1 DAGs
[2025-12-20T02:33:19.694+0000] {logging_mixin.py:151} INFO - [2025-12-20T02:33:19.694+0000] {dag.py:3696} INFO - Setting next_dagrun for processar_enderecos_aracaju to None, run_after=None
[2025-12-20T02:33:19.708+0000] {processor.py:179} INFO - Processing /opt/airflow/dags/aracaju.py took 0.277 seconds
[2025-12-20T02:33:49.885+0000] {processor.py:157} INFO - Started process (PID=301) to work on /opt/airflow/dags/aracaju.py
[2025-12-20T02:33:49.886+0000] {processor.py:829} INFO - Processing file /opt/airflow/dags/aracaju.py for tasks to queue
[2025-12-20T02:33:49.887+0000] {logging_mixin.py:151} INFO - [2025-12-20T02:33:49.887+0000] {dagbag.py:539} INFO - Filling up the DagBag from /opt/airflow/dags/aracaju.py
[2025-12-20T02:33:50.198+0000] {processor.py:839} INFO - DAG(s) dict_keys(['processar_enderecos_aracaju']) retrieved from /opt/airflow/dags/aracaju.py
[2025-12-20T02:33:50.223+0000] {logging_mixin.py:151} INFO - [2025-12-20T02:33:50.223+0000] {dag.py:2915} INFO - Sync 1 DAGs
[2025-12-20T02:33:50.235+0000] {logging_mixin.py:151} INFO - [2025-12-20T02:33:50.235+0000] {dag.py:3696} INFO - Setting next_dagrun for processar_enderecos_aracaju to None, run_after=None
[2025-12-20T02:33:50.253+0000] {processor.py:179} INFO - Processing /opt/airflow/dags/aracaju.py took 0.372 seconds
[2025-12-20T02:34:20.417+0000] {processor.py:157} INFO - Started process (PID=313) to work on /opt/airflow/dags/aracaju.py
[2025-12-20T02:34:20.418+0000] {processor.py:829} INFO - Processing file /opt/airflow/dags/aracaju.py for tasks to queue
[2025-12-20T02:34:20.418+0000] {logging_mixin.py:151} INFO - [2025-12-20T02:34:20.418+0000] {dagbag.py:539} INFO - Filling up the DagBag from /opt/airflow/dags/aracaju.py
[2025-12-20T02:34:20.697+0000] {processor.py:839} INFO - DAG(s) dict_keys(['processar_enderecos_aracaju']) retrieved from /opt/airflow/dags/aracaju.py
[2025-12-20T02:34:20.721+0000] {logging_mixin.py:151} INFO - [2025-12-20T02:34:20.720+0000] {dag.py:2915} INFO - Sync 1 DAGs
[2025-12-20T02:34:20.732+0000] {logging_mixin.py:151} INFO - [2025-12-20T02:34:20.731+0000] {dag.py:3696} INFO - Setting next_dagrun for processar_enderecos_aracaju to None, run_after=None
[2025-12-20T02:34:20.749+0000] {processor.py:179} INFO - Processing /opt/airflow/dags/aracaju.py took 0.335 seconds
[2025-12-20T02:34:50.907+0000] {processor.py:157} INFO - Started process (PID=325) to work on /opt/airflow/dags/aracaju.py
[2025-12-20T02:34:50.908+0000] {processor.py:829} INFO - Processing file /opt/airflow/dags/aracaju.py for tasks to queue
[2025-12-20T02:34:50.908+0000] {logging_mixin.py:151} INFO - [2025-12-20T02:34:50.908+0000] {dagbag.py:539} INFO - Filling up the DagBag from /opt/airflow/dags/aracaju.py
[2025-12-20T02:34:51.197+0000] {processor.py:839} INFO - DAG(s) dict_keys(['processar_enderecos_aracaju']) retrieved from /opt/airflow/dags/aracaju.py
[2025-12-20T02:34:51.223+0000] {logging_mixin.py:151} INFO - [2025-12-20T02:34:51.223+0000] {dag.py:2915} INFO - Sync 1 DAGs
[2025-12-20T02:34:51.237+0000] {logging_mixin.py:151} INFO - [2025-12-20T02:34:51.236+0000] {dag.py:3696} INFO - Setting next_dagrun for processar_enderecos_aracaju to None, run_after=None
[2025-12-20T02:34:51.254+0000] {processor.py:179} INFO - Processing /opt/airflow/dags/aracaju.py took 0.351 seconds
[2025-12-20T02:35:21.414+0000] {processor.py:157} INFO - Started process (PID=337) to work on /opt/airflow/dags/aracaju.py
[2025-12-20T02:35:21.415+0000] {processor.py:829} INFO - Processing file /opt/airflow/dags/aracaju.py for tasks to queue
[2025-12-20T02:35:21.416+0000] {logging_mixin.py:151} INFO - [2025-12-20T02:35:21.415+0000] {dagbag.py:539} INFO - Filling up the DagBag from /opt/airflow/dags/aracaju.py
[2025-12-20T02:35:21.615+0000] {processor.py:839} INFO - DAG(s) dict_keys(['processar_enderecos_aracaju']) retrieved from /opt/airflow/dags/aracaju.py
[2025-12-20T02:35:21.632+0000] {logging_mixin.py:151} INFO - [2025-12-20T02:35:21.632+0000] {dag.py:2915} INFO - Sync 1 DAGs
[2025-12-20T02:35:21.643+0000] {logging_mixin.py:151} INFO - [2025-12-20T02:35:21.642+0000] {dag.py:3696} INFO - Setting next_dagrun for processar_enderecos_aracaju to None, run_after=None
[2025-12-20T02:35:21.656+0000] {processor.py:179} INFO - Processing /opt/airflow/dags/aracaju.py took 0.243 seconds
[2025-12-20T02:35:52.735+0000] {processor.py:157} INFO - Started process (PID=178) to work on /opt/airflow/dags/aracaju.py
[2025-12-20T02:35:52.736+0000] {processor.py:829} INFO - Processing file /opt/airflow/dags/aracaju.py for tasks to queue
[2025-12-20T02:35:52.737+0000] {logging_mixin.py:151} INFO - [2025-12-20T02:35:52.736+0000] {dagbag.py:539} INFO - Filling up the DagBag from /opt/airflow/dags/aracaju.py
[2025-12-20T02:35:53.698+0000] {processor.py:839} INFO - DAG(s) dict_keys(['processar_enderecos_aracaju']) retrieved from /opt/airflow/dags/aracaju.py
[2025-12-20T02:35:53.717+0000] {logging_mixin.py:151} INFO - [2025-12-20T02:35:53.717+0000] {dag.py:2915} INFO - Sync 1 DAGs
[2025-12-20T02:35:53.729+0000] {logging_mixin.py:151} INFO - [2025-12-20T02:35:53.728+0000] {dag.py:3696} INFO - Setting next_dagrun for processar_enderecos_aracaju to None, run_after=None
[2025-12-20T02:35:53.745+0000] {processor.py:179} INFO - Processing /opt/airflow/dags/aracaju.py took 1.012 seconds
[2025-12-20T02:36:23.893+0000] {processor.py:157} INFO - Started process (PID=190) to work on /opt/airflow/dags/aracaju.py
[2025-12-20T02:36:23.894+0000] {processor.py:829} INFO - Processing file /opt/airflow/dags/aracaju.py for tasks to queue
[2025-12-20T02:36:23.895+0000] {logging_mixin.py:151} INFO - [2025-12-20T02:36:23.895+0000] {dagbag.py:539} INFO - Filling up the DagBag from /opt/airflow/dags/aracaju.py
[2025-12-20T02:36:24.293+0000] {processor.py:839} INFO - DAG(s) dict_keys(['processar_enderecos_aracaju']) retrieved from /opt/airflow/dags/aracaju.py
[2025-12-20T02:36:24.320+0000] {logging_mixin.py:151} INFO - [2025-12-20T02:36:24.320+0000] {dag.py:2915} INFO - Sync 1 DAGs
[2025-12-20T02:36:24.330+0000] {logging_mixin.py:151} INFO - [2025-12-20T02:36:24.329+0000] {dag.py:3696} INFO - Setting next_dagrun for processar_enderecos_aracaju to None, run_after=None
[2025-12-20T02:36:24.345+0000] {processor.py:179} INFO - Processing /opt/airflow/dags/aracaju.py took 0.455 seconds
[2025-12-20T02:36:54.500+0000] {processor.py:157} INFO - Started process (PID=205) to work on /opt/airflow/dags/aracaju.py
[2025-12-20T02:36:54.501+0000] {processor.py:829} INFO - Processing file /opt/airflow/dags/aracaju.py for tasks to queue
[2025-12-20T02:36:54.502+0000] {logging_mixin.py:151} INFO - [2025-12-20T02:36:54.502+0000] {dagbag.py:539} INFO - Filling up the DagBag from /opt/airflow/dags/aracaju.py
[2025-12-20T02:36:54.851+0000] {processor.py:839} INFO - DAG(s) dict_keys(['processar_enderecos_aracaju']) retrieved from /opt/airflow/dags/aracaju.py
[2025-12-20T02:36:54.867+0000] {logging_mixin.py:151} INFO - [2025-12-20T02:36:54.867+0000] {dag.py:2915} INFO - Sync 1 DAGs
[2025-12-20T02:36:54.876+0000] {logging_mixin.py:151} INFO - [2025-12-20T02:36:54.876+0000] {dag.py:3696} INFO - Setting next_dagrun for processar_enderecos_aracaju to None, run_after=None
[2025-12-20T02:36:54.890+0000] {processor.py:179} INFO - Processing /opt/airflow/dags/aracaju.py took 0.393 seconds
[2025-12-20T02:37:25.032+0000] {processor.py:157} INFO - Started process (PID=217) to work on /opt/airflow/dags/aracaju.py
[2025-12-20T02:37:25.033+0000] {processor.py:829} INFO - Processing file /opt/airflow/dags/aracaju.py for tasks to queue
[2025-12-20T02:37:25.034+0000] {logging_mixin.py:151} INFO - [2025-12-20T02:37:25.033+0000] {dagbag.py:539} INFO - Filling up the DagBag from /opt/airflow/dags/aracaju.py
[2025-12-20T02:37:25.447+0000] {processor.py:839} INFO - DAG(s) dict_keys(['processar_enderecos_aracaju']) retrieved from /opt/airflow/dags/aracaju.py
[2025-12-20T02:37:25.469+0000] {logging_mixin.py:151} INFO - [2025-12-20T02:37:25.469+0000] {dag.py:2915} INFO - Sync 1 DAGs
[2025-12-20T02:37:25.479+0000] {logging_mixin.py:151} INFO - [2025-12-20T02:37:25.479+0000] {dag.py:3696} INFO - Setting next_dagrun for processar_enderecos_aracaju to None, run_after=None
[2025-12-20T02:37:25.495+0000] {processor.py:179} INFO - Processing /opt/airflow/dags/aracaju.py took 0.466 seconds
[2025-12-20T02:37:55.644+0000] {processor.py:157} INFO - Started process (PID=232) to work on /opt/airflow/dags/aracaju.py
[2025-12-20T02:37:55.645+0000] {processor.py:829} INFO - Processing file /opt/airflow/dags/aracaju.py for tasks to queue
[2025-12-20T02:37:55.645+0000] {logging_mixin.py:151} INFO - [2025-12-20T02:37:55.645+0000] {dagbag.py:539} INFO - Filling up the DagBag from /opt/airflow/dags/aracaju.py
[2025-12-20T02:37:56.012+0000] {processor.py:839} INFO - DAG(s) dict_keys(['processar_enderecos_aracaju']) retrieved from /opt/airflow/dags/aracaju.py
[2025-12-20T02:37:56.029+0000] {logging_mixin.py:151} INFO - [2025-12-20T02:37:56.029+0000] {dag.py:2915} INFO - Sync 1 DAGs
[2025-12-20T02:37:56.037+0000] {logging_mixin.py:151} INFO - [2025-12-20T02:37:56.037+0000] {dag.py:3696} INFO - Setting next_dagrun for processar_enderecos_aracaju to None, run_after=None
[2025-12-20T02:37:56.050+0000] {processor.py:179} INFO - Processing /opt/airflow/dags/aracaju.py took 0.409 seconds
[2025-12-20T02:38:26.187+0000] {processor.py:157} INFO - Started process (PID=244) to work on /opt/airflow/dags/aracaju.py
[2025-12-20T02:38:26.187+0000] {processor.py:829} INFO - Processing file /opt/airflow/dags/aracaju.py for tasks to queue
[2025-12-20T02:38:26.188+0000] {logging_mixin.py:151} INFO - [2025-12-20T02:38:26.188+0000] {dagbag.py:539} INFO - Filling up the DagBag from /opt/airflow/dags/aracaju.py
[2025-12-20T02:38:26.521+0000] {processor.py:839} INFO - DAG(s) dict_keys(['processar_enderecos_aracaju']) retrieved from /opt/airflow/dags/aracaju.py
[2025-12-20T02:38:26.539+0000] {logging_mixin.py:151} INFO - [2025-12-20T02:38:26.539+0000] {dag.py:2915} INFO - Sync 1 DAGs
[2025-12-20T02:38:26.548+0000] {logging_mixin.py:151} INFO - [2025-12-20T02:38:26.547+0000] {dag.py:3696} INFO - Setting next_dagrun for processar_enderecos_aracaju to None, run_after=None
[2025-12-20T02:38:26.561+0000] {processor.py:179} INFO - Processing /opt/airflow/dags/aracaju.py took 0.377 seconds
[2025-12-20T02:38:56.827+0000] {processor.py:157} INFO - Started process (PID=256) to work on /opt/airflow/dags/aracaju.py
[2025-12-20T02:38:56.828+0000] {processor.py:829} INFO - Processing file /opt/airflow/dags/aracaju.py for tasks to queue
[2025-12-20T02:38:56.829+0000] {logging_mixin.py:151} INFO - [2025-12-20T02:38:56.829+0000] {dagbag.py:539} INFO - Filling up the DagBag from /opt/airflow/dags/aracaju.py
[2025-12-20T02:38:57.097+0000] {processor.py:839} INFO - DAG(s) dict_keys(['processar_enderecos_aracaju']) retrieved from /opt/airflow/dags/aracaju.py
[2025-12-20T02:38:57.118+0000] {logging_mixin.py:151} INFO - [2025-12-20T02:38:57.117+0000] {dag.py:2915} INFO - Sync 1 DAGs
[2025-12-20T02:38:57.130+0000] {logging_mixin.py:151} INFO - [2025-12-20T02:38:57.129+0000] {dag.py:3696} INFO - Setting next_dagrun for processar_enderecos_aracaju to None, run_after=None
[2025-12-20T02:38:57.145+0000] {processor.py:179} INFO - Processing /opt/airflow/dags/aracaju.py took 0.320 seconds
[2025-12-20T02:39:13.763+0000] {processor.py:157} INFO - Started process (PID=178) to work on /opt/airflow/dags/aracaju.py
[2025-12-20T02:39:13.766+0000] {processor.py:829} INFO - Processing file /opt/airflow/dags/aracaju.py for tasks to queue
[2025-12-20T02:39:13.766+0000] {logging_mixin.py:151} INFO - [2025-12-20T02:39:13.766+0000] {dagbag.py:539} INFO - Filling up the DagBag from /opt/airflow/dags/aracaju.py
[2025-12-20T02:39:14.743+0000] {processor.py:839} INFO - DAG(s) dict_keys(['processar_enderecos_aracaju']) retrieved from /opt/airflow/dags/aracaju.py
[2025-12-20T02:39:14.760+0000] {logging_mixin.py:151} INFO - [2025-12-20T02:39:14.759+0000] {dag.py:2915} INFO - Sync 1 DAGs
[2025-12-20T02:39:14.769+0000] {logging_mixin.py:151} INFO - [2025-12-20T02:39:14.768+0000] {dag.py:3696} INFO - Setting next_dagrun for processar_enderecos_aracaju to None, run_after=None
[2025-12-20T02:39:14.781+0000] {processor.py:179} INFO - Processing /opt/airflow/dags/aracaju.py took 1.021 seconds
[2025-12-20T02:39:37.035+0000] {processor.py:157} INFO - Started process (PID=178) to work on /opt/airflow/dags/aracaju.py
[2025-12-20T02:39:37.036+0000] {processor.py:829} INFO - Processing file /opt/airflow/dags/aracaju.py for tasks to queue
[2025-12-20T02:39:37.036+0000] {logging_mixin.py:151} INFO - [2025-12-20T02:39:37.036+0000] {dagbag.py:539} INFO - Filling up the DagBag from /opt/airflow/dags/aracaju.py
[2025-12-20T02:39:38.048+0000] {processor.py:839} INFO - DAG(s) dict_keys(['processar_enderecos_aracaju']) retrieved from /opt/airflow/dags/aracaju.py
[2025-12-20T02:39:38.065+0000] {logging_mixin.py:151} INFO - [2025-12-20T02:39:38.065+0000] {dag.py:2915} INFO - Sync 1 DAGs
[2025-12-20T02:39:38.074+0000] {logging_mixin.py:151} INFO - [2025-12-20T02:39:38.074+0000] {dag.py:3696} INFO - Setting next_dagrun for processar_enderecos_aracaju to None, run_after=None
[2025-12-20T02:39:38.087+0000] {processor.py:179} INFO - Processing /opt/airflow/dags/aracaju.py took 1.055 seconds
[2025-12-20T02:40:08.224+0000] {processor.py:157} INFO - Started process (PID=190) to work on /opt/airflow/dags/aracaju.py
[2025-12-20T02:40:08.225+0000] {processor.py:829} INFO - Processing file /opt/airflow/dags/aracaju.py for tasks to queue
[2025-12-20T02:40:08.226+0000] {logging_mixin.py:151} INFO - [2025-12-20T02:40:08.225+0000] {dagbag.py:539} INFO - Filling up the DagBag from /opt/airflow/dags/aracaju.py
[2025-12-20T02:40:08.630+0000] {processor.py:839} INFO - DAG(s) dict_keys(['processar_enderecos_aracaju']) retrieved from /opt/airflow/dags/aracaju.py
[2025-12-20T02:40:08.657+0000] {logging_mixin.py:151} INFO - [2025-12-20T02:40:08.657+0000] {dag.py:2915} INFO - Sync 1 DAGs
[2025-12-20T02:40:08.665+0000] {logging_mixin.py:151} INFO - [2025-12-20T02:40:08.665+0000] {dag.py:3696} INFO - Setting next_dagrun for processar_enderecos_aracaju to None, run_after=None
[2025-12-20T02:40:08.676+0000] {processor.py:179} INFO - Processing /opt/airflow/dags/aracaju.py took 0.455 seconds
[2025-12-20T02:40:38.823+0000] {processor.py:157} INFO - Started process (PID=202) to work on /opt/airflow/dags/aracaju.py
[2025-12-20T02:40:38.824+0000] {processor.py:829} INFO - Processing file /opt/airflow/dags/aracaju.py for tasks to queue
[2025-12-20T02:40:38.825+0000] {logging_mixin.py:151} INFO - [2025-12-20T02:40:38.824+0000] {dagbag.py:539} INFO - Filling up the DagBag from /opt/airflow/dags/aracaju.py
[2025-12-20T02:40:39.201+0000] {processor.py:839} INFO - DAG(s) dict_keys(['processar_enderecos_aracaju']) retrieved from /opt/airflow/dags/aracaju.py
[2025-12-20T02:40:39.218+0000] {logging_mixin.py:151} INFO - [2025-12-20T02:40:39.218+0000] {dag.py:2915} INFO - Sync 1 DAGs
[2025-12-20T02:40:39.225+0000] {logging_mixin.py:151} INFO - [2025-12-20T02:40:39.225+0000] {dag.py:3696} INFO - Setting next_dagrun for processar_enderecos_aracaju to None, run_after=None
[2025-12-20T02:40:39.237+0000] {processor.py:179} INFO - Processing /opt/airflow/dags/aracaju.py took 0.417 seconds
[2025-12-20T02:41:09.386+0000] {processor.py:157} INFO - Started process (PID=217) to work on /opt/airflow/dags/aracaju.py
[2025-12-20T02:41:09.387+0000] {processor.py:829} INFO - Processing file /opt/airflow/dags/aracaju.py for tasks to queue
[2025-12-20T02:41:09.388+0000] {logging_mixin.py:151} INFO - [2025-12-20T02:41:09.388+0000] {dagbag.py:539} INFO - Filling up the DagBag from /opt/airflow/dags/aracaju.py
[2025-12-20T02:41:09.734+0000] {processor.py:839} INFO - DAG(s) dict_keys(['processar_enderecos_aracaju']) retrieved from /opt/airflow/dags/aracaju.py
[2025-12-20T02:41:09.751+0000] {logging_mixin.py:151} INFO - [2025-12-20T02:41:09.751+0000] {dag.py:2915} INFO - Sync 1 DAGs
[2025-12-20T02:41:09.759+0000] {logging_mixin.py:151} INFO - [2025-12-20T02:41:09.759+0000] {dag.py:3696} INFO - Setting next_dagrun for processar_enderecos_aracaju to None, run_after=None
[2025-12-20T02:41:09.771+0000] {processor.py:179} INFO - Processing /opt/airflow/dags/aracaju.py took 0.388 seconds
[2025-12-20T02:41:39.910+0000] {processor.py:157} INFO - Started process (PID=229) to work on /opt/airflow/dags/aracaju.py
[2025-12-20T02:41:39.911+0000] {processor.py:829} INFO - Processing file /opt/airflow/dags/aracaju.py for tasks to queue
[2025-12-20T02:41:39.912+0000] {logging_mixin.py:151} INFO - [2025-12-20T02:41:39.911+0000] {dagbag.py:539} INFO - Filling up the DagBag from /opt/airflow/dags/aracaju.py
[2025-12-20T02:41:40.235+0000] {processor.py:839} INFO - DAG(s) dict_keys(['processar_enderecos_aracaju']) retrieved from /opt/airflow/dags/aracaju.py
[2025-12-20T02:41:40.251+0000] {logging_mixin.py:151} INFO - [2025-12-20T02:41:40.251+0000] {dag.py:2915} INFO - Sync 1 DAGs
[2025-12-20T02:41:40.259+0000] {logging_mixin.py:151} INFO - [2025-12-20T02:41:40.258+0000] {dag.py:3696} INFO - Setting next_dagrun for processar_enderecos_aracaju to None, run_after=None
[2025-12-20T02:41:40.270+0000] {processor.py:179} INFO - Processing /opt/airflow/dags/aracaju.py took 0.362 seconds
[2025-12-20T02:42:10.423+0000] {processor.py:157} INFO - Started process (PID=241) to work on /opt/airflow/dags/aracaju.py
[2025-12-20T02:42:10.423+0000] {processor.py:829} INFO - Processing file /opt/airflow/dags/aracaju.py for tasks to queue
[2025-12-20T02:42:10.424+0000] {logging_mixin.py:151} INFO - [2025-12-20T02:42:10.424+0000] {dagbag.py:539} INFO - Filling up the DagBag from /opt/airflow/dags/aracaju.py
[2025-12-20T02:42:10.816+0000] {processor.py:839} INFO - DAG(s) dict_keys(['processar_enderecos_aracaju']) retrieved from /opt/airflow/dags/aracaju.py
[2025-12-20T02:42:10.833+0000] {logging_mixin.py:151} INFO - [2025-12-20T02:42:10.833+0000] {dag.py:2915} INFO - Sync 1 DAGs
[2025-12-20T02:42:10.841+0000] {logging_mixin.py:151} INFO - [2025-12-20T02:42:10.841+0000] {dag.py:3696} INFO - Setting next_dagrun for processar_enderecos_aracaju to None, run_after=None
[2025-12-20T02:42:10.855+0000] {processor.py:179} INFO - Processing /opt/airflow/dags/aracaju.py took 0.435 seconds
[2025-12-20T02:42:39.453+0000] {processor.py:157} INFO - Started process (PID=178) to work on /opt/airflow/dags/aracaju.py
[2025-12-20T02:42:39.454+0000] {processor.py:829} INFO - Processing file /opt/airflow/dags/aracaju.py for tasks to queue
[2025-12-20T02:42:39.454+0000] {logging_mixin.py:151} INFO - [2025-12-20T02:42:39.454+0000] {dagbag.py:539} INFO - Filling up the DagBag from /opt/airflow/dags/aracaju.py
[2025-12-20T02:42:40.404+0000] {processor.py:839} INFO - DAG(s) dict_keys(['processar_enderecos_aracaju']) retrieved from /opt/airflow/dags/aracaju.py
[2025-12-20T02:42:40.419+0000] {logging_mixin.py:151} INFO - [2025-12-20T02:42:40.419+0000] {dag.py:2915} INFO - Sync 1 DAGs
[2025-12-20T02:42:40.427+0000] {logging_mixin.py:151} INFO - [2025-12-20T02:42:40.427+0000] {dag.py:3696} INFO - Setting next_dagrun for processar_enderecos_aracaju to None, run_after=None
[2025-12-20T02:42:40.443+0000] {processor.py:179} INFO - Processing /opt/airflow/dags/aracaju.py took 0.992 seconds
[2025-12-20T02:43:10.589+0000] {processor.py:157} INFO - Started process (PID=190) to work on /opt/airflow/dags/aracaju.py
[2025-12-20T02:43:10.590+0000] {processor.py:829} INFO - Processing file /opt/airflow/dags/aracaju.py for tasks to queue
[2025-12-20T02:43:10.591+0000] {logging_mixin.py:151} INFO - [2025-12-20T02:43:10.590+0000] {dagbag.py:539} INFO - Filling up the DagBag from /opt/airflow/dags/aracaju.py
[2025-12-20T02:43:11.003+0000] {processor.py:839} INFO - DAG(s) dict_keys(['processar_enderecos_aracaju']) retrieved from /opt/airflow/dags/aracaju.py
[2025-12-20T02:43:11.030+0000] {logging_mixin.py:151} INFO - [2025-12-20T02:43:11.030+0000] {dag.py:2915} INFO - Sync 1 DAGs
[2025-12-20T02:43:11.040+0000] {logging_mixin.py:151} INFO - [2025-12-20T02:43:11.040+0000] {dag.py:3696} INFO - Setting next_dagrun for processar_enderecos_aracaju to None, run_after=None
[2025-12-20T02:43:11.055+0000] {processor.py:179} INFO - Processing /opt/airflow/dags/aracaju.py took 0.470 seconds
[2025-12-20T02:43:41.220+0000] {processor.py:157} INFO - Started process (PID=202) to work on /opt/airflow/dags/aracaju.py
[2025-12-20T02:43:41.220+0000] {processor.py:829} INFO - Processing file /opt/airflow/dags/aracaju.py for tasks to queue
[2025-12-20T02:43:41.221+0000] {logging_mixin.py:151} INFO - [2025-12-20T02:43:41.221+0000] {dagbag.py:539} INFO - Filling up the DagBag from /opt/airflow/dags/aracaju.py
[2025-12-20T02:43:41.618+0000] {processor.py:839} INFO - DAG(s) dict_keys(['processar_enderecos_aracaju']) retrieved from /opt/airflow/dags/aracaju.py
[2025-12-20T02:43:41.640+0000] {logging_mixin.py:151} INFO - [2025-12-20T02:43:41.640+0000] {dag.py:2915} INFO - Sync 1 DAGs
[2025-12-20T02:43:41.649+0000] {logging_mixin.py:151} INFO - [2025-12-20T02:43:41.649+0000] {dag.py:3696} INFO - Setting next_dagrun for processar_enderecos_aracaju to None, run_after=None
[2025-12-20T02:43:41.664+0000] {processor.py:179} INFO - Processing /opt/airflow/dags/aracaju.py took 0.447 seconds
[2025-12-20T02:44:11.809+0000] {processor.py:157} INFO - Started process (PID=214) to work on /opt/airflow/dags/aracaju.py
[2025-12-20T02:44:11.810+0000] {processor.py:829} INFO - Processing file /opt/airflow/dags/aracaju.py for tasks to queue
[2025-12-20T02:44:11.810+0000] {logging_mixin.py:151} INFO - [2025-12-20T02:44:11.810+0000] {dagbag.py:539} INFO - Filling up the DagBag from /opt/airflow/dags/aracaju.py
[2025-12-20T02:44:12.165+0000] {processor.py:839} INFO - DAG(s) dict_keys(['processar_enderecos_aracaju']) retrieved from /opt/airflow/dags/aracaju.py
[2025-12-20T02:44:12.182+0000] {logging_mixin.py:151} INFO - [2025-12-20T02:44:12.182+0000] {dag.py:2915} INFO - Sync 1 DAGs
[2025-12-20T02:44:12.190+0000] {logging_mixin.py:151} INFO - [2025-12-20T02:44:12.190+0000] {dag.py:3696} INFO - Setting next_dagrun for processar_enderecos_aracaju to None, run_after=None
[2025-12-20T02:44:12.202+0000] {processor.py:179} INFO - Processing /opt/airflow/dags/aracaju.py took 0.396 seconds
[2025-12-20T02:44:42.351+0000] {processor.py:157} INFO - Started process (PID=229) to work on /opt/airflow/dags/aracaju.py
[2025-12-20T02:44:42.352+0000] {processor.py:829} INFO - Processing file /opt/airflow/dags/aracaju.py for tasks to queue
[2025-12-20T02:44:42.353+0000] {logging_mixin.py:151} INFO - [2025-12-20T02:44:42.353+0000] {dagbag.py:539} INFO - Filling up the DagBag from /opt/airflow/dags/aracaju.py
[2025-12-20T02:44:42.687+0000] {processor.py:839} INFO - DAG(s) dict_keys(['processar_enderecos_aracaju']) retrieved from /opt/airflow/dags/aracaju.py
[2025-12-20T02:44:42.705+0000] {logging_mixin.py:151} INFO - [2025-12-20T02:44:42.705+0000] {dag.py:2915} INFO - Sync 1 DAGs
[2025-12-20T02:44:42.714+0000] {logging_mixin.py:151} INFO - [2025-12-20T02:44:42.713+0000] {dag.py:3696} INFO - Setting next_dagrun for processar_enderecos_aracaju to None, run_after=None
[2025-12-20T02:44:42.728+0000] {processor.py:179} INFO - Processing /opt/airflow/dags/aracaju.py took 0.380 seconds
[2025-12-20T02:47:25.819+0000] {processor.py:157} INFO - Started process (PID=182) to work on /opt/airflow/dags/aracaju.py
[2025-12-20T02:47:25.822+0000] {processor.py:829} INFO - Processing file /opt/airflow/dags/aracaju.py for tasks to queue
[2025-12-20T02:47:25.823+0000] {logging_mixin.py:151} INFO - [2025-12-20T02:47:25.822+0000] {dagbag.py:539} INFO - Filling up the DagBag from /opt/airflow/dags/aracaju.py
[2025-12-20T02:47:26.839+0000] {processor.py:839} INFO - DAG(s) dict_keys(['processar_enderecos_aracaju']) retrieved from /opt/airflow/dags/aracaju.py
[2025-12-20T02:47:27.030+0000] {logging_mixin.py:151} INFO - [2025-12-20T02:47:27.030+0000] {manager.py:344} ERROR - Add Permission: %s
[2025-12-20T02:47:27.037+0000] {logging_mixin.py:151} INFO - [2025-12-20T02:47:27.036+0000] {manager.py:499} INFO - Created Permission View: %s
[2025-12-20T02:47:27.040+0000] {logging_mixin.py:151} INFO - [2025-12-20T02:47:27.039+0000] {manager.py:344} ERROR - Add Permission: %s
[2025-12-20T02:47:27.046+0000] {logging_mixin.py:151} INFO - [2025-12-20T02:47:27.046+0000] {manager.py:499} INFO - Created Permission View: %s
[2025-12-20T02:47:27.050+0000] {logging_mixin.py:151} INFO - [2025-12-20T02:47:27.049+0000] {manager.py:344} ERROR - Add Permission: %s
[2025-12-20T02:47:27.054+0000] {logging_mixin.py:151} INFO - [2025-12-20T02:47:27.054+0000] {manager.py:499} INFO - Created Permission View: %s
[2025-12-20T02:47:27.055+0000] {logging_mixin.py:151} INFO - [2025-12-20T02:47:27.054+0000] {security.py:708} INFO - Not syncing DAG-level permissions for DAG 'DAG:processar_enderecos_aracaju' as access control is unset.
[2025-12-20T02:47:27.055+0000] {logging_mixin.py:151} INFO - [2025-12-20T02:47:27.055+0000] {dag.py:2915} INFO - Sync 1 DAGs
[2025-12-20T02:47:27.064+0000] {logging_mixin.py:151} INFO - [2025-12-20T02:47:27.064+0000] {dag.py:2937} INFO - Creating ORM DAG for processar_enderecos_aracaju
[2025-12-20T02:47:27.064+0000] {logging_mixin.py:151} INFO - [2025-12-20T02:47:27.064+0000] {dag.py:3696} INFO - Setting next_dagrun for processar_enderecos_aracaju to None, run_after=None
[2025-12-20T02:47:27.076+0000] {processor.py:179} INFO - Processing /opt/airflow/dags/aracaju.py took 1.259 seconds
[2025-12-20T02:47:57.194+0000] {processor.py:157} INFO - Started process (PID=194) to work on /opt/airflow/dags/aracaju.py
[2025-12-20T02:47:57.194+0000] {processor.py:829} INFO - Processing file /opt/airflow/dags/aracaju.py for tasks to queue
[2025-12-20T02:47:57.195+0000] {logging_mixin.py:151} INFO - [2025-12-20T02:47:57.195+0000] {dagbag.py:539} INFO - Filling up the DagBag from /opt/airflow/dags/aracaju.py
[2025-12-20T02:47:57.550+0000] {processor.py:839} INFO - DAG(s) dict_keys(['processar_enderecos_aracaju']) retrieved from /opt/airflow/dags/aracaju.py
[2025-12-20T02:47:57.567+0000] {logging_mixin.py:151} INFO - [2025-12-20T02:47:57.567+0000] {dag.py:2915} INFO - Sync 1 DAGs
[2025-12-20T02:47:57.575+0000] {logging_mixin.py:151} INFO - [2025-12-20T02:47:57.575+0000] {dag.py:3696} INFO - Setting next_dagrun for processar_enderecos_aracaju to None, run_after=None
[2025-12-20T02:47:57.588+0000] {processor.py:179} INFO - Processing /opt/airflow/dags/aracaju.py took 0.397 seconds
[2025-12-20T02:48:27.741+0000] {processor.py:157} INFO - Started process (PID=209) to work on /opt/airflow/dags/aracaju.py
[2025-12-20T02:48:27.742+0000] {processor.py:829} INFO - Processing file /opt/airflow/dags/aracaju.py for tasks to queue
[2025-12-20T02:48:27.743+0000] {logging_mixin.py:151} INFO - [2025-12-20T02:48:27.742+0000] {dagbag.py:539} INFO - Filling up the DagBag from /opt/airflow/dags/aracaju.py
[2025-12-20T02:48:28.140+0000] {processor.py:839} INFO - DAG(s) dict_keys(['processar_enderecos_aracaju']) retrieved from /opt/airflow/dags/aracaju.py
[2025-12-20T02:48:28.156+0000] {logging_mixin.py:151} INFO - [2025-12-20T02:48:28.156+0000] {dag.py:2915} INFO - Sync 1 DAGs
[2025-12-20T02:48:28.164+0000] {logging_mixin.py:151} INFO - [2025-12-20T02:48:28.164+0000] {dag.py:3696} INFO - Setting next_dagrun for processar_enderecos_aracaju to None, run_after=None
[2025-12-20T02:48:28.176+0000] {processor.py:179} INFO - Processing /opt/airflow/dags/aracaju.py took 0.439 seconds
[2025-12-20T02:48:58.328+0000] {processor.py:157} INFO - Started process (PID=221) to work on /opt/airflow/dags/aracaju.py
[2025-12-20T02:48:58.328+0000] {processor.py:829} INFO - Processing file /opt/airflow/dags/aracaju.py for tasks to queue
[2025-12-20T02:48:58.329+0000] {logging_mixin.py:151} INFO - [2025-12-20T02:48:58.329+0000] {dagbag.py:539} INFO - Filling up the DagBag from /opt/airflow/dags/aracaju.py
[2025-12-20T02:48:58.749+0000] {processor.py:839} INFO - DAG(s) dict_keys(['processar_enderecos_aracaju']) retrieved from /opt/airflow/dags/aracaju.py
[2025-12-20T02:48:58.773+0000] {logging_mixin.py:151} INFO - [2025-12-20T02:48:58.773+0000] {dag.py:2915} INFO - Sync 1 DAGs
[2025-12-20T02:48:58.783+0000] {logging_mixin.py:151} INFO - [2025-12-20T02:48:58.783+0000] {dag.py:3696} INFO - Setting next_dagrun for processar_enderecos_aracaju to None, run_after=None
[2025-12-20T02:48:58.799+0000] {processor.py:179} INFO - Processing /opt/airflow/dags/aracaju.py took 0.474 seconds
[2025-12-20T02:49:28.966+0000] {processor.py:157} INFO - Started process (PID=233) to work on /opt/airflow/dags/aracaju.py
[2025-12-20T02:49:28.967+0000] {processor.py:829} INFO - Processing file /opt/airflow/dags/aracaju.py for tasks to queue
[2025-12-20T02:49:28.968+0000] {logging_mixin.py:151} INFO - [2025-12-20T02:49:28.968+0000] {dagbag.py:539} INFO - Filling up the DagBag from /opt/airflow/dags/aracaju.py
[2025-12-20T02:49:29.308+0000] {processor.py:839} INFO - DAG(s) dict_keys(['processar_enderecos_aracaju']) retrieved from /opt/airflow/dags/aracaju.py
[2025-12-20T02:49:29.330+0000] {logging_mixin.py:151} INFO - [2025-12-20T02:49:29.329+0000] {dag.py:2915} INFO - Sync 1 DAGs
[2025-12-20T02:49:29.338+0000] {logging_mixin.py:151} INFO - [2025-12-20T02:49:29.338+0000] {dag.py:3696} INFO - Setting next_dagrun for processar_enderecos_aracaju to None, run_after=None
[2025-12-20T02:49:29.351+0000] {processor.py:179} INFO - Processing /opt/airflow/dags/aracaju.py took 0.388 seconds
[2025-12-20T02:49:48.517+0000] {processor.py:157} INFO - Started process (PID=178) to work on /opt/airflow/dags/aracaju.py
[2025-12-20T02:49:48.518+0000] {processor.py:829} INFO - Processing file /opt/airflow/dags/aracaju.py for tasks to queue
[2025-12-20T02:49:48.518+0000] {logging_mixin.py:151} INFO - [2025-12-20T02:49:48.518+0000] {dagbag.py:539} INFO - Filling up the DagBag from /opt/airflow/dags/aracaju.py
[2025-12-20T02:49:49.469+0000] {processor.py:839} INFO - DAG(s) dict_keys(['processar_enderecos_aracaju']) retrieved from /opt/airflow/dags/aracaju.py
[2025-12-20T02:49:49.484+0000] {logging_mixin.py:151} INFO - [2025-12-20T02:49:49.484+0000] {dag.py:2915} INFO - Sync 1 DAGs
[2025-12-20T02:49:49.493+0000] {logging_mixin.py:151} INFO - [2025-12-20T02:49:49.493+0000] {dag.py:3696} INFO - Setting next_dagrun for processar_enderecos_aracaju to None, run_after=None
[2025-12-20T02:49:49.511+0000] {processor.py:179} INFO - Processing /opt/airflow/dags/aracaju.py took 0.996 seconds
[2025-12-20T02:50:27.467+0000] {processor.py:157} INFO - Started process (PID=178) to work on /opt/airflow/dags/aracaju.py
[2025-12-20T02:50:27.468+0000] {processor.py:829} INFO - Processing file /opt/airflow/dags/aracaju.py for tasks to queue
[2025-12-20T02:50:27.468+0000] {logging_mixin.py:151} INFO - [2025-12-20T02:50:27.468+0000] {dagbag.py:539} INFO - Filling up the DagBag from /opt/airflow/dags/aracaju.py
[2025-12-20T02:50:28.429+0000] {processor.py:839} INFO - DAG(s) dict_keys(['processar_enderecos_aracaju']) retrieved from /opt/airflow/dags/aracaju.py
[2025-12-20T02:50:28.446+0000] {logging_mixin.py:151} INFO - [2025-12-20T02:50:28.445+0000] {dag.py:2915} INFO - Sync 1 DAGs
[2025-12-20T02:50:28.454+0000] {logging_mixin.py:151} INFO - [2025-12-20T02:50:28.453+0000] {dag.py:3696} INFO - Setting next_dagrun for processar_enderecos_aracaju to None, run_after=None
[2025-12-20T02:50:28.466+0000] {processor.py:179} INFO - Processing /opt/airflow/dags/aracaju.py took 1.000 seconds
[2025-12-20T02:50:58.603+0000] {processor.py:157} INFO - Started process (PID=190) to work on /opt/airflow/dags/aracaju.py
[2025-12-20T02:50:58.604+0000] {processor.py:829} INFO - Processing file /opt/airflow/dags/aracaju.py for tasks to queue
[2025-12-20T02:50:58.605+0000] {logging_mixin.py:151} INFO - [2025-12-20T02:50:58.604+0000] {dagbag.py:539} INFO - Filling up the DagBag from /opt/airflow/dags/aracaju.py
[2025-12-20T02:50:58.988+0000] {processor.py:839} INFO - DAG(s) dict_keys(['processar_enderecos_aracaju']) retrieved from /opt/airflow/dags/aracaju.py
[2025-12-20T02:50:59.013+0000] {logging_mixin.py:151} INFO - [2025-12-20T02:50:59.013+0000] {dag.py:2915} INFO - Sync 1 DAGs
[2025-12-20T02:50:59.021+0000] {logging_mixin.py:151} INFO - [2025-12-20T02:50:59.021+0000] {dag.py:3696} INFO - Setting next_dagrun for processar_enderecos_aracaju to None, run_after=None
[2025-12-20T02:50:59.033+0000] {processor.py:179} INFO - Processing /opt/airflow/dags/aracaju.py took 0.433 seconds
[2025-12-20T02:51:29.178+0000] {processor.py:157} INFO - Started process (PID=205) to work on /opt/airflow/dags/aracaju.py
[2025-12-20T02:51:29.179+0000] {processor.py:829} INFO - Processing file /opt/airflow/dags/aracaju.py for tasks to queue
[2025-12-20T02:51:29.179+0000] {logging_mixin.py:151} INFO - [2025-12-20T02:51:29.179+0000] {dagbag.py:539} INFO - Filling up the DagBag from /opt/airflow/dags/aracaju.py
[2025-12-20T02:51:29.538+0000] {processor.py:839} INFO - DAG(s) dict_keys(['processar_enderecos_aracaju']) retrieved from /opt/airflow/dags/aracaju.py
[2025-12-20T02:51:29.554+0000] {logging_mixin.py:151} INFO - [2025-12-20T02:51:29.554+0000] {dag.py:2915} INFO - Sync 1 DAGs
[2025-12-20T02:51:29.562+0000] {logging_mixin.py:151} INFO - [2025-12-20T02:51:29.562+0000] {dag.py:3696} INFO - Setting next_dagrun for processar_enderecos_aracaju to None, run_after=None
[2025-12-20T02:51:29.573+0000] {processor.py:179} INFO - Processing /opt/airflow/dags/aracaju.py took 0.398 seconds
[2025-12-20T02:51:59.711+0000] {processor.py:157} INFO - Started process (PID=217) to work on /opt/airflow/dags/aracaju.py
[2025-12-20T02:51:59.712+0000] {processor.py:829} INFO - Processing file /opt/airflow/dags/aracaju.py for tasks to queue
[2025-12-20T02:51:59.712+0000] {logging_mixin.py:151} INFO - [2025-12-20T02:51:59.712+0000] {dagbag.py:539} INFO - Filling up the DagBag from /opt/airflow/dags/aracaju.py
[2025-12-20T02:52:00.043+0000] {processor.py:839} INFO - DAG(s) dict_keys(['processar_enderecos_aracaju']) retrieved from /opt/airflow/dags/aracaju.py
[2025-12-20T02:52:00.061+0000] {logging_mixin.py:151} INFO - [2025-12-20T02:52:00.061+0000] {dag.py:2915} INFO - Sync 1 DAGs
[2025-12-20T02:52:00.070+0000] {logging_mixin.py:151} INFO - [2025-12-20T02:52:00.070+0000] {dag.py:3696} INFO - Setting next_dagrun for processar_enderecos_aracaju to None, run_after=None
[2025-12-20T02:52:00.082+0000] {processor.py:179} INFO - Processing /opt/airflow/dags/aracaju.py took 0.373 seconds
[2025-12-20T02:52:30.225+0000] {processor.py:157} INFO - Started process (PID=229) to work on /opt/airflow/dags/aracaju.py
[2025-12-20T02:52:30.226+0000] {processor.py:829} INFO - Processing file /opt/airflow/dags/aracaju.py for tasks to queue
[2025-12-20T02:52:30.227+0000] {logging_mixin.py:151} INFO - [2025-12-20T02:52:30.227+0000] {dagbag.py:539} INFO - Filling up the DagBag from /opt/airflow/dags/aracaju.py
[2025-12-20T02:52:30.651+0000] {processor.py:839} INFO - DAG(s) dict_keys(['processar_enderecos_aracaju']) retrieved from /opt/airflow/dags/aracaju.py
[2025-12-20T02:52:30.672+0000] {logging_mixin.py:151} INFO - [2025-12-20T02:52:30.671+0000] {dag.py:2915} INFO - Sync 1 DAGs
[2025-12-20T02:52:30.682+0000] {logging_mixin.py:151} INFO - [2025-12-20T02:52:30.682+0000] {dag.py:3696} INFO - Setting next_dagrun for processar_enderecos_aracaju to None, run_after=None
[2025-12-20T02:52:30.697+0000] {processor.py:179} INFO - Processing /opt/airflow/dags/aracaju.py took 0.475 seconds
[2025-12-20T02:53:01.011+0000] {processor.py:157} INFO - Started process (PID=250) to work on /opt/airflow/dags/aracaju.py
[2025-12-20T02:53:01.012+0000] {processor.py:829} INFO - Processing file /opt/airflow/dags/aracaju.py for tasks to queue
[2025-12-20T02:53:01.013+0000] {logging_mixin.py:151} INFO - [2025-12-20T02:53:01.013+0000] {dagbag.py:539} INFO - Filling up the DagBag from /opt/airflow/dags/aracaju.py
[2025-12-20T02:53:01.207+0000] {processor.py:839} INFO - DAG(s) dict_keys(['processar_enderecos_aracaju']) retrieved from /opt/airflow/dags/aracaju.py
[2025-12-20T02:53:01.224+0000] {logging_mixin.py:151} INFO - [2025-12-20T02:53:01.224+0000] {dag.py:2915} INFO - Sync 1 DAGs
[2025-12-20T02:53:01.233+0000] {logging_mixin.py:151} INFO - [2025-12-20T02:53:01.233+0000] {dag.py:3696} INFO - Setting next_dagrun for processar_enderecos_aracaju to None, run_after=None
[2025-12-20T02:53:01.246+0000] {processor.py:179} INFO - Processing /opt/airflow/dags/aracaju.py took 0.237 seconds
[2025-12-20T02:58:49.699+0000] {processor.py:161} INFO - Started process (PID=175) to work on /opt/airflow/dags/aracaju.py
[2025-12-20T02:58:49.700+0000] {processor.py:830} INFO - Processing file /opt/airflow/dags/aracaju.py for tasks to queue
[2025-12-20T02:58:49.701+0000] {logging_mixin.py:188} INFO - [2025-12-20T02:58:49.701+0000] {dagbag.py:540} INFO - Filling up the DagBag from /opt/airflow/dags/aracaju.py
[2025-12-20T02:58:50.668+0000] {processor.py:840} INFO - DAG(s) 'processar_enderecos_aracaju' retrieved from /opt/airflow/dags/aracaju.py
[2025-12-20T02:58:50.871+0000] {logging_mixin.py:188} INFO - [2025-12-20T02:58:50.871+0000] {override.py:1769} INFO - Created Permission View: can edit on DAG:processar_enderecos_aracaju
[2025-12-20T02:58:50.880+0000] {logging_mixin.py:188} INFO - [2025-12-20T02:58:50.880+0000] {override.py:1769} INFO - Created Permission View: can read on DAG:processar_enderecos_aracaju
[2025-12-20T02:58:50.885+0000] {logging_mixin.py:188} INFO - [2025-12-20T02:58:50.885+0000] {override.py:1769} INFO - Created Permission View: can delete on DAG:processar_enderecos_aracaju
[2025-12-20T02:58:50.885+0000] {logging_mixin.py:188} INFO - [2025-12-20T02:58:50.885+0000] {dag.py:3047} INFO - Sync 1 DAGs
[2025-12-20T02:58:50.892+0000] {logging_mixin.py:188} INFO - [2025-12-20T02:58:50.892+0000] {dag.py:3069} INFO - Creating ORM DAG for processar_enderecos_aracaju
[2025-12-20T02:58:50.892+0000] {logging_mixin.py:188} INFO - [2025-12-20T02:58:50.892+0000] {dag.py:3834} INFO - Setting next_dagrun for processar_enderecos_aracaju to None, run_after=None
[2025-12-20T02:58:50.903+0000] {processor.py:183} INFO - Processing /opt/airflow/dags/aracaju.py took 1.206 seconds
[2025-12-20T02:59:21.032+0000] {processor.py:161} INFO - Started process (PID=190) to work on /opt/airflow/dags/aracaju.py
[2025-12-20T02:59:21.033+0000] {processor.py:830} INFO - Processing file /opt/airflow/dags/aracaju.py for tasks to queue
[2025-12-20T02:59:21.033+0000] {logging_mixin.py:188} INFO - [2025-12-20T02:59:21.033+0000] {dagbag.py:540} INFO - Filling up the DagBag from /opt/airflow/dags/aracaju.py
[2025-12-20T02:59:21.416+0000] {processor.py:840} INFO - DAG(s) 'processar_enderecos_aracaju' retrieved from /opt/airflow/dags/aracaju.py
[2025-12-20T02:59:21.435+0000] {logging_mixin.py:188} INFO - [2025-12-20T02:59:21.435+0000] {dag.py:3047} INFO - Sync 1 DAGs
[2025-12-20T02:59:21.445+0000] {logging_mixin.py:188} INFO - [2025-12-20T02:59:21.445+0000] {dag.py:3834} INFO - Setting next_dagrun for processar_enderecos_aracaju to None, run_after=None
[2025-12-20T02:59:21.462+0000] {processor.py:183} INFO - Processing /opt/airflow/dags/aracaju.py took 0.434 seconds
[2025-12-20T02:59:51.618+0000] {processor.py:161} INFO - Started process (PID=202) to work on /opt/airflow/dags/aracaju.py
[2025-12-20T02:59:51.619+0000] {processor.py:830} INFO - Processing file /opt/airflow/dags/aracaju.py for tasks to queue
[2025-12-20T02:59:51.620+0000] {logging_mixin.py:188} INFO - [2025-12-20T02:59:51.619+0000] {dagbag.py:540} INFO - Filling up the DagBag from /opt/airflow/dags/aracaju.py
[2025-12-20T02:59:52.012+0000] {processor.py:840} INFO - DAG(s) 'processar_enderecos_aracaju' retrieved from /opt/airflow/dags/aracaju.py
[2025-12-20T02:59:52.034+0000] {logging_mixin.py:188} INFO - [2025-12-20T02:59:52.034+0000] {dag.py:3047} INFO - Sync 1 DAGs
[2025-12-20T02:59:52.046+0000] {logging_mixin.py:188} INFO - [2025-12-20T02:59:52.045+0000] {dag.py:3834} INFO - Setting next_dagrun for processar_enderecos_aracaju to None, run_after=None
[2025-12-20T02:59:52.064+0000] {processor.py:183} INFO - Processing /opt/airflow/dags/aracaju.py took 0.451 seconds
[2025-12-20T03:00:22.211+0000] {processor.py:161} INFO - Started process (PID=217) to work on /opt/airflow/dags/aracaju.py
[2025-12-20T03:00:22.212+0000] {processor.py:830} INFO - Processing file /opt/airflow/dags/aracaju.py for tasks to queue
[2025-12-20T03:00:22.212+0000] {logging_mixin.py:188} INFO - [2025-12-20T03:00:22.212+0000] {dagbag.py:540} INFO - Filling up the DagBag from /opt/airflow/dags/aracaju.py
[2025-12-20T03:00:22.492+0000] {processor.py:840} INFO - DAG(s) 'processar_enderecos_aracaju' retrieved from /opt/airflow/dags/aracaju.py
[2025-12-20T03:00:22.508+0000] {logging_mixin.py:188} INFO - [2025-12-20T03:00:22.508+0000] {dag.py:3047} INFO - Sync 1 DAGs
[2025-12-20T03:00:22.516+0000] {logging_mixin.py:188} INFO - [2025-12-20T03:00:22.516+0000] {dag.py:3834} INFO - Setting next_dagrun for processar_enderecos_aracaju to None, run_after=None
[2025-12-20T03:00:22.528+0000] {processor.py:183} INFO - Processing /opt/airflow/dags/aracaju.py took 0.319 seconds
[2025-12-20T03:00:52.676+0000] {processor.py:161} INFO - Started process (PID=229) to work on /opt/airflow/dags/aracaju.py
[2025-12-20T03:00:52.677+0000] {processor.py:830} INFO - Processing file /opt/airflow/dags/aracaju.py for tasks to queue
[2025-12-20T03:00:52.678+0000] {logging_mixin.py:188} INFO - [2025-12-20T03:00:52.677+0000] {dagbag.py:540} INFO - Filling up the DagBag from /opt/airflow/dags/aracaju.py
[2025-12-20T03:00:53.060+0000] {processor.py:840} INFO - DAG(s) 'processar_enderecos_aracaju' retrieved from /opt/airflow/dags/aracaju.py
[2025-12-20T03:00:53.082+0000] {logging_mixin.py:188} INFO - [2025-12-20T03:00:53.081+0000] {dag.py:3047} INFO - Sync 1 DAGs
[2025-12-20T03:00:53.091+0000] {logging_mixin.py:188} INFO - [2025-12-20T03:00:53.091+0000] {dag.py:3834} INFO - Setting next_dagrun for processar_enderecos_aracaju to None, run_after=None
[2025-12-20T03:00:53.107+0000] {processor.py:183} INFO - Processing /opt/airflow/dags/aracaju.py took 0.435 seconds
[2025-12-20T03:01:23.258+0000] {processor.py:161} INFO - Started process (PID=247) to work on /opt/airflow/dags/aracaju.py
[2025-12-20T03:01:23.259+0000] {processor.py:830} INFO - Processing file /opt/airflow/dags/aracaju.py for tasks to queue
[2025-12-20T03:01:23.259+0000] {logging_mixin.py:188} INFO - [2025-12-20T03:01:23.259+0000] {dagbag.py:540} INFO - Filling up the DagBag from /opt/airflow/dags/aracaju.py
