[2025-12-20T01:17:42.079+0000] {processor.py:157} INFO - Started process (PID=690) to work on /opt/airflow/dags/etl_completa.py
[2025-12-20T01:17:42.079+0000] {processor.py:829} INFO - Processing file /opt/airflow/dags/etl_completa.py for tasks to queue
[2025-12-20T01:17:42.080+0000] {logging_mixin.py:151} INFO - [2025-12-20T01:17:42.080+0000] {dagbag.py:539} INFO - Filling up the DagBag from /opt/airflow/dags/etl_completa.py
[2025-12-20T01:17:42.327+0000] {processor.py:841} WARNING - No viable dags retrieved from /opt/airflow/dags/etl_completa.py
[2025-12-20T01:17:42.338+0000] {processor.py:179} INFO - Processing /opt/airflow/dags/etl_completa.py took 0.263 seconds
[2025-12-20T01:18:12.470+0000] {processor.py:157} INFO - Started process (PID=702) to work on /opt/airflow/dags/etl_completa.py
[2025-12-20T01:18:12.471+0000] {processor.py:829} INFO - Processing file /opt/airflow/dags/etl_completa.py for tasks to queue
[2025-12-20T01:18:12.472+0000] {logging_mixin.py:151} INFO - [2025-12-20T01:18:12.472+0000] {dagbag.py:539} INFO - Filling up the DagBag from /opt/airflow/dags/etl_completa.py
[2025-12-20T01:18:12.752+0000] {processor.py:841} WARNING - No viable dags retrieved from /opt/airflow/dags/etl_completa.py
[2025-12-20T01:18:12.765+0000] {processor.py:179} INFO - Processing /opt/airflow/dags/etl_completa.py took 0.298 seconds
[2025-12-20T01:18:42.905+0000] {processor.py:157} INFO - Started process (PID=714) to work on /opt/airflow/dags/etl_completa.py
[2025-12-20T01:18:42.906+0000] {processor.py:829} INFO - Processing file /opt/airflow/dags/etl_completa.py for tasks to queue
[2025-12-20T01:18:42.906+0000] {logging_mixin.py:151} INFO - [2025-12-20T01:18:42.906+0000] {dagbag.py:539} INFO - Filling up the DagBag from /opt/airflow/dags/etl_completa.py
[2025-12-20T01:18:43.214+0000] {processor.py:841} WARNING - No viable dags retrieved from /opt/airflow/dags/etl_completa.py
[2025-12-20T01:18:43.226+0000] {processor.py:179} INFO - Processing /opt/airflow/dags/etl_completa.py took 0.324 seconds
[2025-12-20T01:19:13.351+0000] {processor.py:157} INFO - Started process (PID=726) to work on /opt/airflow/dags/etl_completa.py
[2025-12-20T01:19:13.352+0000] {processor.py:829} INFO - Processing file /opt/airflow/dags/etl_completa.py for tasks to queue
[2025-12-20T01:19:13.352+0000] {logging_mixin.py:151} INFO - [2025-12-20T01:19:13.352+0000] {dagbag.py:539} INFO - Filling up the DagBag from /opt/airflow/dags/etl_completa.py
[2025-12-20T01:19:13.540+0000] {processor.py:841} WARNING - No viable dags retrieved from /opt/airflow/dags/etl_completa.py
[2025-12-20T01:19:13.551+0000] {processor.py:179} INFO - Processing /opt/airflow/dags/etl_completa.py took 0.202 seconds
[2025-12-20T01:19:43.677+0000] {processor.py:157} INFO - Started process (PID=738) to work on /opt/airflow/dags/etl_completa.py
[2025-12-20T01:19:43.677+0000] {processor.py:829} INFO - Processing file /opt/airflow/dags/etl_completa.py for tasks to queue
[2025-12-20T01:19:43.678+0000] {logging_mixin.py:151} INFO - [2025-12-20T01:19:43.678+0000] {dagbag.py:539} INFO - Filling up the DagBag from /opt/airflow/dags/etl_completa.py
[2025-12-20T01:19:43.884+0000] {processor.py:841} WARNING - No viable dags retrieved from /opt/airflow/dags/etl_completa.py
[2025-12-20T01:19:43.894+0000] {processor.py:179} INFO - Processing /opt/airflow/dags/etl_completa.py took 0.220 seconds
[2025-12-20T01:20:14.018+0000] {processor.py:157} INFO - Started process (PID=750) to work on /opt/airflow/dags/etl_completa.py
[2025-12-20T01:20:14.019+0000] {processor.py:829} INFO - Processing file /opt/airflow/dags/etl_completa.py for tasks to queue
[2025-12-20T01:20:14.019+0000] {logging_mixin.py:151} INFO - [2025-12-20T01:20:14.019+0000] {dagbag.py:539} INFO - Filling up the DagBag from /opt/airflow/dags/etl_completa.py
[2025-12-20T01:20:14.227+0000] {processor.py:841} WARNING - No viable dags retrieved from /opt/airflow/dags/etl_completa.py
[2025-12-20T01:20:14.237+0000] {processor.py:179} INFO - Processing /opt/airflow/dags/etl_completa.py took 0.222 seconds
[2025-12-20T01:20:44.365+0000] {processor.py:157} INFO - Started process (PID=762) to work on /opt/airflow/dags/etl_completa.py
[2025-12-20T01:20:44.366+0000] {processor.py:829} INFO - Processing file /opt/airflow/dags/etl_completa.py for tasks to queue
[2025-12-20T01:20:44.366+0000] {logging_mixin.py:151} INFO - [2025-12-20T01:20:44.366+0000] {dagbag.py:539} INFO - Filling up the DagBag from /opt/airflow/dags/etl_completa.py
[2025-12-20T01:20:44.600+0000] {processor.py:841} WARNING - No viable dags retrieved from /opt/airflow/dags/etl_completa.py
[2025-12-20T01:20:44.610+0000] {processor.py:179} INFO - Processing /opt/airflow/dags/etl_completa.py took 0.248 seconds
[2025-12-20T01:21:14.740+0000] {processor.py:157} INFO - Started process (PID=774) to work on /opt/airflow/dags/etl_completa.py
[2025-12-20T01:21:14.741+0000] {processor.py:829} INFO - Processing file /opt/airflow/dags/etl_completa.py for tasks to queue
[2025-12-20T01:21:14.742+0000] {logging_mixin.py:151} INFO - [2025-12-20T01:21:14.742+0000] {dagbag.py:539} INFO - Filling up the DagBag from /opt/airflow/dags/etl_completa.py
[2025-12-20T01:21:14.975+0000] {processor.py:841} WARNING - No viable dags retrieved from /opt/airflow/dags/etl_completa.py
[2025-12-20T01:21:14.985+0000] {processor.py:179} INFO - Processing /opt/airflow/dags/etl_completa.py took 0.248 seconds
[2025-12-20T01:21:45.107+0000] {processor.py:157} INFO - Started process (PID=786) to work on /opt/airflow/dags/etl_completa.py
[2025-12-20T01:21:45.108+0000] {processor.py:829} INFO - Processing file /opt/airflow/dags/etl_completa.py for tasks to queue
[2025-12-20T01:21:45.108+0000] {logging_mixin.py:151} INFO - [2025-12-20T01:21:45.108+0000] {dagbag.py:539} INFO - Filling up the DagBag from /opt/airflow/dags/etl_completa.py
[2025-12-20T01:21:45.318+0000] {processor.py:841} WARNING - No viable dags retrieved from /opt/airflow/dags/etl_completa.py
[2025-12-20T01:21:45.329+0000] {processor.py:179} INFO - Processing /opt/airflow/dags/etl_completa.py took 0.225 seconds
[2025-12-20T01:22:15.457+0000] {processor.py:157} INFO - Started process (PID=798) to work on /opt/airflow/dags/etl_completa.py
[2025-12-20T01:22:15.458+0000] {processor.py:829} INFO - Processing file /opt/airflow/dags/etl_completa.py for tasks to queue
[2025-12-20T01:22:15.458+0000] {logging_mixin.py:151} INFO - [2025-12-20T01:22:15.458+0000] {dagbag.py:539} INFO - Filling up the DagBag from /opt/airflow/dags/etl_completa.py
[2025-12-20T01:22:15.690+0000] {processor.py:841} WARNING - No viable dags retrieved from /opt/airflow/dags/etl_completa.py
[2025-12-20T01:22:15.700+0000] {processor.py:179} INFO - Processing /opt/airflow/dags/etl_completa.py took 0.246 seconds
[2025-12-20T01:22:45.824+0000] {processor.py:157} INFO - Started process (PID=810) to work on /opt/airflow/dags/etl_completa.py
[2025-12-20T01:22:45.825+0000] {processor.py:829} INFO - Processing file /opt/airflow/dags/etl_completa.py for tasks to queue
[2025-12-20T01:22:45.826+0000] {logging_mixin.py:151} INFO - [2025-12-20T01:22:45.826+0000] {dagbag.py:539} INFO - Filling up the DagBag from /opt/airflow/dags/etl_completa.py
[2025-12-20T01:22:46.094+0000] {processor.py:841} WARNING - No viable dags retrieved from /opt/airflow/dags/etl_completa.py
[2025-12-20T01:22:46.103+0000] {processor.py:179} INFO - Processing /opt/airflow/dags/etl_completa.py took 0.282 seconds
[2025-12-20T01:23:16.228+0000] {processor.py:157} INFO - Started process (PID=822) to work on /opt/airflow/dags/etl_completa.py
[2025-12-20T01:23:16.228+0000] {processor.py:829} INFO - Processing file /opt/airflow/dags/etl_completa.py for tasks to queue
[2025-12-20T01:23:16.229+0000] {logging_mixin.py:151} INFO - [2025-12-20T01:23:16.229+0000] {dagbag.py:539} INFO - Filling up the DagBag from /opt/airflow/dags/etl_completa.py
[2025-12-20T01:23:16.447+0000] {processor.py:841} WARNING - No viable dags retrieved from /opt/airflow/dags/etl_completa.py
[2025-12-20T01:23:16.457+0000] {processor.py:179} INFO - Processing /opt/airflow/dags/etl_completa.py took 0.232 seconds
[2025-12-20T01:23:46.580+0000] {processor.py:157} INFO - Started process (PID=834) to work on /opt/airflow/dags/etl_completa.py
[2025-12-20T01:23:46.581+0000] {processor.py:829} INFO - Processing file /opt/airflow/dags/etl_completa.py for tasks to queue
[2025-12-20T01:23:46.582+0000] {logging_mixin.py:151} INFO - [2025-12-20T01:23:46.581+0000] {dagbag.py:539} INFO - Filling up the DagBag from /opt/airflow/dags/etl_completa.py
[2025-12-20T01:23:46.792+0000] {processor.py:841} WARNING - No viable dags retrieved from /opt/airflow/dags/etl_completa.py
[2025-12-20T01:23:46.803+0000] {processor.py:179} INFO - Processing /opt/airflow/dags/etl_completa.py took 0.226 seconds
[2025-12-20T01:24:16.923+0000] {processor.py:157} INFO - Started process (PID=846) to work on /opt/airflow/dags/etl_completa.py
[2025-12-20T01:24:16.923+0000] {processor.py:829} INFO - Processing file /opt/airflow/dags/etl_completa.py for tasks to queue
[2025-12-20T01:24:16.924+0000] {logging_mixin.py:151} INFO - [2025-12-20T01:24:16.923+0000] {dagbag.py:539} INFO - Filling up the DagBag from /opt/airflow/dags/etl_completa.py
[2025-12-20T01:24:17.140+0000] {processor.py:841} WARNING - No viable dags retrieved from /opt/airflow/dags/etl_completa.py
[2025-12-20T01:24:17.151+0000] {processor.py:179} INFO - Processing /opt/airflow/dags/etl_completa.py took 0.231 seconds
[2025-12-20T01:24:47.271+0000] {processor.py:157} INFO - Started process (PID=858) to work on /opt/airflow/dags/etl_completa.py
[2025-12-20T01:24:47.272+0000] {processor.py:829} INFO - Processing file /opt/airflow/dags/etl_completa.py for tasks to queue
[2025-12-20T01:24:47.273+0000] {logging_mixin.py:151} INFO - [2025-12-20T01:24:47.273+0000] {dagbag.py:539} INFO - Filling up the DagBag from /opt/airflow/dags/etl_completa.py
[2025-12-20T01:24:47.482+0000] {processor.py:841} WARNING - No viable dags retrieved from /opt/airflow/dags/etl_completa.py
[2025-12-20T01:24:47.493+0000] {processor.py:179} INFO - Processing /opt/airflow/dags/etl_completa.py took 0.224 seconds
[2025-12-20T01:25:17.614+0000] {processor.py:157} INFO - Started process (PID=870) to work on /opt/airflow/dags/etl_completa.py
[2025-12-20T01:25:17.616+0000] {processor.py:829} INFO - Processing file /opt/airflow/dags/etl_completa.py for tasks to queue
[2025-12-20T01:25:17.616+0000] {logging_mixin.py:151} INFO - [2025-12-20T01:25:17.616+0000] {dagbag.py:539} INFO - Filling up the DagBag from /opt/airflow/dags/etl_completa.py
[2025-12-20T01:25:17.822+0000] {processor.py:841} WARNING - No viable dags retrieved from /opt/airflow/dags/etl_completa.py
[2025-12-20T01:25:17.833+0000] {processor.py:179} INFO - Processing /opt/airflow/dags/etl_completa.py took 0.222 seconds
[2025-12-20T01:25:47.945+0000] {processor.py:157} INFO - Started process (PID=882) to work on /opt/airflow/dags/etl_completa.py
[2025-12-20T01:25:47.946+0000] {processor.py:829} INFO - Processing file /opt/airflow/dags/etl_completa.py for tasks to queue
[2025-12-20T01:25:47.946+0000] {logging_mixin.py:151} INFO - [2025-12-20T01:25:47.946+0000] {dagbag.py:539} INFO - Filling up the DagBag from /opt/airflow/dags/etl_completa.py
[2025-12-20T01:25:48.155+0000] {processor.py:841} WARNING - No viable dags retrieved from /opt/airflow/dags/etl_completa.py
[2025-12-20T01:25:48.164+0000] {processor.py:179} INFO - Processing /opt/airflow/dags/etl_completa.py took 0.221 seconds
[2025-12-20T01:26:18.299+0000] {processor.py:157} INFO - Started process (PID=894) to work on /opt/airflow/dags/etl_completa.py
[2025-12-20T01:26:18.300+0000] {processor.py:829} INFO - Processing file /opt/airflow/dags/etl_completa.py for tasks to queue
[2025-12-20T01:26:18.301+0000] {logging_mixin.py:151} INFO - [2025-12-20T01:26:18.300+0000] {dagbag.py:539} INFO - Filling up the DagBag from /opt/airflow/dags/etl_completa.py
[2025-12-20T01:26:18.579+0000] {processor.py:841} WARNING - No viable dags retrieved from /opt/airflow/dags/etl_completa.py
[2025-12-20T01:26:18.593+0000] {processor.py:179} INFO - Processing /opt/airflow/dags/etl_completa.py took 0.298 seconds
[2025-12-20T01:26:48.755+0000] {processor.py:157} INFO - Started process (PID=906) to work on /opt/airflow/dags/etl_completa.py
[2025-12-20T01:26:48.756+0000] {processor.py:829} INFO - Processing file /opt/airflow/dags/etl_completa.py for tasks to queue
[2025-12-20T01:26:48.757+0000] {logging_mixin.py:151} INFO - [2025-12-20T01:26:48.756+0000] {dagbag.py:539} INFO - Filling up the DagBag from /opt/airflow/dags/etl_completa.py
[2025-12-20T01:26:49.032+0000] {processor.py:841} WARNING - No viable dags retrieved from /opt/airflow/dags/etl_completa.py
[2025-12-20T01:26:49.045+0000] {processor.py:179} INFO - Processing /opt/airflow/dags/etl_completa.py took 0.293 seconds
[2025-12-20T01:27:19.206+0000] {processor.py:157} INFO - Started process (PID=918) to work on /opt/airflow/dags/etl_completa.py
[2025-12-20T01:27:19.208+0000] {processor.py:829} INFO - Processing file /opt/airflow/dags/etl_completa.py for tasks to queue
[2025-12-20T01:27:19.209+0000] {logging_mixin.py:151} INFO - [2025-12-20T01:27:19.208+0000] {dagbag.py:539} INFO - Filling up the DagBag from /opt/airflow/dags/etl_completa.py
[2025-12-20T01:27:19.480+0000] {processor.py:841} WARNING - No viable dags retrieved from /opt/airflow/dags/etl_completa.py
[2025-12-20T01:27:19.495+0000] {processor.py:179} INFO - Processing /opt/airflow/dags/etl_completa.py took 0.292 seconds
[2025-12-20T01:27:49.650+0000] {processor.py:157} INFO - Started process (PID=930) to work on /opt/airflow/dags/etl_completa.py
[2025-12-20T01:27:49.651+0000] {processor.py:829} INFO - Processing file /opt/airflow/dags/etl_completa.py for tasks to queue
[2025-12-20T01:27:49.652+0000] {logging_mixin.py:151} INFO - [2025-12-20T01:27:49.652+0000] {dagbag.py:539} INFO - Filling up the DagBag from /opt/airflow/dags/etl_completa.py
[2025-12-20T01:27:49.936+0000] {processor.py:841} WARNING - No viable dags retrieved from /opt/airflow/dags/etl_completa.py
[2025-12-20T01:27:49.951+0000] {processor.py:179} INFO - Processing /opt/airflow/dags/etl_completa.py took 0.304 seconds
[2025-12-20T01:28:20.113+0000] {processor.py:157} INFO - Started process (PID=942) to work on /opt/airflow/dags/etl_completa.py
[2025-12-20T01:28:20.114+0000] {processor.py:829} INFO - Processing file /opt/airflow/dags/etl_completa.py for tasks to queue
[2025-12-20T01:28:20.115+0000] {logging_mixin.py:151} INFO - [2025-12-20T01:28:20.114+0000] {dagbag.py:539} INFO - Filling up the DagBag from /opt/airflow/dags/etl_completa.py
[2025-12-20T01:28:20.388+0000] {processor.py:841} WARNING - No viable dags retrieved from /opt/airflow/dags/etl_completa.py
[2025-12-20T01:28:20.403+0000] {processor.py:179} INFO - Processing /opt/airflow/dags/etl_completa.py took 0.293 seconds
[2025-12-20T01:28:50.562+0000] {processor.py:157} INFO - Started process (PID=954) to work on /opt/airflow/dags/etl_completa.py
[2025-12-20T01:28:50.563+0000] {processor.py:829} INFO - Processing file /opt/airflow/dags/etl_completa.py for tasks to queue
[2025-12-20T01:28:50.564+0000] {logging_mixin.py:151} INFO - [2025-12-20T01:28:50.563+0000] {dagbag.py:539} INFO - Filling up the DagBag from /opt/airflow/dags/etl_completa.py
[2025-12-20T01:28:50.836+0000] {processor.py:841} WARNING - No viable dags retrieved from /opt/airflow/dags/etl_completa.py
[2025-12-20T01:28:50.850+0000] {processor.py:179} INFO - Processing /opt/airflow/dags/etl_completa.py took 0.291 seconds
[2025-12-20T01:29:21.001+0000] {processor.py:157} INFO - Started process (PID=966) to work on /opt/airflow/dags/etl_completa.py
[2025-12-20T01:29:21.003+0000] {processor.py:829} INFO - Processing file /opt/airflow/dags/etl_completa.py for tasks to queue
[2025-12-20T01:29:21.004+0000] {logging_mixin.py:151} INFO - [2025-12-20T01:29:21.003+0000] {dagbag.py:539} INFO - Filling up the DagBag from /opt/airflow/dags/etl_completa.py
[2025-12-20T01:29:21.275+0000] {processor.py:841} WARNING - No viable dags retrieved from /opt/airflow/dags/etl_completa.py
[2025-12-20T01:29:21.290+0000] {processor.py:179} INFO - Processing /opt/airflow/dags/etl_completa.py took 0.292 seconds
[2025-12-20T01:29:51.444+0000] {processor.py:157} INFO - Started process (PID=978) to work on /opt/airflow/dags/etl_completa.py
[2025-12-20T01:29:51.445+0000] {processor.py:829} INFO - Processing file /opt/airflow/dags/etl_completa.py for tasks to queue
[2025-12-20T01:29:51.445+0000] {logging_mixin.py:151} INFO - [2025-12-20T01:29:51.445+0000] {dagbag.py:539} INFO - Filling up the DagBag from /opt/airflow/dags/etl_completa.py
[2025-12-20T01:29:51.718+0000] {processor.py:841} WARNING - No viable dags retrieved from /opt/airflow/dags/etl_completa.py
[2025-12-20T01:29:51.732+0000] {processor.py:179} INFO - Processing /opt/airflow/dags/etl_completa.py took 0.291 seconds
[2025-12-20T01:30:21.884+0000] {processor.py:157} INFO - Started process (PID=990) to work on /opt/airflow/dags/etl_completa.py
[2025-12-20T01:30:21.886+0000] {processor.py:829} INFO - Processing file /opt/airflow/dags/etl_completa.py for tasks to queue
[2025-12-20T01:30:21.886+0000] {logging_mixin.py:151} INFO - [2025-12-20T01:30:21.886+0000] {dagbag.py:539} INFO - Filling up the DagBag from /opt/airflow/dags/etl_completa.py
[2025-12-20T01:30:22.166+0000] {processor.py:841} WARNING - No viable dags retrieved from /opt/airflow/dags/etl_completa.py
[2025-12-20T01:30:22.180+0000] {processor.py:179} INFO - Processing /opt/airflow/dags/etl_completa.py took 0.299 seconds
[2025-12-20T01:30:52.334+0000] {processor.py:157} INFO - Started process (PID=1002) to work on /opt/airflow/dags/etl_completa.py
[2025-12-20T01:30:52.335+0000] {processor.py:829} INFO - Processing file /opt/airflow/dags/etl_completa.py for tasks to queue
[2025-12-20T01:30:52.336+0000] {logging_mixin.py:151} INFO - [2025-12-20T01:30:52.335+0000] {dagbag.py:539} INFO - Filling up the DagBag from /opt/airflow/dags/etl_completa.py
[2025-12-20T01:30:52.610+0000] {processor.py:841} WARNING - No viable dags retrieved from /opt/airflow/dags/etl_completa.py
[2025-12-20T01:30:52.625+0000] {processor.py:179} INFO - Processing /opt/airflow/dags/etl_completa.py took 0.294 seconds
[2025-12-20T01:31:22.785+0000] {processor.py:157} INFO - Started process (PID=1014) to work on /opt/airflow/dags/etl_completa.py
[2025-12-20T01:31:22.786+0000] {processor.py:829} INFO - Processing file /opt/airflow/dags/etl_completa.py for tasks to queue
[2025-12-20T01:31:22.787+0000] {logging_mixin.py:151} INFO - [2025-12-20T01:31:22.786+0000] {dagbag.py:539} INFO - Filling up the DagBag from /opt/airflow/dags/etl_completa.py
[2025-12-20T01:31:23.064+0000] {processor.py:841} WARNING - No viable dags retrieved from /opt/airflow/dags/etl_completa.py
[2025-12-20T01:31:23.077+0000] {processor.py:179} INFO - Processing /opt/airflow/dags/etl_completa.py took 0.296 seconds
[2025-12-20T01:31:53.231+0000] {processor.py:157} INFO - Started process (PID=1026) to work on /opt/airflow/dags/etl_completa.py
[2025-12-20T01:31:53.232+0000] {processor.py:829} INFO - Processing file /opt/airflow/dags/etl_completa.py for tasks to queue
[2025-12-20T01:31:53.233+0000] {logging_mixin.py:151} INFO - [2025-12-20T01:31:53.232+0000] {dagbag.py:539} INFO - Filling up the DagBag from /opt/airflow/dags/etl_completa.py
[2025-12-20T01:31:53.506+0000] {processor.py:841} WARNING - No viable dags retrieved from /opt/airflow/dags/etl_completa.py
[2025-12-20T01:31:53.520+0000] {processor.py:179} INFO - Processing /opt/airflow/dags/etl_completa.py took 0.292 seconds
[2025-12-20T01:32:23.685+0000] {processor.py:157} INFO - Started process (PID=1038) to work on /opt/airflow/dags/etl_completa.py
[2025-12-20T01:32:23.686+0000] {processor.py:829} INFO - Processing file /opt/airflow/dags/etl_completa.py for tasks to queue
[2025-12-20T01:32:23.687+0000] {logging_mixin.py:151} INFO - [2025-12-20T01:32:23.687+0000] {dagbag.py:539} INFO - Filling up the DagBag from /opt/airflow/dags/etl_completa.py
[2025-12-20T01:32:23.963+0000] {processor.py:841} WARNING - No viable dags retrieved from /opt/airflow/dags/etl_completa.py
[2025-12-20T01:32:23.976+0000] {processor.py:179} INFO - Processing /opt/airflow/dags/etl_completa.py took 0.294 seconds
[2025-12-20T01:32:54.135+0000] {processor.py:157} INFO - Started process (PID=1050) to work on /opt/airflow/dags/etl_completa.py
[2025-12-20T01:32:54.136+0000] {processor.py:829} INFO - Processing file /opt/airflow/dags/etl_completa.py for tasks to queue
[2025-12-20T01:32:54.137+0000] {logging_mixin.py:151} INFO - [2025-12-20T01:32:54.136+0000] {dagbag.py:539} INFO - Filling up the DagBag from /opt/airflow/dags/etl_completa.py
[2025-12-20T01:32:54.415+0000] {processor.py:841} WARNING - No viable dags retrieved from /opt/airflow/dags/etl_completa.py
[2025-12-20T01:32:54.429+0000] {processor.py:179} INFO - Processing /opt/airflow/dags/etl_completa.py took 0.297 seconds
[2025-12-20T01:33:24.592+0000] {processor.py:157} INFO - Started process (PID=1062) to work on /opt/airflow/dags/etl_completa.py
[2025-12-20T01:33:24.594+0000] {processor.py:829} INFO - Processing file /opt/airflow/dags/etl_completa.py for tasks to queue
[2025-12-20T01:33:24.594+0000] {logging_mixin.py:151} INFO - [2025-12-20T01:33:24.594+0000] {dagbag.py:539} INFO - Filling up the DagBag from /opt/airflow/dags/etl_completa.py
[2025-12-20T01:33:24.865+0000] {processor.py:841} WARNING - No viable dags retrieved from /opt/airflow/dags/etl_completa.py
[2025-12-20T01:33:24.879+0000] {processor.py:179} INFO - Processing /opt/airflow/dags/etl_completa.py took 0.290 seconds
[2025-12-20T01:33:55.041+0000] {processor.py:157} INFO - Started process (PID=1074) to work on /opt/airflow/dags/etl_completa.py
[2025-12-20T01:33:55.042+0000] {processor.py:829} INFO - Processing file /opt/airflow/dags/etl_completa.py for tasks to queue
[2025-12-20T01:33:55.042+0000] {logging_mixin.py:151} INFO - [2025-12-20T01:33:55.042+0000] {dagbag.py:539} INFO - Filling up the DagBag from /opt/airflow/dags/etl_completa.py
[2025-12-20T01:33:55.316+0000] {processor.py:841} WARNING - No viable dags retrieved from /opt/airflow/dags/etl_completa.py
[2025-12-20T01:33:55.330+0000] {processor.py:179} INFO - Processing /opt/airflow/dags/etl_completa.py took 0.293 seconds
[2025-12-20T01:34:25.499+0000] {processor.py:157} INFO - Started process (PID=1086) to work on /opt/airflow/dags/etl_completa.py
[2025-12-20T01:34:25.501+0000] {processor.py:829} INFO - Processing file /opt/airflow/dags/etl_completa.py for tasks to queue
[2025-12-20T01:34:25.501+0000] {logging_mixin.py:151} INFO - [2025-12-20T01:34:25.501+0000] {dagbag.py:539} INFO - Filling up the DagBag from /opt/airflow/dags/etl_completa.py
[2025-12-20T01:34:25.782+0000] {processor.py:841} WARNING - No viable dags retrieved from /opt/airflow/dags/etl_completa.py
[2025-12-20T01:34:25.798+0000] {processor.py:179} INFO - Processing /opt/airflow/dags/etl_completa.py took 0.302 seconds
[2025-12-20T01:34:55.956+0000] {processor.py:157} INFO - Started process (PID=1098) to work on /opt/airflow/dags/etl_completa.py
[2025-12-20T01:34:55.957+0000] {processor.py:829} INFO - Processing file /opt/airflow/dags/etl_completa.py for tasks to queue
[2025-12-20T01:34:55.958+0000] {logging_mixin.py:151} INFO - [2025-12-20T01:34:55.958+0000] {dagbag.py:539} INFO - Filling up the DagBag from /opt/airflow/dags/etl_completa.py
[2025-12-20T01:34:56.232+0000] {processor.py:841} WARNING - No viable dags retrieved from /opt/airflow/dags/etl_completa.py
[2025-12-20T01:34:56.246+0000] {processor.py:179} INFO - Processing /opt/airflow/dags/etl_completa.py took 0.293 seconds
[2025-12-20T01:35:26.407+0000] {processor.py:157} INFO - Started process (PID=1110) to work on /opt/airflow/dags/etl_completa.py
[2025-12-20T01:35:26.408+0000] {processor.py:829} INFO - Processing file /opt/airflow/dags/etl_completa.py for tasks to queue
[2025-12-20T01:35:26.409+0000] {logging_mixin.py:151} INFO - [2025-12-20T01:35:26.409+0000] {dagbag.py:539} INFO - Filling up the DagBag from /opt/airflow/dags/etl_completa.py
[2025-12-20T01:35:26.682+0000] {processor.py:841} WARNING - No viable dags retrieved from /opt/airflow/dags/etl_completa.py
[2025-12-20T01:35:26.696+0000] {processor.py:179} INFO - Processing /opt/airflow/dags/etl_completa.py took 0.292 seconds
[2025-12-20T01:35:56.855+0000] {processor.py:157} INFO - Started process (PID=1122) to work on /opt/airflow/dags/etl_completa.py
[2025-12-20T01:35:56.856+0000] {processor.py:829} INFO - Processing file /opt/airflow/dags/etl_completa.py for tasks to queue
[2025-12-20T01:35:56.856+0000] {logging_mixin.py:151} INFO - [2025-12-20T01:35:56.856+0000] {dagbag.py:539} INFO - Filling up the DagBag from /opt/airflow/dags/etl_completa.py
[2025-12-20T01:35:57.128+0000] {processor.py:841} WARNING - No viable dags retrieved from /opt/airflow/dags/etl_completa.py
[2025-12-20T01:35:57.141+0000] {processor.py:179} INFO - Processing /opt/airflow/dags/etl_completa.py took 0.289 seconds
[2025-12-20T01:36:27.298+0000] {processor.py:157} INFO - Started process (PID=1134) to work on /opt/airflow/dags/etl_completa.py
[2025-12-20T01:36:27.299+0000] {processor.py:829} INFO - Processing file /opt/airflow/dags/etl_completa.py for tasks to queue
[2025-12-20T01:36:27.300+0000] {logging_mixin.py:151} INFO - [2025-12-20T01:36:27.300+0000] {dagbag.py:539} INFO - Filling up the DagBag from /opt/airflow/dags/etl_completa.py
[2025-12-20T01:36:27.573+0000] {processor.py:841} WARNING - No viable dags retrieved from /opt/airflow/dags/etl_completa.py
[2025-12-20T01:36:27.587+0000] {processor.py:179} INFO - Processing /opt/airflow/dags/etl_completa.py took 0.293 seconds
[2025-12-20T01:36:57.760+0000] {processor.py:157} INFO - Started process (PID=1146) to work on /opt/airflow/dags/etl_completa.py
[2025-12-20T01:36:57.760+0000] {processor.py:829} INFO - Processing file /opt/airflow/dags/etl_completa.py for tasks to queue
[2025-12-20T01:36:57.761+0000] {logging_mixin.py:151} INFO - [2025-12-20T01:36:57.761+0000] {dagbag.py:539} INFO - Filling up the DagBag from /opt/airflow/dags/etl_completa.py
[2025-12-20T01:36:58.043+0000] {processor.py:841} WARNING - No viable dags retrieved from /opt/airflow/dags/etl_completa.py
[2025-12-20T01:36:58.057+0000] {processor.py:179} INFO - Processing /opt/airflow/dags/etl_completa.py took 0.300 seconds
[2025-12-20T01:37:28.215+0000] {processor.py:157} INFO - Started process (PID=1158) to work on /opt/airflow/dags/etl_completa.py
[2025-12-20T01:37:28.217+0000] {processor.py:829} INFO - Processing file /opt/airflow/dags/etl_completa.py for tasks to queue
[2025-12-20T01:37:28.219+0000] {logging_mixin.py:151} INFO - [2025-12-20T01:37:28.219+0000] {dagbag.py:539} INFO - Filling up the DagBag from /opt/airflow/dags/etl_completa.py
[2025-12-20T01:37:28.492+0000] {processor.py:841} WARNING - No viable dags retrieved from /opt/airflow/dags/etl_completa.py
[2025-12-20T01:37:28.506+0000] {processor.py:179} INFO - Processing /opt/airflow/dags/etl_completa.py took 0.294 seconds
[2025-12-20T01:37:58.656+0000] {processor.py:157} INFO - Started process (PID=1170) to work on /opt/airflow/dags/etl_completa.py
[2025-12-20T01:37:58.657+0000] {processor.py:829} INFO - Processing file /opt/airflow/dags/etl_completa.py for tasks to queue
[2025-12-20T01:37:58.658+0000] {logging_mixin.py:151} INFO - [2025-12-20T01:37:58.657+0000] {dagbag.py:539} INFO - Filling up the DagBag from /opt/airflow/dags/etl_completa.py
[2025-12-20T01:37:58.929+0000] {processor.py:841} WARNING - No viable dags retrieved from /opt/airflow/dags/etl_completa.py
[2025-12-20T01:37:58.942+0000] {processor.py:179} INFO - Processing /opt/airflow/dags/etl_completa.py took 0.290 seconds
[2025-12-20T01:38:29.093+0000] {processor.py:157} INFO - Started process (PID=1182) to work on /opt/airflow/dags/etl_completa.py
[2025-12-20T01:38:29.094+0000] {processor.py:829} INFO - Processing file /opt/airflow/dags/etl_completa.py for tasks to queue
[2025-12-20T01:38:29.095+0000] {logging_mixin.py:151} INFO - [2025-12-20T01:38:29.094+0000] {dagbag.py:539} INFO - Filling up the DagBag from /opt/airflow/dags/etl_completa.py
[2025-12-20T01:38:29.367+0000] {processor.py:841} WARNING - No viable dags retrieved from /opt/airflow/dags/etl_completa.py
[2025-12-20T01:38:29.380+0000] {processor.py:179} INFO - Processing /opt/airflow/dags/etl_completa.py took 0.290 seconds
[2025-12-20T01:38:59.537+0000] {processor.py:157} INFO - Started process (PID=1194) to work on /opt/airflow/dags/etl_completa.py
[2025-12-20T01:38:59.538+0000] {processor.py:829} INFO - Processing file /opt/airflow/dags/etl_completa.py for tasks to queue
[2025-12-20T01:38:59.539+0000] {logging_mixin.py:151} INFO - [2025-12-20T01:38:59.539+0000] {dagbag.py:539} INFO - Filling up the DagBag from /opt/airflow/dags/etl_completa.py
[2025-12-20T01:38:59.817+0000] {processor.py:841} WARNING - No viable dags retrieved from /opt/airflow/dags/etl_completa.py
[2025-12-20T01:38:59.832+0000] {processor.py:179} INFO - Processing /opt/airflow/dags/etl_completa.py took 0.298 seconds
[2025-12-20T01:39:29.993+0000] {processor.py:157} INFO - Started process (PID=1206) to work on /opt/airflow/dags/etl_completa.py
[2025-12-20T01:39:29.994+0000] {processor.py:829} INFO - Processing file /opt/airflow/dags/etl_completa.py for tasks to queue
[2025-12-20T01:39:29.994+0000] {logging_mixin.py:151} INFO - [2025-12-20T01:39:29.994+0000] {dagbag.py:539} INFO - Filling up the DagBag from /opt/airflow/dags/etl_completa.py
[2025-12-20T01:39:30.271+0000] {processor.py:841} WARNING - No viable dags retrieved from /opt/airflow/dags/etl_completa.py
[2025-12-20T01:39:30.285+0000] {processor.py:179} INFO - Processing /opt/airflow/dags/etl_completa.py took 0.295 seconds
[2025-12-20T01:40:00.443+0000] {processor.py:157} INFO - Started process (PID=1218) to work on /opt/airflow/dags/etl_completa.py
[2025-12-20T01:40:00.444+0000] {processor.py:829} INFO - Processing file /opt/airflow/dags/etl_completa.py for tasks to queue
[2025-12-20T01:40:00.445+0000] {logging_mixin.py:151} INFO - [2025-12-20T01:40:00.445+0000] {dagbag.py:539} INFO - Filling up the DagBag from /opt/airflow/dags/etl_completa.py
[2025-12-20T01:40:00.718+0000] {processor.py:841} WARNING - No viable dags retrieved from /opt/airflow/dags/etl_completa.py
[2025-12-20T01:40:00.733+0000] {processor.py:179} INFO - Processing /opt/airflow/dags/etl_completa.py took 0.294 seconds
[2025-12-20T01:40:30.893+0000] {processor.py:157} INFO - Started process (PID=1230) to work on /opt/airflow/dags/etl_completa.py
[2025-12-20T01:40:30.894+0000] {processor.py:829} INFO - Processing file /opt/airflow/dags/etl_completa.py for tasks to queue
[2025-12-20T01:40:30.895+0000] {logging_mixin.py:151} INFO - [2025-12-20T01:40:30.894+0000] {dagbag.py:539} INFO - Filling up the DagBag from /opt/airflow/dags/etl_completa.py
[2025-12-20T01:40:31.172+0000] {processor.py:841} WARNING - No viable dags retrieved from /opt/airflow/dags/etl_completa.py
[2025-12-20T01:40:31.184+0000] {processor.py:179} INFO - Processing /opt/airflow/dags/etl_completa.py took 0.295 seconds
[2025-12-20T01:41:01.352+0000] {processor.py:157} INFO - Started process (PID=1242) to work on /opt/airflow/dags/etl_completa.py
[2025-12-20T01:41:01.353+0000] {processor.py:829} INFO - Processing file /opt/airflow/dags/etl_completa.py for tasks to queue
[2025-12-20T01:41:01.354+0000] {logging_mixin.py:151} INFO - [2025-12-20T01:41:01.354+0000] {dagbag.py:539} INFO - Filling up the DagBag from /opt/airflow/dags/etl_completa.py
[2025-12-20T01:41:01.632+0000] {processor.py:841} WARNING - No viable dags retrieved from /opt/airflow/dags/etl_completa.py
[2025-12-20T01:41:01.645+0000] {processor.py:179} INFO - Processing /opt/airflow/dags/etl_completa.py took 0.297 seconds
[2025-12-20T01:41:31.807+0000] {processor.py:157} INFO - Started process (PID=1254) to work on /opt/airflow/dags/etl_completa.py
[2025-12-20T01:41:31.808+0000] {processor.py:829} INFO - Processing file /opt/airflow/dags/etl_completa.py for tasks to queue
[2025-12-20T01:41:31.808+0000] {logging_mixin.py:151} INFO - [2025-12-20T01:41:31.808+0000] {dagbag.py:539} INFO - Filling up the DagBag from /opt/airflow/dags/etl_completa.py
[2025-12-20T01:41:32.083+0000] {processor.py:841} WARNING - No viable dags retrieved from /opt/airflow/dags/etl_completa.py
[2025-12-20T01:41:32.097+0000] {processor.py:179} INFO - Processing /opt/airflow/dags/etl_completa.py took 0.293 seconds
[2025-12-20T01:42:02.263+0000] {processor.py:157} INFO - Started process (PID=1266) to work on /opt/airflow/dags/etl_completa.py
[2025-12-20T01:42:02.264+0000] {processor.py:829} INFO - Processing file /opt/airflow/dags/etl_completa.py for tasks to queue
[2025-12-20T01:42:02.265+0000] {logging_mixin.py:151} INFO - [2025-12-20T01:42:02.264+0000] {dagbag.py:539} INFO - Filling up the DagBag from /opt/airflow/dags/etl_completa.py
[2025-12-20T01:42:02.537+0000] {processor.py:841} WARNING - No viable dags retrieved from /opt/airflow/dags/etl_completa.py
[2025-12-20T01:42:02.550+0000] {processor.py:179} INFO - Processing /opt/airflow/dags/etl_completa.py took 0.291 seconds
[2025-12-20T01:42:32.721+0000] {processor.py:157} INFO - Started process (PID=1278) to work on /opt/airflow/dags/etl_completa.py
[2025-12-20T01:42:32.722+0000] {processor.py:829} INFO - Processing file /opt/airflow/dags/etl_completa.py for tasks to queue
[2025-12-20T01:42:32.722+0000] {logging_mixin.py:151} INFO - [2025-12-20T01:42:32.722+0000] {dagbag.py:539} INFO - Filling up the DagBag from /opt/airflow/dags/etl_completa.py
[2025-12-20T01:42:32.997+0000] {processor.py:841} WARNING - No viable dags retrieved from /opt/airflow/dags/etl_completa.py
[2025-12-20T01:42:33.010+0000] {processor.py:179} INFO - Processing /opt/airflow/dags/etl_completa.py took 0.293 seconds
[2025-12-20T01:43:03.170+0000] {processor.py:157} INFO - Started process (PID=1290) to work on /opt/airflow/dags/etl_completa.py
[2025-12-20T01:43:03.171+0000] {processor.py:829} INFO - Processing file /opt/airflow/dags/etl_completa.py for tasks to queue
[2025-12-20T01:43:03.172+0000] {logging_mixin.py:151} INFO - [2025-12-20T01:43:03.172+0000] {dagbag.py:539} INFO - Filling up the DagBag from /opt/airflow/dags/etl_completa.py
[2025-12-20T01:43:03.444+0000] {processor.py:841} WARNING - No viable dags retrieved from /opt/airflow/dags/etl_completa.py
[2025-12-20T01:43:03.457+0000] {processor.py:179} INFO - Processing /opt/airflow/dags/etl_completa.py took 0.290 seconds
[2025-12-20T01:43:33.617+0000] {processor.py:157} INFO - Started process (PID=1302) to work on /opt/airflow/dags/etl_completa.py
[2025-12-20T01:43:33.618+0000] {processor.py:829} INFO - Processing file /opt/airflow/dags/etl_completa.py for tasks to queue
[2025-12-20T01:43:33.619+0000] {logging_mixin.py:151} INFO - [2025-12-20T01:43:33.618+0000] {dagbag.py:539} INFO - Filling up the DagBag from /opt/airflow/dags/etl_completa.py
[2025-12-20T01:43:33.897+0000] {processor.py:841} WARNING - No viable dags retrieved from /opt/airflow/dags/etl_completa.py
[2025-12-20T01:43:33.911+0000] {processor.py:179} INFO - Processing /opt/airflow/dags/etl_completa.py took 0.297 seconds
[2025-12-20T01:44:04.071+0000] {processor.py:157} INFO - Started process (PID=1314) to work on /opt/airflow/dags/etl_completa.py
[2025-12-20T01:44:04.072+0000] {processor.py:829} INFO - Processing file /opt/airflow/dags/etl_completa.py for tasks to queue
[2025-12-20T01:44:04.073+0000] {logging_mixin.py:151} INFO - [2025-12-20T01:44:04.073+0000] {dagbag.py:539} INFO - Filling up the DagBag from /opt/airflow/dags/etl_completa.py
[2025-12-20T01:44:04.350+0000] {processor.py:841} WARNING - No viable dags retrieved from /opt/airflow/dags/etl_completa.py
[2025-12-20T01:44:04.365+0000] {processor.py:179} INFO - Processing /opt/airflow/dags/etl_completa.py took 0.297 seconds
[2025-12-20T01:44:34.517+0000] {processor.py:157} INFO - Started process (PID=1326) to work on /opt/airflow/dags/etl_completa.py
[2025-12-20T01:44:34.517+0000] {processor.py:829} INFO - Processing file /opt/airflow/dags/etl_completa.py for tasks to queue
[2025-12-20T01:44:34.518+0000] {logging_mixin.py:151} INFO - [2025-12-20T01:44:34.518+0000] {dagbag.py:539} INFO - Filling up the DagBag from /opt/airflow/dags/etl_completa.py
[2025-12-20T01:44:34.793+0000] {processor.py:841} WARNING - No viable dags retrieved from /opt/airflow/dags/etl_completa.py
[2025-12-20T01:44:34.807+0000] {processor.py:179} INFO - Processing /opt/airflow/dags/etl_completa.py took 0.294 seconds
[2025-12-20T01:45:04.976+0000] {processor.py:157} INFO - Started process (PID=1338) to work on /opt/airflow/dags/etl_completa.py
[2025-12-20T01:45:04.977+0000] {processor.py:829} INFO - Processing file /opt/airflow/dags/etl_completa.py for tasks to queue
[2025-12-20T01:45:04.978+0000] {logging_mixin.py:151} INFO - [2025-12-20T01:45:04.977+0000] {dagbag.py:539} INFO - Filling up the DagBag from /opt/airflow/dags/etl_completa.py
[2025-12-20T01:45:05.256+0000] {processor.py:841} WARNING - No viable dags retrieved from /opt/airflow/dags/etl_completa.py
[2025-12-20T01:45:05.271+0000] {processor.py:179} INFO - Processing /opt/airflow/dags/etl_completa.py took 0.297 seconds
[2025-12-20T01:45:35.421+0000] {processor.py:157} INFO - Started process (PID=1350) to work on /opt/airflow/dags/etl_completa.py
[2025-12-20T01:45:35.422+0000] {processor.py:829} INFO - Processing file /opt/airflow/dags/etl_completa.py for tasks to queue
[2025-12-20T01:45:35.423+0000] {logging_mixin.py:151} INFO - [2025-12-20T01:45:35.423+0000] {dagbag.py:539} INFO - Filling up the DagBag from /opt/airflow/dags/etl_completa.py
[2025-12-20T01:45:35.727+0000] {processor.py:841} WARNING - No viable dags retrieved from /opt/airflow/dags/etl_completa.py
[2025-12-20T01:45:35.741+0000] {processor.py:179} INFO - Processing /opt/airflow/dags/etl_completa.py took 0.323 seconds
[2025-12-20T01:46:05.886+0000] {processor.py:157} INFO - Started process (PID=1362) to work on /opt/airflow/dags/etl_completa.py
[2025-12-20T01:46:05.887+0000] {processor.py:829} INFO - Processing file /opt/airflow/dags/etl_completa.py for tasks to queue
[2025-12-20T01:46:05.887+0000] {logging_mixin.py:151} INFO - [2025-12-20T01:46:05.887+0000] {dagbag.py:539} INFO - Filling up the DagBag from /opt/airflow/dags/etl_completa.py
[2025-12-20T01:46:06.179+0000] {processor.py:841} WARNING - No viable dags retrieved from /opt/airflow/dags/etl_completa.py
[2025-12-20T01:46:06.192+0000] {processor.py:179} INFO - Processing /opt/airflow/dags/etl_completa.py took 0.310 seconds
[2025-12-20T01:46:20.275+0000] {processor.py:157} INFO - Started process (PID=1368) to work on /opt/airflow/dags/etl_completa.py
[2025-12-20T01:46:20.276+0000] {processor.py:829} INFO - Processing file /opt/airflow/dags/etl_completa.py for tasks to queue
[2025-12-20T01:46:20.277+0000] {logging_mixin.py:151} INFO - [2025-12-20T01:46:20.277+0000] {dagbag.py:539} INFO - Filling up the DagBag from /opt/airflow/dags/etl_completa.py
[2025-12-20T01:46:20.280+0000] {logging_mixin.py:151} INFO - [2025-12-20T01:46:20.279+0000] {dagbag.py:347} ERROR - Failed to import: /opt/airflow/dags/etl_completa.py
Traceback (most recent call last):
  File "/home/airflow/.local/lib/python3.8/site-packages/airflow/models/dagbag.py", line 343, in parse
    loader.exec_module(new_module)
  File "<frozen importlib._bootstrap_external>", line 839, in exec_module
  File "<frozen importlib._bootstrap_external>", line 976, in get_code
  File "<frozen importlib._bootstrap_external>", line 906, in source_to_code
  File "<frozen importlib._bootstrap>", line 219, in _call_with_frames_removed
  File "/opt/airflow/dags/etl_completa.py", line 9
    CAMINHO_CSV =
                 ^
SyntaxError: invalid syntax
[2025-12-20T01:46:20.280+0000] {processor.py:841} WARNING - No viable dags retrieved from /opt/airflow/dags/etl_completa.py
[2025-12-20T01:46:20.300+0000] {processor.py:179} INFO - Processing /opt/airflow/dags/etl_completa.py took 0.027 seconds
[2025-12-20T01:46:24.297+0000] {processor.py:157} INFO - Started process (PID=1373) to work on /opt/airflow/dags/etl_completa.py
[2025-12-20T01:46:24.297+0000] {processor.py:829} INFO - Processing file /opt/airflow/dags/etl_completa.py for tasks to queue
[2025-12-20T01:46:24.298+0000] {logging_mixin.py:151} INFO - [2025-12-20T01:46:24.298+0000] {dagbag.py:539} INFO - Filling up the DagBag from /opt/airflow/dags/etl_completa.py
[2025-12-20T01:46:24.584+0000] {processor.py:841} WARNING - No viable dags retrieved from /opt/airflow/dags/etl_completa.py
[2025-12-20T01:46:24.598+0000] {processor.py:179} INFO - Processing /opt/airflow/dags/etl_completa.py took 0.305 seconds
[2025-12-20T01:46:30.371+0000] {processor.py:157} INFO - Started process (PID=1379) to work on /opt/airflow/dags/etl_completa.py
[2025-12-20T01:46:30.371+0000] {processor.py:829} INFO - Processing file /opt/airflow/dags/etl_completa.py for tasks to queue
[2025-12-20T01:46:30.372+0000] {logging_mixin.py:151} INFO - [2025-12-20T01:46:30.372+0000] {dagbag.py:539} INFO - Filling up the DagBag from /opt/airflow/dags/etl_completa.py
[2025-12-20T01:46:30.655+0000] {processor.py:841} WARNING - No viable dags retrieved from /opt/airflow/dags/etl_completa.py
[2025-12-20T01:46:30.668+0000] {processor.py:179} INFO - Processing /opt/airflow/dags/etl_completa.py took 0.300 seconds
[2025-12-20T01:46:42.026+0000] {processor.py:157} INFO - Started process (PID=1391) to work on /opt/airflow/dags/etl_completa.py
[2025-12-20T01:46:42.027+0000] {processor.py:829} INFO - Processing file /opt/airflow/dags/etl_completa.py for tasks to queue
[2025-12-20T01:46:42.027+0000] {logging_mixin.py:151} INFO - [2025-12-20T01:46:42.027+0000] {dagbag.py:539} INFO - Filling up the DagBag from /opt/airflow/dags/etl_completa.py
[2025-12-20T01:46:42.241+0000] {processor.py:841} WARNING - No viable dags retrieved from /opt/airflow/dags/etl_completa.py
[2025-12-20T01:46:42.251+0000] {processor.py:179} INFO - Processing /opt/airflow/dags/etl_completa.py took 0.227 seconds
[2025-12-20T01:46:47.295+0000] {processor.py:157} INFO - Started process (PID=1397) to work on /opt/airflow/dags/etl_completa.py
[2025-12-20T01:46:47.296+0000] {processor.py:829} INFO - Processing file /opt/airflow/dags/etl_completa.py for tasks to queue
[2025-12-20T01:46:47.297+0000] {logging_mixin.py:151} INFO - [2025-12-20T01:46:47.296+0000] {dagbag.py:539} INFO - Filling up the DagBag from /opt/airflow/dags/etl_completa.py
[2025-12-20T01:46:47.588+0000] {processor.py:841} WARNING - No viable dags retrieved from /opt/airflow/dags/etl_completa.py
[2025-12-20T01:46:47.601+0000] {processor.py:179} INFO - Processing /opt/airflow/dags/etl_completa.py took 0.310 seconds
[2025-12-20T01:46:51.649+0000] {processor.py:157} INFO - Started process (PID=1403) to work on /opt/airflow/dags/etl_completa.py
[2025-12-20T01:46:51.650+0000] {processor.py:829} INFO - Processing file /opt/airflow/dags/etl_completa.py for tasks to queue
[2025-12-20T01:46:51.650+0000] {logging_mixin.py:151} INFO - [2025-12-20T01:46:51.650+0000] {dagbag.py:539} INFO - Filling up the DagBag from /opt/airflow/dags/etl_completa.py
[2025-12-20T01:46:51.932+0000] {processor.py:841} WARNING - No viable dags retrieved from /opt/airflow/dags/etl_completa.py
[2025-12-20T01:46:51.946+0000] {processor.py:179} INFO - Processing /opt/airflow/dags/etl_completa.py took 0.301 seconds
[2025-12-20T01:46:54.990+0000] {processor.py:157} INFO - Started process (PID=1409) to work on /opt/airflow/dags/etl_completa.py
[2025-12-20T01:46:54.992+0000] {processor.py:829} INFO - Processing file /opt/airflow/dags/etl_completa.py for tasks to queue
[2025-12-20T01:46:54.992+0000] {logging_mixin.py:151} INFO - [2025-12-20T01:46:54.992+0000] {dagbag.py:539} INFO - Filling up the DagBag from /opt/airflow/dags/etl_completa.py
[2025-12-20T01:46:55.292+0000] {processor.py:841} WARNING - No viable dags retrieved from /opt/airflow/dags/etl_completa.py
[2025-12-20T01:46:55.302+0000] {processor.py:179} INFO - Processing /opt/airflow/dags/etl_completa.py took 0.315 seconds
[2025-12-20T01:47:07.379+0000] {processor.py:157} INFO - Started process (PID=1421) to work on /opt/airflow/dags/etl_completa.py
[2025-12-20T01:47:07.379+0000] {processor.py:829} INFO - Processing file /opt/airflow/dags/etl_completa.py for tasks to queue
[2025-12-20T01:47:07.380+0000] {logging_mixin.py:151} INFO - [2025-12-20T01:47:07.380+0000] {dagbag.py:539} INFO - Filling up the DagBag from /opt/airflow/dags/etl_completa.py
[2025-12-20T01:47:07.659+0000] {processor.py:841} WARNING - No viable dags retrieved from /opt/airflow/dags/etl_completa.py
[2025-12-20T01:47:07.670+0000] {processor.py:179} INFO - Processing /opt/airflow/dags/etl_completa.py took 0.294 seconds
[2025-12-20T01:47:37.802+0000] {processor.py:157} INFO - Started process (PID=1433) to work on /opt/airflow/dags/etl_completa.py
[2025-12-20T01:47:37.803+0000] {processor.py:829} INFO - Processing file /opt/airflow/dags/etl_completa.py for tasks to queue
[2025-12-20T01:47:37.804+0000] {logging_mixin.py:151} INFO - [2025-12-20T01:47:37.804+0000] {dagbag.py:539} INFO - Filling up the DagBag from /opt/airflow/dags/etl_completa.py
[2025-12-20T01:47:38.018+0000] {processor.py:841} WARNING - No viable dags retrieved from /opt/airflow/dags/etl_completa.py
[2025-12-20T01:47:38.028+0000] {processor.py:179} INFO - Processing /opt/airflow/dags/etl_completa.py took 0.228 seconds
[2025-12-20T01:48:08.158+0000] {processor.py:157} INFO - Started process (PID=1445) to work on /opt/airflow/dags/etl_completa.py
[2025-12-20T01:48:08.159+0000] {processor.py:829} INFO - Processing file /opt/airflow/dags/etl_completa.py for tasks to queue
[2025-12-20T01:48:08.159+0000] {logging_mixin.py:151} INFO - [2025-12-20T01:48:08.159+0000] {dagbag.py:539} INFO - Filling up the DagBag from /opt/airflow/dags/etl_completa.py
[2025-12-20T01:48:08.448+0000] {processor.py:841} WARNING - No viable dags retrieved from /opt/airflow/dags/etl_completa.py
[2025-12-20T01:48:08.460+0000] {processor.py:179} INFO - Processing /opt/airflow/dags/etl_completa.py took 0.306 seconds
[2025-12-20T01:48:38.602+0000] {processor.py:157} INFO - Started process (PID=1457) to work on /opt/airflow/dags/etl_completa.py
[2025-12-20T01:48:38.603+0000] {processor.py:829} INFO - Processing file /opt/airflow/dags/etl_completa.py for tasks to queue
[2025-12-20T01:48:38.603+0000] {logging_mixin.py:151} INFO - [2025-12-20T01:48:38.603+0000] {dagbag.py:539} INFO - Filling up the DagBag from /opt/airflow/dags/etl_completa.py
[2025-12-20T01:48:38.888+0000] {processor.py:841} WARNING - No viable dags retrieved from /opt/airflow/dags/etl_completa.py
[2025-12-20T01:48:38.900+0000] {processor.py:179} INFO - Processing /opt/airflow/dags/etl_completa.py took 0.301 seconds
[2025-12-20T01:49:09.019+0000] {processor.py:157} INFO - Started process (PID=1469) to work on /opt/airflow/dags/etl_completa.py
[2025-12-20T01:49:09.020+0000] {processor.py:829} INFO - Processing file /opt/airflow/dags/etl_completa.py for tasks to queue
[2025-12-20T01:49:09.020+0000] {logging_mixin.py:151} INFO - [2025-12-20T01:49:09.020+0000] {dagbag.py:539} INFO - Filling up the DagBag from /opt/airflow/dags/etl_completa.py
[2025-12-20T01:49:09.219+0000] {processor.py:841} WARNING - No viable dags retrieved from /opt/airflow/dags/etl_completa.py
[2025-12-20T01:49:09.229+0000] {processor.py:179} INFO - Processing /opt/airflow/dags/etl_completa.py took 0.212 seconds
[2025-12-20T01:49:39.361+0000] {processor.py:157} INFO - Started process (PID=1481) to work on /opt/airflow/dags/etl_completa.py
[2025-12-20T01:49:39.362+0000] {processor.py:829} INFO - Processing file /opt/airflow/dags/etl_completa.py for tasks to queue
[2025-12-20T01:49:39.363+0000] {logging_mixin.py:151} INFO - [2025-12-20T01:49:39.363+0000] {dagbag.py:539} INFO - Filling up the DagBag from /opt/airflow/dags/etl_completa.py
[2025-12-20T01:49:39.623+0000] {processor.py:841} WARNING - No viable dags retrieved from /opt/airflow/dags/etl_completa.py
[2025-12-20T01:49:39.633+0000] {processor.py:179} INFO - Processing /opt/airflow/dags/etl_completa.py took 0.275 seconds
[2025-12-20T01:50:09.770+0000] {processor.py:157} INFO - Started process (PID=1493) to work on /opt/airflow/dags/etl_completa.py
[2025-12-20T01:50:09.771+0000] {processor.py:829} INFO - Processing file /opt/airflow/dags/etl_completa.py for tasks to queue
[2025-12-20T01:50:09.772+0000] {logging_mixin.py:151} INFO - [2025-12-20T01:50:09.771+0000] {dagbag.py:539} INFO - Filling up the DagBag from /opt/airflow/dags/etl_completa.py
[2025-12-20T01:50:10.052+0000] {processor.py:841} WARNING - No viable dags retrieved from /opt/airflow/dags/etl_completa.py
[2025-12-20T01:50:10.062+0000] {processor.py:179} INFO - Processing /opt/airflow/dags/etl_completa.py took 0.296 seconds
[2025-12-20T01:50:40.204+0000] {processor.py:157} INFO - Started process (PID=1505) to work on /opt/airflow/dags/etl_completa.py
[2025-12-20T01:50:40.205+0000] {processor.py:829} INFO - Processing file /opt/airflow/dags/etl_completa.py for tasks to queue
[2025-12-20T01:50:40.206+0000] {logging_mixin.py:151} INFO - [2025-12-20T01:50:40.205+0000] {dagbag.py:539} INFO - Filling up the DagBag from /opt/airflow/dags/etl_completa.py
[2025-12-20T01:50:40.499+0000] {processor.py:841} WARNING - No viable dags retrieved from /opt/airflow/dags/etl_completa.py
[2025-12-20T01:50:40.512+0000] {processor.py:179} INFO - Processing /opt/airflow/dags/etl_completa.py took 0.311 seconds
[2025-12-20T01:51:10.666+0000] {processor.py:157} INFO - Started process (PID=1517) to work on /opt/airflow/dags/etl_completa.py
[2025-12-20T01:51:10.667+0000] {processor.py:829} INFO - Processing file /opt/airflow/dags/etl_completa.py for tasks to queue
[2025-12-20T01:51:10.667+0000] {logging_mixin.py:151} INFO - [2025-12-20T01:51:10.667+0000] {dagbag.py:539} INFO - Filling up the DagBag from /opt/airflow/dags/etl_completa.py
[2025-12-20T01:51:10.950+0000] {processor.py:841} WARNING - No viable dags retrieved from /opt/airflow/dags/etl_completa.py
[2025-12-20T01:51:10.966+0000] {processor.py:179} INFO - Processing /opt/airflow/dags/etl_completa.py took 0.304 seconds
[2025-12-20T01:51:19.706+0000] {processor.py:157} INFO - Started process (PID=1523) to work on /opt/airflow/dags/etl_completa.py
[2025-12-20T01:51:19.707+0000] {processor.py:829} INFO - Processing file /opt/airflow/dags/etl_completa.py for tasks to queue
[2025-12-20T01:51:19.707+0000] {logging_mixin.py:151} INFO - [2025-12-20T01:51:19.707+0000] {dagbag.py:539} INFO - Filling up the DagBag from /opt/airflow/dags/etl_completa.py
[2025-12-20T01:51:19.930+0000] {processor.py:841} WARNING - No viable dags retrieved from /opt/airflow/dags/etl_completa.py
[2025-12-20T01:51:19.940+0000] {processor.py:179} INFO - Processing /opt/airflow/dags/etl_completa.py took 0.238 seconds
[2025-12-20T01:51:20.975+0000] {processor.py:157} INFO - Started process (PID=1529) to work on /opt/airflow/dags/etl_completa.py
[2025-12-20T01:51:20.976+0000] {processor.py:829} INFO - Processing file /opt/airflow/dags/etl_completa.py for tasks to queue
[2025-12-20T01:51:20.976+0000] {logging_mixin.py:151} INFO - [2025-12-20T01:51:20.976+0000] {dagbag.py:539} INFO - Filling up the DagBag from /opt/airflow/dags/etl_completa.py
[2025-12-20T01:51:21.218+0000] {processor.py:841} WARNING - No viable dags retrieved from /opt/airflow/dags/etl_completa.py
[2025-12-20T01:51:21.228+0000] {processor.py:179} INFO - Processing /opt/airflow/dags/etl_completa.py took 0.257 seconds
[2025-12-20T01:51:33.301+0000] {processor.py:157} INFO - Started process (PID=1535) to work on /opt/airflow/dags/etl_completa.py
[2025-12-20T01:51:33.301+0000] {processor.py:829} INFO - Processing file /opt/airflow/dags/etl_completa.py for tasks to queue
[2025-12-20T01:51:33.302+0000] {logging_mixin.py:151} INFO - [2025-12-20T01:51:33.302+0000] {dagbag.py:539} INFO - Filling up the DagBag from /opt/airflow/dags/etl_completa.py
[2025-12-20T01:51:33.529+0000] {processor.py:841} WARNING - No viable dags retrieved from /opt/airflow/dags/etl_completa.py
[2025-12-20T01:51:33.539+0000] {processor.py:179} INFO - Processing /opt/airflow/dags/etl_completa.py took 0.241 seconds
[2025-12-20T01:51:39.586+0000] {processor.py:157} INFO - Started process (PID=1547) to work on /opt/airflow/dags/etl_completa.py
[2025-12-20T01:51:39.587+0000] {processor.py:829} INFO - Processing file /opt/airflow/dags/etl_completa.py for tasks to queue
[2025-12-20T01:51:39.588+0000] {logging_mixin.py:151} INFO - [2025-12-20T01:51:39.588+0000] {dagbag.py:539} INFO - Filling up the DagBag from /opt/airflow/dags/etl_completa.py
[2025-12-20T01:51:39.788+0000] {processor.py:841} WARNING - No viable dags retrieved from /opt/airflow/dags/etl_completa.py
[2025-12-20T01:51:39.797+0000] {processor.py:179} INFO - Processing /opt/airflow/dags/etl_completa.py took 0.214 seconds
[2025-12-20T01:51:45.647+0000] {processor.py:157} INFO - Started process (PID=1553) to work on /opt/airflow/dags/etl_completa.py
[2025-12-20T01:51:45.648+0000] {processor.py:829} INFO - Processing file /opt/airflow/dags/etl_completa.py for tasks to queue
[2025-12-20T01:51:45.649+0000] {logging_mixin.py:151} INFO - [2025-12-20T01:51:45.649+0000] {dagbag.py:539} INFO - Filling up the DagBag from /opt/airflow/dags/etl_completa.py
[2025-12-20T01:51:45.881+0000] {processor.py:841} WARNING - No viable dags retrieved from /opt/airflow/dags/etl_completa.py
[2025-12-20T01:51:45.890+0000] {processor.py:179} INFO - Processing /opt/airflow/dags/etl_completa.py took 0.245 seconds
[2025-12-20T01:51:50.859+0000] {processor.py:157} INFO - Started process (PID=1559) to work on /opt/airflow/dags/etl_completa.py
[2025-12-20T01:51:50.859+0000] {processor.py:829} INFO - Processing file /opt/airflow/dags/etl_completa.py for tasks to queue
[2025-12-20T01:51:50.860+0000] {logging_mixin.py:151} INFO - [2025-12-20T01:51:50.860+0000] {dagbag.py:539} INFO - Filling up the DagBag from /opt/airflow/dags/etl_completa.py
[2025-12-20T01:51:51.071+0000] {processor.py:841} WARNING - No viable dags retrieved from /opt/airflow/dags/etl_completa.py
[2025-12-20T01:51:51.081+0000] {processor.py:179} INFO - Processing /opt/airflow/dags/etl_completa.py took 0.225 seconds
[2025-12-20T01:51:55.125+0000] {processor.py:157} INFO - Started process (PID=1565) to work on /opt/airflow/dags/etl_completa.py
[2025-12-20T01:51:55.126+0000] {processor.py:829} INFO - Processing file /opt/airflow/dags/etl_completa.py for tasks to queue
[2025-12-20T01:51:55.126+0000] {logging_mixin.py:151} INFO - [2025-12-20T01:51:55.126+0000] {dagbag.py:539} INFO - Filling up the DagBag from /opt/airflow/dags/etl_completa.py
[2025-12-20T01:51:55.403+0000] {processor.py:841} WARNING - No viable dags retrieved from /opt/airflow/dags/etl_completa.py
[2025-12-20T01:51:55.413+0000] {processor.py:179} INFO - Processing /opt/airflow/dags/etl_completa.py took 0.292 seconds
[2025-12-20T01:51:57.140+0000] {processor.py:157} INFO - Started process (PID=1571) to work on /opt/airflow/dags/etl_completa.py
[2025-12-20T01:51:57.140+0000] {processor.py:829} INFO - Processing file /opt/airflow/dags/etl_completa.py for tasks to queue
[2025-12-20T01:51:57.141+0000] {logging_mixin.py:151} INFO - [2025-12-20T01:51:57.141+0000] {dagbag.py:539} INFO - Filling up the DagBag from /opt/airflow/dags/etl_completa.py
[2025-12-20T01:51:57.431+0000] {processor.py:841} WARNING - No viable dags retrieved from /opt/airflow/dags/etl_completa.py
[2025-12-20T01:51:57.443+0000] {processor.py:179} INFO - Processing /opt/airflow/dags/etl_completa.py took 0.307 seconds
[2025-12-20T01:52:00.460+0000] {processor.py:157} INFO - Started process (PID=1577) to work on /opt/airflow/dags/etl_completa.py
[2025-12-20T01:52:00.460+0000] {processor.py:829} INFO - Processing file /opt/airflow/dags/etl_completa.py for tasks to queue
[2025-12-20T01:52:00.461+0000] {logging_mixin.py:151} INFO - [2025-12-20T01:52:00.461+0000] {dagbag.py:539} INFO - Filling up the DagBag from /opt/airflow/dags/etl_completa.py
[2025-12-20T01:52:00.761+0000] {processor.py:841} WARNING - No viable dags retrieved from /opt/airflow/dags/etl_completa.py
[2025-12-20T01:52:00.774+0000] {processor.py:179} INFO - Processing /opt/airflow/dags/etl_completa.py took 0.317 seconds
[2025-12-20T01:52:14.866+0000] {processor.py:157} INFO - Started process (PID=1589) to work on /opt/airflow/dags/etl_completa.py
[2025-12-20T01:52:14.866+0000] {processor.py:829} INFO - Processing file /opt/airflow/dags/etl_completa.py for tasks to queue
[2025-12-20T01:52:14.867+0000] {logging_mixin.py:151} INFO - [2025-12-20T01:52:14.867+0000] {dagbag.py:539} INFO - Filling up the DagBag from /opt/airflow/dags/etl_completa.py
[2025-12-20T01:52:15.133+0000] {processor.py:841} WARNING - No viable dags retrieved from /opt/airflow/dags/etl_completa.py
[2025-12-20T01:52:15.144+0000] {processor.py:179} INFO - Processing /opt/airflow/dags/etl_completa.py took 0.282 seconds
[2025-12-20T01:52:25.204+0000] {processor.py:157} INFO - Started process (PID=1595) to work on /opt/airflow/dags/etl_completa.py
[2025-12-20T01:52:25.205+0000] {processor.py:829} INFO - Processing file /opt/airflow/dags/etl_completa.py for tasks to queue
[2025-12-20T01:52:25.206+0000] {logging_mixin.py:151} INFO - [2025-12-20T01:52:25.206+0000] {dagbag.py:539} INFO - Filling up the DagBag from /opt/airflow/dags/etl_completa.py
[2025-12-20T01:52:25.483+0000] {processor.py:841} WARNING - No viable dags retrieved from /opt/airflow/dags/etl_completa.py
[2025-12-20T01:52:25.497+0000] {processor.py:179} INFO - Processing /opt/airflow/dags/etl_completa.py took 0.296 seconds
[2025-12-20T01:52:31.553+0000] {processor.py:157} INFO - Started process (PID=1601) to work on /opt/airflow/dags/etl_completa.py
[2025-12-20T01:52:31.554+0000] {processor.py:829} INFO - Processing file /opt/airflow/dags/etl_completa.py for tasks to queue
[2025-12-20T01:52:31.554+0000] {logging_mixin.py:151} INFO - [2025-12-20T01:52:31.554+0000] {dagbag.py:539} INFO - Filling up the DagBag from /opt/airflow/dags/etl_completa.py
[2025-12-20T01:52:31.847+0000] {processor.py:841} WARNING - No viable dags retrieved from /opt/airflow/dags/etl_completa.py
[2025-12-20T01:52:31.858+0000] {processor.py:179} INFO - Processing /opt/airflow/dags/etl_completa.py took 0.309 seconds
[2025-12-20T01:52:40.599+0000] {processor.py:157} INFO - Started process (PID=1613) to work on /opt/airflow/dags/etl_completa.py
[2025-12-20T01:52:40.600+0000] {processor.py:829} INFO - Processing file /opt/airflow/dags/etl_completa.py for tasks to queue
[2025-12-20T01:52:40.600+0000] {logging_mixin.py:151} INFO - [2025-12-20T01:52:40.600+0000] {dagbag.py:539} INFO - Filling up the DagBag from /opt/airflow/dags/etl_completa.py
[2025-12-20T01:52:40.814+0000] {processor.py:841} WARNING - No viable dags retrieved from /opt/airflow/dags/etl_completa.py
[2025-12-20T01:52:40.825+0000] {processor.py:179} INFO - Processing /opt/airflow/dags/etl_completa.py took 0.228 seconds
[2025-12-20T01:52:41.609+0000] {processor.py:157} INFO - Started process (PID=1619) to work on /opt/airflow/dags/etl_completa.py
[2025-12-20T01:52:41.610+0000] {processor.py:829} INFO - Processing file /opt/airflow/dags/etl_completa.py for tasks to queue
[2025-12-20T01:52:41.610+0000] {logging_mixin.py:151} INFO - [2025-12-20T01:52:41.610+0000] {dagbag.py:539} INFO - Filling up the DagBag from /opt/airflow/dags/etl_completa.py
[2025-12-20T01:52:41.821+0000] {processor.py:841} WARNING - No viable dags retrieved from /opt/airflow/dags/etl_completa.py
[2025-12-20T01:52:41.833+0000] {processor.py:179} INFO - Processing /opt/airflow/dags/etl_completa.py took 0.227 seconds
[2025-12-20T01:52:46.887+0000] {processor.py:157} INFO - Started process (PID=1625) to work on /opt/airflow/dags/etl_completa.py
[2025-12-20T01:52:46.887+0000] {processor.py:829} INFO - Processing file /opt/airflow/dags/etl_completa.py for tasks to queue
[2025-12-20T01:52:46.888+0000] {logging_mixin.py:151} INFO - [2025-12-20T01:52:46.888+0000] {dagbag.py:539} INFO - Filling up the DagBag from /opt/airflow/dags/etl_completa.py
[2025-12-20T01:52:47.175+0000] {processor.py:841} WARNING - No viable dags retrieved from /opt/airflow/dags/etl_completa.py
[2025-12-20T01:52:47.185+0000] {processor.py:179} INFO - Processing /opt/airflow/dags/etl_completa.py took 0.302 seconds
[2025-12-20T01:53:17.314+0000] {processor.py:157} INFO - Started process (PID=1637) to work on /opt/airflow/dags/etl_completa.py
[2025-12-20T01:53:17.315+0000] {processor.py:829} INFO - Processing file /opt/airflow/dags/etl_completa.py for tasks to queue
[2025-12-20T01:53:17.315+0000] {logging_mixin.py:151} INFO - [2025-12-20T01:53:17.315+0000] {dagbag.py:539} INFO - Filling up the DagBag from /opt/airflow/dags/etl_completa.py
[2025-12-20T01:53:17.548+0000] {processor.py:841} WARNING - No viable dags retrieved from /opt/airflow/dags/etl_completa.py
[2025-12-20T01:53:17.558+0000] {processor.py:179} INFO - Processing /opt/airflow/dags/etl_completa.py took 0.247 seconds
[2025-12-20T01:53:47.676+0000] {processor.py:157} INFO - Started process (PID=1649) to work on /opt/airflow/dags/etl_completa.py
[2025-12-20T01:53:47.676+0000] {processor.py:829} INFO - Processing file /opt/airflow/dags/etl_completa.py for tasks to queue
[2025-12-20T01:53:47.677+0000] {logging_mixin.py:151} INFO - [2025-12-20T01:53:47.677+0000] {dagbag.py:539} INFO - Filling up the DagBag from /opt/airflow/dags/etl_completa.py
[2025-12-20T01:53:47.896+0000] {processor.py:841} WARNING - No viable dags retrieved from /opt/airflow/dags/etl_completa.py
[2025-12-20T01:53:47.907+0000] {processor.py:179} INFO - Processing /opt/airflow/dags/etl_completa.py took 0.235 seconds
[2025-12-20T01:54:18.030+0000] {processor.py:157} INFO - Started process (PID=1661) to work on /opt/airflow/dags/etl_completa.py
[2025-12-20T01:54:18.031+0000] {processor.py:829} INFO - Processing file /opt/airflow/dags/etl_completa.py for tasks to queue
[2025-12-20T01:54:18.032+0000] {logging_mixin.py:151} INFO - [2025-12-20T01:54:18.032+0000] {dagbag.py:539} INFO - Filling up the DagBag from /opt/airflow/dags/etl_completa.py
[2025-12-20T01:54:18.279+0000] {processor.py:841} WARNING - No viable dags retrieved from /opt/airflow/dags/etl_completa.py
[2025-12-20T01:54:18.290+0000] {processor.py:179} INFO - Processing /opt/airflow/dags/etl_completa.py took 0.263 seconds
[2025-12-20T01:54:48.411+0000] {processor.py:157} INFO - Started process (PID=1673) to work on /opt/airflow/dags/etl_completa.py
[2025-12-20T01:54:48.411+0000] {processor.py:829} INFO - Processing file /opt/airflow/dags/etl_completa.py for tasks to queue
[2025-12-20T01:54:48.413+0000] {logging_mixin.py:151} INFO - [2025-12-20T01:54:48.412+0000] {dagbag.py:539} INFO - Filling up the DagBag from /opt/airflow/dags/etl_completa.py
[2025-12-20T01:54:48.637+0000] {processor.py:841} WARNING - No viable dags retrieved from /opt/airflow/dags/etl_completa.py
[2025-12-20T01:54:48.648+0000] {processor.py:179} INFO - Processing /opt/airflow/dags/etl_completa.py took 0.240 seconds
[2025-12-20T01:55:18.763+0000] {processor.py:157} INFO - Started process (PID=1685) to work on /opt/airflow/dags/etl_completa.py
[2025-12-20T01:55:18.764+0000] {processor.py:829} INFO - Processing file /opt/airflow/dags/etl_completa.py for tasks to queue
[2025-12-20T01:55:18.765+0000] {logging_mixin.py:151} INFO - [2025-12-20T01:55:18.765+0000] {dagbag.py:539} INFO - Filling up the DagBag from /opt/airflow/dags/etl_completa.py
[2025-12-20T01:55:19.004+0000] {processor.py:841} WARNING - No viable dags retrieved from /opt/airflow/dags/etl_completa.py
[2025-12-20T01:55:19.014+0000] {processor.py:179} INFO - Processing /opt/airflow/dags/etl_completa.py took 0.254 seconds
[2025-12-20T01:55:49.142+0000] {processor.py:157} INFO - Started process (PID=1697) to work on /opt/airflow/dags/etl_completa.py
[2025-12-20T01:55:49.142+0000] {processor.py:829} INFO - Processing file /opt/airflow/dags/etl_completa.py for tasks to queue
[2025-12-20T01:55:49.143+0000] {logging_mixin.py:151} INFO - [2025-12-20T01:55:49.143+0000] {dagbag.py:539} INFO - Filling up the DagBag from /opt/airflow/dags/etl_completa.py
[2025-12-20T01:55:49.383+0000] {processor.py:841} WARNING - No viable dags retrieved from /opt/airflow/dags/etl_completa.py
[2025-12-20T01:55:49.394+0000] {processor.py:179} INFO - Processing /opt/airflow/dags/etl_completa.py took 0.255 seconds
[2025-12-20T01:56:19.528+0000] {processor.py:157} INFO - Started process (PID=1709) to work on /opt/airflow/dags/etl_completa.py
[2025-12-20T01:56:19.530+0000] {processor.py:829} INFO - Processing file /opt/airflow/dags/etl_completa.py for tasks to queue
[2025-12-20T01:56:19.531+0000] {logging_mixin.py:151} INFO - [2025-12-20T01:56:19.531+0000] {dagbag.py:539} INFO - Filling up the DagBag from /opt/airflow/dags/etl_completa.py
[2025-12-20T01:56:19.817+0000] {processor.py:841} WARNING - No viable dags retrieved from /opt/airflow/dags/etl_completa.py
[2025-12-20T01:56:19.830+0000] {processor.py:179} INFO - Processing /opt/airflow/dags/etl_completa.py took 0.306 seconds
[2025-12-20T01:56:49.979+0000] {processor.py:157} INFO - Started process (PID=1721) to work on /opt/airflow/dags/etl_completa.py
[2025-12-20T01:56:49.980+0000] {processor.py:829} INFO - Processing file /opt/airflow/dags/etl_completa.py for tasks to queue
[2025-12-20T01:56:49.981+0000] {logging_mixin.py:151} INFO - [2025-12-20T01:56:49.980+0000] {dagbag.py:539} INFO - Filling up the DagBag from /opt/airflow/dags/etl_completa.py
[2025-12-20T01:56:50.264+0000] {processor.py:841} WARNING - No viable dags retrieved from /opt/airflow/dags/etl_completa.py
[2025-12-20T01:56:50.278+0000] {processor.py:179} INFO - Processing /opt/airflow/dags/etl_completa.py took 0.302 seconds
[2025-12-20T01:57:20.411+0000] {processor.py:157} INFO - Started process (PID=1733) to work on /opt/airflow/dags/etl_completa.py
[2025-12-20T01:57:20.412+0000] {processor.py:829} INFO - Processing file /opt/airflow/dags/etl_completa.py for tasks to queue
[2025-12-20T01:57:20.413+0000] {logging_mixin.py:151} INFO - [2025-12-20T01:57:20.412+0000] {dagbag.py:539} INFO - Filling up the DagBag from /opt/airflow/dags/etl_completa.py
[2025-12-20T01:57:20.706+0000] {processor.py:841} WARNING - No viable dags retrieved from /opt/airflow/dags/etl_completa.py
[2025-12-20T01:57:20.721+0000] {processor.py:179} INFO - Processing /opt/airflow/dags/etl_completa.py took 0.313 seconds
[2025-12-20T01:57:50.862+0000] {processor.py:157} INFO - Started process (PID=1745) to work on /opt/airflow/dags/etl_completa.py
[2025-12-20T01:57:50.863+0000] {processor.py:829} INFO - Processing file /opt/airflow/dags/etl_completa.py for tasks to queue
[2025-12-20T01:57:50.864+0000] {logging_mixin.py:151} INFO - [2025-12-20T01:57:50.864+0000] {dagbag.py:539} INFO - Filling up the DagBag from /opt/airflow/dags/etl_completa.py
[2025-12-20T01:57:51.151+0000] {processor.py:841} WARNING - No viable dags retrieved from /opt/airflow/dags/etl_completa.py
[2025-12-20T01:57:51.161+0000] {processor.py:179} INFO - Processing /opt/airflow/dags/etl_completa.py took 0.301 seconds
[2025-12-20T02:10:24.835+0000] {processor.py:157} INFO - Started process (PID=175) to work on /opt/airflow/dags/etl_completa.py
[2025-12-20T02:10:24.836+0000] {processor.py:829} INFO - Processing file /opt/airflow/dags/etl_completa.py for tasks to queue
[2025-12-20T02:10:24.836+0000] {logging_mixin.py:151} INFO - [2025-12-20T02:10:24.836+0000] {dagbag.py:539} INFO - Filling up the DagBag from /opt/airflow/dags/etl_completa.py
[2025-12-20T02:10:25.763+0000] {logging_mixin.py:151} INFO - [2025-12-20T02:10:25.762+0000] {dagbag.py:347} ERROR - Failed to import: /opt/airflow/dags/etl_completa.py
Traceback (most recent call last):
  File "/home/airflow/.local/lib/python3.8/site-packages/airflow/models/dagbag.py", line 343, in parse
    loader.exec_module(new_module)
  File "<frozen importlib._bootstrap_external>", line 843, in exec_module
  File "<frozen importlib._bootstrap>", line 219, in _call_with_frames_removed
  File "/opt/airflow/dags/etl_completa.py", line 6, in <module>
    import geopandas as gpd
ModuleNotFoundError: No module named 'geopandas'
[2025-12-20T02:10:25.763+0000] {processor.py:841} WARNING - No viable dags retrieved from /opt/airflow/dags/etl_completa.py
[2025-12-20T02:10:25.777+0000] {processor.py:179} INFO - Processing /opt/airflow/dags/etl_completa.py took 0.944 seconds
[2025-12-20T02:12:03.233+0000] {processor.py:157} INFO - Started process (PID=175) to work on /opt/airflow/dags/etl_completa.py
[2025-12-20T02:12:03.234+0000] {processor.py:829} INFO - Processing file /opt/airflow/dags/etl_completa.py for tasks to queue
[2025-12-20T02:12:03.234+0000] {logging_mixin.py:151} INFO - [2025-12-20T02:12:03.234+0000] {dagbag.py:539} INFO - Filling up the DagBag from /opt/airflow/dags/etl_completa.py
[2025-12-20T02:12:04.126+0000] {logging_mixin.py:151} INFO - [2025-12-20T02:12:04.125+0000] {dagbag.py:347} ERROR - Failed to import: /opt/airflow/dags/etl_completa.py
Traceback (most recent call last):
  File "/home/airflow/.local/lib/python3.8/site-packages/airflow/models/dagbag.py", line 343, in parse
    loader.exec_module(new_module)
  File "<frozen importlib._bootstrap_external>", line 843, in exec_module
  File "<frozen importlib._bootstrap>", line 219, in _call_with_frames_removed
  File "/opt/airflow/dags/etl_completa.py", line 6, in <module>
    import geopandas as gpd
ModuleNotFoundError: No module named 'geopandas'
[2025-12-20T02:12:04.126+0000] {processor.py:841} WARNING - No viable dags retrieved from /opt/airflow/dags/etl_completa.py
[2025-12-20T02:12:04.138+0000] {processor.py:179} INFO - Processing /opt/airflow/dags/etl_completa.py took 0.907 seconds
[2025-12-20T02:12:34.284+0000] {processor.py:157} INFO - Started process (PID=187) to work on /opt/airflow/dags/etl_completa.py
[2025-12-20T02:12:34.286+0000] {processor.py:829} INFO - Processing file /opt/airflow/dags/etl_completa.py for tasks to queue
[2025-12-20T02:12:34.286+0000] {logging_mixin.py:151} INFO - [2025-12-20T02:12:34.286+0000] {dagbag.py:539} INFO - Filling up the DagBag from /opt/airflow/dags/etl_completa.py
[2025-12-20T02:12:34.689+0000] {logging_mixin.py:151} INFO - [2025-12-20T02:12:34.688+0000] {dagbag.py:347} ERROR - Failed to import: /opt/airflow/dags/etl_completa.py
Traceback (most recent call last):
  File "/home/airflow/.local/lib/python3.8/site-packages/airflow/models/dagbag.py", line 343, in parse
    loader.exec_module(new_module)
  File "<frozen importlib._bootstrap_external>", line 843, in exec_module
  File "<frozen importlib._bootstrap>", line 219, in _call_with_frames_removed
  File "/opt/airflow/dags/etl_completa.py", line 6, in <module>
    import geopandas as gpd
ModuleNotFoundError: No module named 'geopandas'
[2025-12-20T02:12:34.689+0000] {processor.py:841} WARNING - No viable dags retrieved from /opt/airflow/dags/etl_completa.py
[2025-12-20T02:12:34.705+0000] {processor.py:179} INFO - Processing /opt/airflow/dags/etl_completa.py took 0.423 seconds
[2025-12-20T02:13:04.873+0000] {processor.py:157} INFO - Started process (PID=199) to work on /opt/airflow/dags/etl_completa.py
[2025-12-20T02:13:04.874+0000] {processor.py:829} INFO - Processing file /opt/airflow/dags/etl_completa.py for tasks to queue
[2025-12-20T02:13:04.875+0000] {logging_mixin.py:151} INFO - [2025-12-20T02:13:04.874+0000] {dagbag.py:539} INFO - Filling up the DagBag from /opt/airflow/dags/etl_completa.py
[2025-12-20T02:13:05.286+0000] {logging_mixin.py:151} INFO - [2025-12-20T02:13:05.285+0000] {dagbag.py:347} ERROR - Failed to import: /opt/airflow/dags/etl_completa.py
Traceback (most recent call last):
  File "/home/airflow/.local/lib/python3.8/site-packages/airflow/models/dagbag.py", line 343, in parse
    loader.exec_module(new_module)
  File "<frozen importlib._bootstrap_external>", line 843, in exec_module
  File "<frozen importlib._bootstrap>", line 219, in _call_with_frames_removed
  File "/opt/airflow/dags/etl_completa.py", line 6, in <module>
    import geopandas as gpd
ModuleNotFoundError: No module named 'geopandas'
[2025-12-20T02:13:05.286+0000] {processor.py:841} WARNING - No viable dags retrieved from /opt/airflow/dags/etl_completa.py
[2025-12-20T02:13:05.301+0000] {processor.py:179} INFO - Processing /opt/airflow/dags/etl_completa.py took 0.431 seconds
[2025-12-20T02:13:35.453+0000] {processor.py:157} INFO - Started process (PID=211) to work on /opt/airflow/dags/etl_completa.py
[2025-12-20T02:13:35.454+0000] {processor.py:829} INFO - Processing file /opt/airflow/dags/etl_completa.py for tasks to queue
[2025-12-20T02:13:35.455+0000] {logging_mixin.py:151} INFO - [2025-12-20T02:13:35.455+0000] {dagbag.py:539} INFO - Filling up the DagBag from /opt/airflow/dags/etl_completa.py
[2025-12-20T02:13:35.862+0000] {logging_mixin.py:151} INFO - [2025-12-20T02:13:35.861+0000] {dagbag.py:347} ERROR - Failed to import: /opt/airflow/dags/etl_completa.py
Traceback (most recent call last):
  File "/home/airflow/.local/lib/python3.8/site-packages/airflow/models/dagbag.py", line 343, in parse
    loader.exec_module(new_module)
  File "<frozen importlib._bootstrap_external>", line 843, in exec_module
  File "<frozen importlib._bootstrap>", line 219, in _call_with_frames_removed
  File "/opt/airflow/dags/etl_completa.py", line 6, in <module>
    import geopandas as gpd
ModuleNotFoundError: No module named 'geopandas'
[2025-12-20T02:13:35.862+0000] {processor.py:841} WARNING - No viable dags retrieved from /opt/airflow/dags/etl_completa.py
[2025-12-20T02:13:35.876+0000] {processor.py:179} INFO - Processing /opt/airflow/dags/etl_completa.py took 0.426 seconds
[2025-12-20T02:14:06.032+0000] {processor.py:157} INFO - Started process (PID=223) to work on /opt/airflow/dags/etl_completa.py
[2025-12-20T02:14:06.033+0000] {processor.py:829} INFO - Processing file /opt/airflow/dags/etl_completa.py for tasks to queue
[2025-12-20T02:14:06.034+0000] {logging_mixin.py:151} INFO - [2025-12-20T02:14:06.034+0000] {dagbag.py:539} INFO - Filling up the DagBag from /opt/airflow/dags/etl_completa.py
[2025-12-20T02:14:06.434+0000] {logging_mixin.py:151} INFO - [2025-12-20T02:14:06.433+0000] {dagbag.py:347} ERROR - Failed to import: /opt/airflow/dags/etl_completa.py
Traceback (most recent call last):
  File "/home/airflow/.local/lib/python3.8/site-packages/airflow/models/dagbag.py", line 343, in parse
    loader.exec_module(new_module)
  File "<frozen importlib._bootstrap_external>", line 843, in exec_module
  File "<frozen importlib._bootstrap>", line 219, in _call_with_frames_removed
  File "/opt/airflow/dags/etl_completa.py", line 6, in <module>
    import geopandas as gpd
ModuleNotFoundError: No module named 'geopandas'
[2025-12-20T02:14:06.435+0000] {processor.py:841} WARNING - No viable dags retrieved from /opt/airflow/dags/etl_completa.py
[2025-12-20T02:14:06.446+0000] {processor.py:179} INFO - Processing /opt/airflow/dags/etl_completa.py took 0.417 seconds
[2025-12-20T02:14:36.584+0000] {processor.py:157} INFO - Started process (PID=235) to work on /opt/airflow/dags/etl_completa.py
[2025-12-20T02:14:36.585+0000] {processor.py:829} INFO - Processing file /opt/airflow/dags/etl_completa.py for tasks to queue
[2025-12-20T02:14:36.586+0000] {logging_mixin.py:151} INFO - [2025-12-20T02:14:36.586+0000] {dagbag.py:539} INFO - Filling up the DagBag from /opt/airflow/dags/etl_completa.py
[2025-12-20T02:14:36.984+0000] {logging_mixin.py:151} INFO - [2025-12-20T02:14:36.983+0000] {dagbag.py:347} ERROR - Failed to import: /opt/airflow/dags/etl_completa.py
Traceback (most recent call last):
  File "/home/airflow/.local/lib/python3.8/site-packages/airflow/models/dagbag.py", line 343, in parse
    loader.exec_module(new_module)
  File "<frozen importlib._bootstrap_external>", line 843, in exec_module
  File "<frozen importlib._bootstrap>", line 219, in _call_with_frames_removed
  File "/opt/airflow/dags/etl_completa.py", line 6, in <module>
    import geopandas as gpd
ModuleNotFoundError: No module named 'geopandas'
[2025-12-20T02:14:36.985+0000] {processor.py:841} WARNING - No viable dags retrieved from /opt/airflow/dags/etl_completa.py
[2025-12-20T02:14:36.996+0000] {processor.py:179} INFO - Processing /opt/airflow/dags/etl_completa.py took 0.416 seconds
[2025-12-20T02:15:07.269+0000] {processor.py:157} INFO - Started process (PID=247) to work on /opt/airflow/dags/etl_completa.py
[2025-12-20T02:15:07.270+0000] {processor.py:829} INFO - Processing file /opt/airflow/dags/etl_completa.py for tasks to queue
[2025-12-20T02:15:07.270+0000] {logging_mixin.py:151} INFO - [2025-12-20T02:15:07.270+0000] {dagbag.py:539} INFO - Filling up the DagBag from /opt/airflow/dags/etl_completa.py
[2025-12-20T02:15:07.565+0000] {logging_mixin.py:151} INFO - [2025-12-20T02:15:07.563+0000] {dagbag.py:347} ERROR - Failed to import: /opt/airflow/dags/etl_completa.py
Traceback (most recent call last):
  File "/home/airflow/.local/lib/python3.8/site-packages/airflow/models/dagbag.py", line 343, in parse
    loader.exec_module(new_module)
  File "<frozen importlib._bootstrap_external>", line 843, in exec_module
  File "<frozen importlib._bootstrap>", line 219, in _call_with_frames_removed
  File "/opt/airflow/dags/etl_completa.py", line 6, in <module>
    import geopandas as gpd
ModuleNotFoundError: No module named 'geopandas'
[2025-12-20T02:15:07.566+0000] {processor.py:841} WARNING - No viable dags retrieved from /opt/airflow/dags/etl_completa.py
[2025-12-20T02:15:07.583+0000] {processor.py:179} INFO - Processing /opt/airflow/dags/etl_completa.py took 0.318 seconds
[2025-12-20T02:15:37.743+0000] {processor.py:157} INFO - Started process (PID=259) to work on /opt/airflow/dags/etl_completa.py
[2025-12-20T02:15:37.744+0000] {processor.py:829} INFO - Processing file /opt/airflow/dags/etl_completa.py for tasks to queue
[2025-12-20T02:15:37.745+0000] {logging_mixin.py:151} INFO - [2025-12-20T02:15:37.744+0000] {dagbag.py:539} INFO - Filling up the DagBag from /opt/airflow/dags/etl_completa.py
[2025-12-20T02:15:38.035+0000] {logging_mixin.py:151} INFO - [2025-12-20T02:15:38.033+0000] {dagbag.py:347} ERROR - Failed to import: /opt/airflow/dags/etl_completa.py
Traceback (most recent call last):
  File "/home/airflow/.local/lib/python3.8/site-packages/airflow/models/dagbag.py", line 343, in parse
    loader.exec_module(new_module)
  File "<frozen importlib._bootstrap_external>", line 843, in exec_module
  File "<frozen importlib._bootstrap>", line 219, in _call_with_frames_removed
  File "/opt/airflow/dags/etl_completa.py", line 6, in <module>
    import geopandas as gpd
ModuleNotFoundError: No module named 'geopandas'
[2025-12-20T02:15:38.035+0000] {processor.py:841} WARNING - No viable dags retrieved from /opt/airflow/dags/etl_completa.py
[2025-12-20T02:15:38.054+0000] {processor.py:179} INFO - Processing /opt/airflow/dags/etl_completa.py took 0.315 seconds
[2025-12-20T02:16:08.192+0000] {processor.py:157} INFO - Started process (PID=271) to work on /opt/airflow/dags/etl_completa.py
[2025-12-20T02:16:08.192+0000] {processor.py:829} INFO - Processing file /opt/airflow/dags/etl_completa.py for tasks to queue
[2025-12-20T02:16:08.193+0000] {logging_mixin.py:151} INFO - [2025-12-20T02:16:08.193+0000] {dagbag.py:539} INFO - Filling up the DagBag from /opt/airflow/dags/etl_completa.py
[2025-12-20T02:16:08.418+0000] {logging_mixin.py:151} INFO - [2025-12-20T02:16:08.416+0000] {dagbag.py:347} ERROR - Failed to import: /opt/airflow/dags/etl_completa.py
Traceback (most recent call last):
  File "/home/airflow/.local/lib/python3.8/site-packages/airflow/models/dagbag.py", line 343, in parse
    loader.exec_module(new_module)
  File "<frozen importlib._bootstrap_external>", line 843, in exec_module
  File "<frozen importlib._bootstrap>", line 219, in _call_with_frames_removed
  File "/opt/airflow/dags/etl_completa.py", line 6, in <module>
    import geopandas as gpd
ModuleNotFoundError: No module named 'geopandas'
[2025-12-20T02:16:08.418+0000] {processor.py:841} WARNING - No viable dags retrieved from /opt/airflow/dags/etl_completa.py
[2025-12-20T02:16:08.434+0000] {processor.py:179} INFO - Processing /opt/airflow/dags/etl_completa.py took 0.246 seconds
[2025-12-20T02:16:38.560+0000] {processor.py:157} INFO - Started process (PID=347) to work on /opt/airflow/dags/etl_completa.py
[2025-12-20T02:16:38.562+0000] {processor.py:829} INFO - Processing file /opt/airflow/dags/etl_completa.py for tasks to queue
[2025-12-20T02:16:38.563+0000] {logging_mixin.py:151} INFO - [2025-12-20T02:16:38.562+0000] {dagbag.py:539} INFO - Filling up the DagBag from /opt/airflow/dags/etl_completa.py
[2025-12-20T02:16:38.803+0000] {logging_mixin.py:151} INFO - [2025-12-20T02:16:38.802+0000] {dagbag.py:347} ERROR - Failed to import: /opt/airflow/dags/etl_completa.py
Traceback (most recent call last):
  File "/home/airflow/.local/lib/python3.8/site-packages/airflow/models/dagbag.py", line 343, in parse
    loader.exec_module(new_module)
  File "<frozen importlib._bootstrap_external>", line 843, in exec_module
  File "<frozen importlib._bootstrap>", line 219, in _call_with_frames_removed
  File "/opt/airflow/dags/etl_completa.py", line 6, in <module>
    import geopandas as gpd
ModuleNotFoundError: No module named 'geopandas'
[2025-12-20T02:16:38.804+0000] {processor.py:841} WARNING - No viable dags retrieved from /opt/airflow/dags/etl_completa.py
[2025-12-20T02:16:38.819+0000] {processor.py:179} INFO - Processing /opt/airflow/dags/etl_completa.py took 0.262 seconds
[2025-12-20T02:17:34.631+0000] {processor.py:157} INFO - Started process (PID=175) to work on /opt/airflow/dags/etl_completa.py
[2025-12-20T02:17:34.631+0000] {processor.py:829} INFO - Processing file /opt/airflow/dags/etl_completa.py for tasks to queue
[2025-12-20T02:17:34.632+0000] {logging_mixin.py:151} INFO - [2025-12-20T02:17:34.632+0000] {dagbag.py:539} INFO - Filling up the DagBag from /opt/airflow/dags/etl_completa.py
[2025-12-20T02:17:35.539+0000] {logging_mixin.py:151} INFO - [2025-12-20T02:17:35.538+0000] {dagbag.py:347} ERROR - Failed to import: /opt/airflow/dags/etl_completa.py
Traceback (most recent call last):
  File "/home/airflow/.local/lib/python3.8/site-packages/airflow/models/dagbag.py", line 343, in parse
    loader.exec_module(new_module)
  File "<frozen importlib._bootstrap_external>", line 843, in exec_module
  File "<frozen importlib._bootstrap>", line 219, in _call_with_frames_removed
  File "/opt/airflow/dags/etl_completa.py", line 6, in <module>
    import geopandas as gpd
ModuleNotFoundError: No module named 'geopandas'
[2025-12-20T02:17:35.539+0000] {processor.py:841} WARNING - No viable dags retrieved from /opt/airflow/dags/etl_completa.py
[2025-12-20T02:17:35.551+0000] {processor.py:179} INFO - Processing /opt/airflow/dags/etl_completa.py took 0.922 seconds
[2025-12-20T02:18:05.697+0000] {processor.py:157} INFO - Started process (PID=187) to work on /opt/airflow/dags/etl_completa.py
[2025-12-20T02:18:05.697+0000] {processor.py:829} INFO - Processing file /opt/airflow/dags/etl_completa.py for tasks to queue
[2025-12-20T02:18:05.698+0000] {logging_mixin.py:151} INFO - [2025-12-20T02:18:05.698+0000] {dagbag.py:539} INFO - Filling up the DagBag from /opt/airflow/dags/etl_completa.py
[2025-12-20T02:18:06.115+0000] {logging_mixin.py:151} INFO - [2025-12-20T02:18:06.113+0000] {dagbag.py:347} ERROR - Failed to import: /opt/airflow/dags/etl_completa.py
Traceback (most recent call last):
  File "/home/airflow/.local/lib/python3.8/site-packages/airflow/models/dagbag.py", line 343, in parse
    loader.exec_module(new_module)
  File "<frozen importlib._bootstrap_external>", line 843, in exec_module
  File "<frozen importlib._bootstrap>", line 219, in _call_with_frames_removed
  File "/opt/airflow/dags/etl_completa.py", line 6, in <module>
    import geopandas as gpd
ModuleNotFoundError: No module named 'geopandas'
[2025-12-20T02:18:06.115+0000] {processor.py:841} WARNING - No viable dags retrieved from /opt/airflow/dags/etl_completa.py
[2025-12-20T02:18:06.131+0000] {processor.py:179} INFO - Processing /opt/airflow/dags/etl_completa.py took 0.438 seconds
[2025-12-20T02:18:36.285+0000] {processor.py:157} INFO - Started process (PID=199) to work on /opt/airflow/dags/etl_completa.py
[2025-12-20T02:18:36.286+0000] {processor.py:829} INFO - Processing file /opt/airflow/dags/etl_completa.py for tasks to queue
[2025-12-20T02:18:36.287+0000] {logging_mixin.py:151} INFO - [2025-12-20T02:18:36.287+0000] {dagbag.py:539} INFO - Filling up the DagBag from /opt/airflow/dags/etl_completa.py
[2025-12-20T02:18:36.651+0000] {logging_mixin.py:151} INFO - [2025-12-20T02:18:36.650+0000] {dagbag.py:347} ERROR - Failed to import: /opt/airflow/dags/etl_completa.py
Traceback (most recent call last):
  File "/home/airflow/.local/lib/python3.8/site-packages/airflow/models/dagbag.py", line 343, in parse
    loader.exec_module(new_module)
  File "<frozen importlib._bootstrap_external>", line 843, in exec_module
  File "<frozen importlib._bootstrap>", line 219, in _call_with_frames_removed
  File "/opt/airflow/dags/etl_completa.py", line 6, in <module>
    import geopandas as gpd
ModuleNotFoundError: No module named 'geopandas'
[2025-12-20T02:18:36.651+0000] {processor.py:841} WARNING - No viable dags retrieved from /opt/airflow/dags/etl_completa.py
[2025-12-20T02:18:36.666+0000] {processor.py:179} INFO - Processing /opt/airflow/dags/etl_completa.py took 0.383 seconds
[2025-12-20T02:19:06.796+0000] {processor.py:157} INFO - Started process (PID=217) to work on /opt/airflow/dags/etl_completa.py
[2025-12-20T02:19:06.797+0000] {processor.py:829} INFO - Processing file /opt/airflow/dags/etl_completa.py for tasks to queue
[2025-12-20T02:19:06.797+0000] {logging_mixin.py:151} INFO - [2025-12-20T02:19:06.797+0000] {dagbag.py:539} INFO - Filling up the DagBag from /opt/airflow/dags/etl_completa.py
[2025-12-20T02:24:11.352+0000] {processor.py:157} INFO - Started process (PID=175) to work on /opt/airflow/dags/etl_completa.py
[2025-12-20T02:24:11.353+0000] {processor.py:829} INFO - Processing file /opt/airflow/dags/etl_completa.py for tasks to queue
[2025-12-20T02:24:11.353+0000] {logging_mixin.py:151} INFO - [2025-12-20T02:24:11.353+0000] {dagbag.py:539} INFO - Filling up the DagBag from /opt/airflow/dags/etl_completa.py
[2025-12-20T02:24:12.331+0000] {processor.py:839} INFO - DAG(s) dict_keys(['processo_etl_completo_geopandas']) retrieved from /opt/airflow/dags/etl_completa.py
[2025-12-20T02:24:12.347+0000] {logging_mixin.py:151} INFO - [2025-12-20T02:24:12.346+0000] {dag.py:2915} INFO - Sync 1 DAGs
[2025-12-20T02:24:12.354+0000] {logging_mixin.py:151} INFO - [2025-12-20T02:24:12.354+0000] {dag.py:3696} INFO - Setting next_dagrun for processo_etl_completo_geopandas to None, run_after=None
[2025-12-20T02:24:12.369+0000] {processor.py:179} INFO - Processing /opt/airflow/dags/etl_completa.py took 1.019 seconds
[2025-12-20T02:24:42.498+0000] {processor.py:157} INFO - Started process (PID=187) to work on /opt/airflow/dags/etl_completa.py
[2025-12-20T02:24:42.499+0000] {processor.py:829} INFO - Processing file /opt/airflow/dags/etl_completa.py for tasks to queue
[2025-12-20T02:24:42.499+0000] {logging_mixin.py:151} INFO - [2025-12-20T02:24:42.499+0000] {dagbag.py:539} INFO - Filling up the DagBag from /opt/airflow/dags/etl_completa.py
[2025-12-20T02:24:42.978+0000] {processor.py:839} INFO - DAG(s) dict_keys(['processo_etl_completo_geopandas']) retrieved from /opt/airflow/dags/etl_completa.py
[2025-12-20T02:24:42.994+0000] {logging_mixin.py:151} INFO - [2025-12-20T02:24:42.993+0000] {dag.py:2915} INFO - Sync 1 DAGs
[2025-12-20T02:24:43.001+0000] {logging_mixin.py:151} INFO - [2025-12-20T02:24:43.001+0000] {dag.py:3696} INFO - Setting next_dagrun for processo_etl_completo_geopandas to None, run_after=None
[2025-12-20T02:24:43.013+0000] {processor.py:179} INFO - Processing /opt/airflow/dags/etl_completa.py took 0.517 seconds
[2025-12-20T02:25:13.120+0000] {processor.py:157} INFO - Started process (PID=202) to work on /opt/airflow/dags/etl_completa.py
[2025-12-20T02:25:13.122+0000] {processor.py:829} INFO - Processing file /opt/airflow/dags/etl_completa.py for tasks to queue
[2025-12-20T02:25:13.122+0000] {logging_mixin.py:151} INFO - [2025-12-20T02:25:13.122+0000] {dagbag.py:539} INFO - Filling up the DagBag from /opt/airflow/dags/etl_completa.py
[2025-12-20T02:25:13.611+0000] {processor.py:839} INFO - DAG(s) dict_keys(['processo_etl_completo_geopandas']) retrieved from /opt/airflow/dags/etl_completa.py
[2025-12-20T02:25:13.627+0000] {logging_mixin.py:151} INFO - [2025-12-20T02:25:13.626+0000] {dag.py:2915} INFO - Sync 1 DAGs
[2025-12-20T02:25:13.635+0000] {logging_mixin.py:151} INFO - [2025-12-20T02:25:13.635+0000] {dag.py:3696} INFO - Setting next_dagrun for processo_etl_completo_geopandas to None, run_after=None
[2025-12-20T02:25:13.647+0000] {processor.py:179} INFO - Processing /opt/airflow/dags/etl_completa.py took 0.530 seconds
[2025-12-20T02:25:43.744+0000] {processor.py:157} INFO - Started process (PID=214) to work on /opt/airflow/dags/etl_completa.py
[2025-12-20T02:25:43.745+0000] {processor.py:829} INFO - Processing file /opt/airflow/dags/etl_completa.py for tasks to queue
[2025-12-20T02:25:43.746+0000] {logging_mixin.py:151} INFO - [2025-12-20T02:25:43.745+0000] {dagbag.py:539} INFO - Filling up the DagBag from /opt/airflow/dags/etl_completa.py
[2025-12-20T02:25:44.134+0000] {processor.py:839} INFO - DAG(s) dict_keys(['processo_etl_completo_geopandas']) retrieved from /opt/airflow/dags/etl_completa.py
[2025-12-20T02:25:44.149+0000] {logging_mixin.py:151} INFO - [2025-12-20T02:25:44.149+0000] {dag.py:2915} INFO - Sync 1 DAGs
[2025-12-20T02:25:44.157+0000] {logging_mixin.py:151} INFO - [2025-12-20T02:25:44.157+0000] {dag.py:3696} INFO - Setting next_dagrun for processo_etl_completo_geopandas to None, run_after=None
[2025-12-20T02:25:44.168+0000] {processor.py:179} INFO - Processing /opt/airflow/dags/etl_completa.py took 0.427 seconds
[2025-12-20T02:26:14.274+0000] {processor.py:157} INFO - Started process (PID=226) to work on /opt/airflow/dags/etl_completa.py
[2025-12-20T02:26:14.275+0000] {processor.py:829} INFO - Processing file /opt/airflow/dags/etl_completa.py for tasks to queue
[2025-12-20T02:26:14.275+0000] {logging_mixin.py:151} INFO - [2025-12-20T02:26:14.275+0000] {dagbag.py:539} INFO - Filling up the DagBag from /opt/airflow/dags/etl_completa.py
[2025-12-20T02:26:14.676+0000] {processor.py:839} INFO - DAG(s) dict_keys(['processo_etl_completo_geopandas']) retrieved from /opt/airflow/dags/etl_completa.py
[2025-12-20T02:26:14.691+0000] {logging_mixin.py:151} INFO - [2025-12-20T02:26:14.691+0000] {dag.py:2915} INFO - Sync 1 DAGs
[2025-12-20T02:26:14.698+0000] {logging_mixin.py:151} INFO - [2025-12-20T02:26:14.697+0000] {dag.py:3696} INFO - Setting next_dagrun for processo_etl_completo_geopandas to None, run_after=None
[2025-12-20T02:26:14.710+0000] {processor.py:179} INFO - Processing /opt/airflow/dags/etl_completa.py took 0.438 seconds
[2025-12-20T02:26:26.744+0000] {processor.py:157} INFO - Started process (PID=238) to work on /opt/airflow/dags/etl_completa.py
[2025-12-20T02:26:26.745+0000] {processor.py:829} INFO - Processing file /opt/airflow/dags/etl_completa.py for tasks to queue
[2025-12-20T02:26:26.746+0000] {logging_mixin.py:151} INFO - [2025-12-20T02:26:26.745+0000] {dagbag.py:539} INFO - Filling up the DagBag from /opt/airflow/dags/etl_completa.py
[2025-12-20T02:26:27.146+0000] {processor.py:839} INFO - DAG(s) dict_keys(['processo_etl_completo_geopandas']) retrieved from /opt/airflow/dags/etl_completa.py
[2025-12-20T02:26:27.163+0000] {logging_mixin.py:151} INFO - [2025-12-20T02:26:27.163+0000] {dag.py:2915} INFO - Sync 1 DAGs
[2025-12-20T02:26:27.171+0000] {logging_mixin.py:151} INFO - [2025-12-20T02:26:27.171+0000] {dag.py:3696} INFO - Setting next_dagrun for processo_etl_completo_geopandas to None, run_after=None
[2025-12-20T02:26:27.186+0000] {processor.py:179} INFO - Processing /opt/airflow/dags/etl_completa.py took 0.446 seconds
[2025-12-20T02:26:50.441+0000] {processor.py:157} INFO - Started process (PID=175) to work on /opt/airflow/dags/etl_completa.py
[2025-12-20T02:26:50.442+0000] {processor.py:829} INFO - Processing file /opt/airflow/dags/etl_completa.py for tasks to queue
[2025-12-20T02:26:50.443+0000] {logging_mixin.py:151} INFO - [2025-12-20T02:26:50.442+0000] {dagbag.py:539} INFO - Filling up the DagBag from /opt/airflow/dags/etl_completa.py
[2025-12-20T02:26:51.421+0000] {processor.py:839} INFO - DAG(s) dict_keys(['processo_etl_completo_geopandas']) retrieved from /opt/airflow/dags/etl_completa.py
[2025-12-20T02:26:51.437+0000] {logging_mixin.py:151} INFO - [2025-12-20T02:26:51.436+0000] {dag.py:2915} INFO - Sync 1 DAGs
[2025-12-20T02:26:51.444+0000] {logging_mixin.py:151} INFO - [2025-12-20T02:26:51.444+0000] {dag.py:3696} INFO - Setting next_dagrun for processo_etl_completo_geopandas to None, run_after=None
[2025-12-20T02:26:51.457+0000] {processor.py:179} INFO - Processing /opt/airflow/dags/etl_completa.py took 1.018 seconds
[2025-12-20T02:27:21.589+0000] {processor.py:157} INFO - Started process (PID=190) to work on /opt/airflow/dags/etl_completa.py
[2025-12-20T02:27:21.590+0000] {processor.py:829} INFO - Processing file /opt/airflow/dags/etl_completa.py for tasks to queue
[2025-12-20T02:27:21.590+0000] {logging_mixin.py:151} INFO - [2025-12-20T02:27:21.590+0000] {dagbag.py:539} INFO - Filling up the DagBag from /opt/airflow/dags/etl_completa.py
[2025-12-20T02:27:22.006+0000] {processor.py:839} INFO - DAG(s) dict_keys(['processo_etl_completo_geopandas']) retrieved from /opt/airflow/dags/etl_completa.py
[2025-12-20T02:27:22.022+0000] {logging_mixin.py:151} INFO - [2025-12-20T02:27:22.022+0000] {dag.py:2915} INFO - Sync 1 DAGs
[2025-12-20T02:27:22.030+0000] {logging_mixin.py:151} INFO - [2025-12-20T02:27:22.029+0000] {dag.py:3696} INFO - Setting next_dagrun for processo_etl_completo_geopandas to None, run_after=None
[2025-12-20T02:27:22.042+0000] {processor.py:179} INFO - Processing /opt/airflow/dags/etl_completa.py took 0.456 seconds
[2025-12-20T02:27:52.152+0000] {processor.py:157} INFO - Started process (PID=202) to work on /opt/airflow/dags/etl_completa.py
[2025-12-20T02:27:52.152+0000] {processor.py:829} INFO - Processing file /opt/airflow/dags/etl_completa.py for tasks to queue
[2025-12-20T02:27:52.153+0000] {logging_mixin.py:151} INFO - [2025-12-20T02:27:52.152+0000] {dagbag.py:539} INFO - Filling up the DagBag from /opt/airflow/dags/etl_completa.py
[2025-12-20T02:27:52.533+0000] {processor.py:839} INFO - DAG(s) dict_keys(['processo_etl_completo_geopandas']) retrieved from /opt/airflow/dags/etl_completa.py
[2025-12-20T02:27:52.550+0000] {logging_mixin.py:151} INFO - [2025-12-20T02:27:52.550+0000] {dag.py:2915} INFO - Sync 1 DAGs
[2025-12-20T02:27:52.558+0000] {logging_mixin.py:151} INFO - [2025-12-20T02:27:52.557+0000] {dag.py:3696} INFO - Setting next_dagrun for processo_etl_completo_geopandas to None, run_after=None
[2025-12-20T02:27:52.570+0000] {processor.py:179} INFO - Processing /opt/airflow/dags/etl_completa.py took 0.420 seconds
[2025-12-20T02:28:43.687+0000] {processor.py:157} INFO - Started process (PID=175) to work on /opt/airflow/dags/etl_completa.py
[2025-12-20T02:28:43.688+0000] {processor.py:829} INFO - Processing file /opt/airflow/dags/etl_completa.py for tasks to queue
[2025-12-20T02:28:43.689+0000] {logging_mixin.py:151} INFO - [2025-12-20T02:28:43.688+0000] {dagbag.py:539} INFO - Filling up the DagBag from /opt/airflow/dags/etl_completa.py
[2025-12-20T02:28:44.692+0000] {processor.py:839} INFO - DAG(s) dict_keys(['processo_etl_completo_geopandas']) retrieved from /opt/airflow/dags/etl_completa.py
[2025-12-20T02:28:44.708+0000] {logging_mixin.py:151} INFO - [2025-12-20T02:28:44.707+0000] {dag.py:2915} INFO - Sync 1 DAGs
[2025-12-20T02:28:44.715+0000] {logging_mixin.py:151} INFO - [2025-12-20T02:28:44.715+0000] {dag.py:3696} INFO - Setting next_dagrun for processo_etl_completo_geopandas to None, run_after=None
[2025-12-20T02:28:44.728+0000] {processor.py:179} INFO - Processing /opt/airflow/dags/etl_completa.py took 1.043 seconds
[2025-12-20T02:29:14.837+0000] {processor.py:157} INFO - Started process (PID=190) to work on /opt/airflow/dags/etl_completa.py
[2025-12-20T02:29:14.837+0000] {processor.py:829} INFO - Processing file /opt/airflow/dags/etl_completa.py for tasks to queue
[2025-12-20T02:29:14.838+0000] {logging_mixin.py:151} INFO - [2025-12-20T02:29:14.838+0000] {dagbag.py:539} INFO - Filling up the DagBag from /opt/airflow/dags/etl_completa.py
[2025-12-20T02:29:15.237+0000] {processor.py:839} INFO - DAG(s) dict_keys(['processo_etl_completo_geopandas']) retrieved from /opt/airflow/dags/etl_completa.py
[2025-12-20T02:29:15.253+0000] {logging_mixin.py:151} INFO - [2025-12-20T02:29:15.252+0000] {dag.py:2915} INFO - Sync 1 DAGs
[2025-12-20T02:29:15.260+0000] {logging_mixin.py:151} INFO - [2025-12-20T02:29:15.260+0000] {dag.py:3696} INFO - Setting next_dagrun for processo_etl_completo_geopandas to None, run_after=None
[2025-12-20T02:29:15.272+0000] {processor.py:179} INFO - Processing /opt/airflow/dags/etl_completa.py took 0.439 seconds
[2025-12-20T02:29:45.373+0000] {processor.py:157} INFO - Started process (PID=202) to work on /opt/airflow/dags/etl_completa.py
[2025-12-20T02:29:45.374+0000] {processor.py:829} INFO - Processing file /opt/airflow/dags/etl_completa.py for tasks to queue
[2025-12-20T02:29:45.375+0000] {logging_mixin.py:151} INFO - [2025-12-20T02:29:45.374+0000] {dagbag.py:539} INFO - Filling up the DagBag from /opt/airflow/dags/etl_completa.py
[2025-12-20T02:29:45.837+0000] {processor.py:839} INFO - DAG(s) dict_keys(['processo_etl_completo_geopandas']) retrieved from /opt/airflow/dags/etl_completa.py
[2025-12-20T02:29:45.857+0000] {logging_mixin.py:151} INFO - [2025-12-20T02:29:45.857+0000] {dag.py:2915} INFO - Sync 1 DAGs
[2025-12-20T02:29:45.867+0000] {logging_mixin.py:151} INFO - [2025-12-20T02:29:45.867+0000] {dag.py:3696} INFO - Setting next_dagrun for processo_etl_completo_geopandas to None, run_after=None
[2025-12-20T02:29:45.882+0000] {processor.py:179} INFO - Processing /opt/airflow/dags/etl_completa.py took 0.512 seconds
[2025-12-20T02:30:15.986+0000] {processor.py:157} INFO - Started process (PID=214) to work on /opt/airflow/dags/etl_completa.py
[2025-12-20T02:30:15.988+0000] {processor.py:829} INFO - Processing file /opt/airflow/dags/etl_completa.py for tasks to queue
[2025-12-20T02:30:15.988+0000] {logging_mixin.py:151} INFO - [2025-12-20T02:30:15.988+0000] {dagbag.py:539} INFO - Filling up the DagBag from /opt/airflow/dags/etl_completa.py
[2025-12-20T02:30:16.454+0000] {processor.py:839} INFO - DAG(s) dict_keys(['processo_etl_completo_geopandas']) retrieved from /opt/airflow/dags/etl_completa.py
[2025-12-20T02:30:16.474+0000] {logging_mixin.py:151} INFO - [2025-12-20T02:30:16.474+0000] {dag.py:2915} INFO - Sync 1 DAGs
[2025-12-20T02:30:16.483+0000] {logging_mixin.py:151} INFO - [2025-12-20T02:30:16.483+0000] {dag.py:3696} INFO - Setting next_dagrun for processo_etl_completo_geopandas to None, run_after=None
[2025-12-20T02:30:16.497+0000] {processor.py:179} INFO - Processing /opt/airflow/dags/etl_completa.py took 0.514 seconds
[2025-12-20T02:30:46.602+0000] {processor.py:157} INFO - Started process (PID=226) to work on /opt/airflow/dags/etl_completa.py
[2025-12-20T02:30:46.603+0000] {processor.py:829} INFO - Processing file /opt/airflow/dags/etl_completa.py for tasks to queue
[2025-12-20T02:30:46.603+0000] {logging_mixin.py:151} INFO - [2025-12-20T02:30:46.603+0000] {dagbag.py:539} INFO - Filling up the DagBag from /opt/airflow/dags/etl_completa.py
[2025-12-20T02:30:47.071+0000] {processor.py:839} INFO - DAG(s) dict_keys(['processo_etl_completo_geopandas']) retrieved from /opt/airflow/dags/etl_completa.py
[2025-12-20T02:30:47.091+0000] {logging_mixin.py:151} INFO - [2025-12-20T02:30:47.091+0000] {dag.py:2915} INFO - Sync 1 DAGs
[2025-12-20T02:30:47.101+0000] {logging_mixin.py:151} INFO - [2025-12-20T02:30:47.101+0000] {dag.py:3696} INFO - Setting next_dagrun for processo_etl_completo_geopandas to None, run_after=None
[2025-12-20T02:30:47.117+0000] {processor.py:179} INFO - Processing /opt/airflow/dags/etl_completa.py took 0.518 seconds
[2025-12-20T02:31:17.216+0000] {processor.py:157} INFO - Started process (PID=238) to work on /opt/airflow/dags/etl_completa.py
[2025-12-20T02:31:17.217+0000] {processor.py:829} INFO - Processing file /opt/airflow/dags/etl_completa.py for tasks to queue
[2025-12-20T02:31:17.218+0000] {logging_mixin.py:151} INFO - [2025-12-20T02:31:17.217+0000] {dagbag.py:539} INFO - Filling up the DagBag from /opt/airflow/dags/etl_completa.py
[2025-12-20T02:31:17.704+0000] {processor.py:839} INFO - DAG(s) dict_keys(['processo_etl_completo_geopandas']) retrieved from /opt/airflow/dags/etl_completa.py
[2025-12-20T02:31:17.723+0000] {logging_mixin.py:151} INFO - [2025-12-20T02:31:17.723+0000] {dag.py:2915} INFO - Sync 1 DAGs
[2025-12-20T02:31:17.733+0000] {logging_mixin.py:151} INFO - [2025-12-20T02:31:17.733+0000] {dag.py:3696} INFO - Setting next_dagrun for processo_etl_completo_geopandas to None, run_after=None
[2025-12-20T02:31:17.748+0000] {processor.py:179} INFO - Processing /opt/airflow/dags/etl_completa.py took 0.535 seconds
[2025-12-20T02:31:47.971+0000] {processor.py:157} INFO - Started process (PID=250) to work on /opt/airflow/dags/etl_completa.py
[2025-12-20T02:31:47.972+0000] {processor.py:829} INFO - Processing file /opt/airflow/dags/etl_completa.py for tasks to queue
[2025-12-20T02:31:47.972+0000] {logging_mixin.py:151} INFO - [2025-12-20T02:31:47.972+0000] {dagbag.py:539} INFO - Filling up the DagBag from /opt/airflow/dags/etl_completa.py
[2025-12-20T02:31:48.318+0000] {processor.py:839} INFO - DAG(s) dict_keys(['processo_etl_completo_geopandas']) retrieved from /opt/airflow/dags/etl_completa.py
[2025-12-20T02:31:48.341+0000] {logging_mixin.py:151} INFO - [2025-12-20T02:31:48.341+0000] {dag.py:2915} INFO - Sync 1 DAGs
[2025-12-20T02:31:48.352+0000] {logging_mixin.py:151} INFO - [2025-12-20T02:31:48.352+0000] {dag.py:3696} INFO - Setting next_dagrun for processo_etl_completo_geopandas to None, run_after=None
[2025-12-20T02:31:48.368+0000] {processor.py:179} INFO - Processing /opt/airflow/dags/etl_completa.py took 0.400 seconds
[2025-12-20T02:32:18.463+0000] {processor.py:157} INFO - Started process (PID=262) to work on /opt/airflow/dags/etl_completa.py
[2025-12-20T02:32:18.464+0000] {processor.py:829} INFO - Processing file /opt/airflow/dags/etl_completa.py for tasks to queue
[2025-12-20T02:32:18.465+0000] {logging_mixin.py:151} INFO - [2025-12-20T02:32:18.465+0000] {dagbag.py:539} INFO - Filling up the DagBag from /opt/airflow/dags/etl_completa.py
[2025-12-20T02:32:18.801+0000] {processor.py:839} INFO - DAG(s) dict_keys(['processo_etl_completo_geopandas']) retrieved from /opt/airflow/dags/etl_completa.py
[2025-12-20T02:32:18.818+0000] {logging_mixin.py:151} INFO - [2025-12-20T02:32:18.818+0000] {dag.py:2915} INFO - Sync 1 DAGs
[2025-12-20T02:32:18.826+0000] {logging_mixin.py:151} INFO - [2025-12-20T02:32:18.826+0000] {dag.py:3696} INFO - Setting next_dagrun for processo_etl_completo_geopandas to None, run_after=None
[2025-12-20T02:32:18.837+0000] {processor.py:179} INFO - Processing /opt/airflow/dags/etl_completa.py took 0.378 seconds
[2025-12-20T02:32:48.947+0000] {processor.py:157} INFO - Started process (PID=274) to work on /opt/airflow/dags/etl_completa.py
[2025-12-20T02:32:48.947+0000] {processor.py:829} INFO - Processing file /opt/airflow/dags/etl_completa.py for tasks to queue
[2025-12-20T02:32:48.948+0000] {logging_mixin.py:151} INFO - [2025-12-20T02:32:48.948+0000] {dagbag.py:539} INFO - Filling up the DagBag from /opt/airflow/dags/etl_completa.py
[2025-12-20T02:32:49.279+0000] {processor.py:839} INFO - DAG(s) dict_keys(['processo_etl_completo_geopandas']) retrieved from /opt/airflow/dags/etl_completa.py
[2025-12-20T02:32:49.299+0000] {logging_mixin.py:151} INFO - [2025-12-20T02:32:49.298+0000] {dag.py:2915} INFO - Sync 1 DAGs
[2025-12-20T02:32:49.309+0000] {logging_mixin.py:151} INFO - [2025-12-20T02:32:49.309+0000] {dag.py:3696} INFO - Setting next_dagrun for processo_etl_completo_geopandas to None, run_after=None
[2025-12-20T02:32:49.324+0000] {processor.py:179} INFO - Processing /opt/airflow/dags/etl_completa.py took 0.381 seconds
[2025-12-20T02:33:19.426+0000] {processor.py:157} INFO - Started process (PID=286) to work on /opt/airflow/dags/etl_completa.py
[2025-12-20T02:33:19.427+0000] {processor.py:829} INFO - Processing file /opt/airflow/dags/etl_completa.py for tasks to queue
[2025-12-20T02:33:19.428+0000] {logging_mixin.py:151} INFO - [2025-12-20T02:33:19.428+0000] {dagbag.py:539} INFO - Filling up the DagBag from /opt/airflow/dags/etl_completa.py
[2025-12-20T02:33:19.709+0000] {processor.py:839} INFO - DAG(s) dict_keys(['processo_etl_completo_geopandas']) retrieved from /opt/airflow/dags/etl_completa.py
[2025-12-20T02:33:19.727+0000] {logging_mixin.py:151} INFO - [2025-12-20T02:33:19.727+0000] {dag.py:2915} INFO - Sync 1 DAGs
[2025-12-20T02:33:19.736+0000] {logging_mixin.py:151} INFO - [2025-12-20T02:33:19.736+0000] {dag.py:3696} INFO - Setting next_dagrun for processo_etl_completo_geopandas to None, run_after=None
[2025-12-20T02:33:19.751+0000] {processor.py:179} INFO - Processing /opt/airflow/dags/etl_completa.py took 0.328 seconds
[2025-12-20T02:33:49.876+0000] {processor.py:157} INFO - Started process (PID=298) to work on /opt/airflow/dags/etl_completa.py
[2025-12-20T02:33:49.877+0000] {processor.py:829} INFO - Processing file /opt/airflow/dags/etl_completa.py for tasks to queue
[2025-12-20T02:33:49.878+0000] {logging_mixin.py:151} INFO - [2025-12-20T02:33:49.877+0000] {dagbag.py:539} INFO - Filling up the DagBag from /opt/airflow/dags/etl_completa.py
[2025-12-20T02:33:50.253+0000] {processor.py:839} INFO - DAG(s) dict_keys(['processo_etl_completo_geopandas']) retrieved from /opt/airflow/dags/etl_completa.py
[2025-12-20T02:33:50.278+0000] {logging_mixin.py:151} INFO - [2025-12-20T02:33:50.277+0000] {dag.py:2915} INFO - Sync 1 DAGs
[2025-12-20T02:33:50.290+0000] {logging_mixin.py:151} INFO - [2025-12-20T02:33:50.290+0000] {dag.py:3696} INFO - Setting next_dagrun for processo_etl_completo_geopandas to None, run_after=None
[2025-12-20T02:33:50.305+0000] {processor.py:179} INFO - Processing /opt/airflow/dags/etl_completa.py took 0.432 seconds
[2025-12-20T02:34:20.410+0000] {processor.py:157} INFO - Started process (PID=310) to work on /opt/airflow/dags/etl_completa.py
[2025-12-20T02:34:20.411+0000] {processor.py:829} INFO - Processing file /opt/airflow/dags/etl_completa.py for tasks to queue
[2025-12-20T02:34:20.412+0000] {logging_mixin.py:151} INFO - [2025-12-20T02:34:20.411+0000] {dagbag.py:539} INFO - Filling up the DagBag from /opt/airflow/dags/etl_completa.py
[2025-12-20T02:34:20.756+0000] {processor.py:839} INFO - DAG(s) dict_keys(['processo_etl_completo_geopandas']) retrieved from /opt/airflow/dags/etl_completa.py
[2025-12-20T02:34:20.781+0000] {logging_mixin.py:151} INFO - [2025-12-20T02:34:20.780+0000] {dag.py:2915} INFO - Sync 1 DAGs
[2025-12-20T02:34:20.791+0000] {logging_mixin.py:151} INFO - [2025-12-20T02:34:20.791+0000] {dag.py:3696} INFO - Setting next_dagrun for processo_etl_completo_geopandas to None, run_after=None
[2025-12-20T02:34:20.806+0000] {processor.py:179} INFO - Processing /opt/airflow/dags/etl_completa.py took 0.399 seconds
[2025-12-20T02:34:50.899+0000] {processor.py:157} INFO - Started process (PID=322) to work on /opt/airflow/dags/etl_completa.py
[2025-12-20T02:34:50.900+0000] {processor.py:829} INFO - Processing file /opt/airflow/dags/etl_completa.py for tasks to queue
[2025-12-20T02:34:50.901+0000] {logging_mixin.py:151} INFO - [2025-12-20T02:34:50.901+0000] {dagbag.py:539} INFO - Filling up the DagBag from /opt/airflow/dags/etl_completa.py
[2025-12-20T02:34:51.251+0000] {processor.py:839} INFO - DAG(s) dict_keys(['processo_etl_completo_geopandas']) retrieved from /opt/airflow/dags/etl_completa.py
[2025-12-20T02:34:51.274+0000] {logging_mixin.py:151} INFO - [2025-12-20T02:34:51.274+0000] {dag.py:2915} INFO - Sync 1 DAGs
[2025-12-20T02:34:51.285+0000] {logging_mixin.py:151} INFO - [2025-12-20T02:34:51.285+0000] {dag.py:3696} INFO - Setting next_dagrun for processo_etl_completo_geopandas to None, run_after=None
[2025-12-20T02:34:51.300+0000] {processor.py:179} INFO - Processing /opt/airflow/dags/etl_completa.py took 0.404 seconds
[2025-12-20T02:35:21.409+0000] {processor.py:157} INFO - Started process (PID=334) to work on /opt/airflow/dags/etl_completa.py
[2025-12-20T02:35:21.410+0000] {processor.py:829} INFO - Processing file /opt/airflow/dags/etl_completa.py for tasks to queue
[2025-12-20T02:35:21.411+0000] {logging_mixin.py:151} INFO - [2025-12-20T02:35:21.411+0000] {dagbag.py:539} INFO - Filling up the DagBag from /opt/airflow/dags/etl_completa.py
[2025-12-20T02:35:21.665+0000] {processor.py:839} INFO - DAG(s) dict_keys(['processo_etl_completo_geopandas']) retrieved from /opt/airflow/dags/etl_completa.py
[2025-12-20T02:35:21.682+0000] {logging_mixin.py:151} INFO - [2025-12-20T02:35:21.682+0000] {dag.py:2915} INFO - Sync 1 DAGs
[2025-12-20T02:35:21.692+0000] {logging_mixin.py:151} INFO - [2025-12-20T02:35:21.691+0000] {dag.py:3696} INFO - Setting next_dagrun for processo_etl_completo_geopandas to None, run_after=None
[2025-12-20T02:35:21.704+0000] {processor.py:179} INFO - Processing /opt/airflow/dags/etl_completa.py took 0.298 seconds
[2025-12-20T02:35:26.707+0000] {processor.py:157} INFO - Started process (PID=346) to work on /opt/airflow/dags/etl_completa.py
[2025-12-20T02:35:26.708+0000] {processor.py:829} INFO - Processing file /opt/airflow/dags/etl_completa.py for tasks to queue
[2025-12-20T02:35:26.709+0000] {logging_mixin.py:151} INFO - [2025-12-20T02:35:26.708+0000] {dagbag.py:539} INFO - Filling up the DagBag from /opt/airflow/dags/etl_completa.py
[2025-12-20T02:35:27.035+0000] {processor.py:839} INFO - DAG(s) dict_keys(['processo_etl_completo_geopandas']) retrieved from /opt/airflow/dags/etl_completa.py
[2025-12-20T02:35:27.051+0000] {logging_mixin.py:151} INFO - [2025-12-20T02:35:27.051+0000] {dag.py:2915} INFO - Sync 1 DAGs
[2025-12-20T02:35:27.059+0000] {logging_mixin.py:151} INFO - [2025-12-20T02:35:27.059+0000] {dag.py:3696} INFO - Setting next_dagrun for processo_etl_completo_geopandas to None, run_after=None
[2025-12-20T02:35:27.072+0000] {processor.py:179} INFO - Processing /opt/airflow/dags/etl_completa.py took 0.369 seconds
[2025-12-20T02:35:28.762+0000] {processor.py:157} INFO - Started process (PID=352) to work on /opt/airflow/dags/etl_completa.py
[2025-12-20T02:35:28.763+0000] {processor.py:829} INFO - Processing file /opt/airflow/dags/etl_completa.py for tasks to queue
[2025-12-20T02:35:28.764+0000] {logging_mixin.py:151} INFO - [2025-12-20T02:35:28.764+0000] {dagbag.py:539} INFO - Filling up the DagBag from /opt/airflow/dags/etl_completa.py
[2025-12-20T02:35:29.105+0000] {processor.py:839} INFO - DAG(s) dict_keys(['processo_etl_completo_geopandas']) retrieved from /opt/airflow/dags/etl_completa.py
[2025-12-20T02:35:29.122+0000] {logging_mixin.py:151} INFO - [2025-12-20T02:35:29.122+0000] {dag.py:2915} INFO - Sync 1 DAGs
[2025-12-20T02:35:29.131+0000] {logging_mixin.py:151} INFO - [2025-12-20T02:35:29.131+0000] {dag.py:3696} INFO - Setting next_dagrun for processo_etl_completo_geopandas to None, run_after=None
[2025-12-20T02:35:29.144+0000] {processor.py:179} INFO - Processing /opt/airflow/dags/etl_completa.py took 0.385 seconds
[2025-12-20T02:35:52.729+0000] {processor.py:157} INFO - Started process (PID=175) to work on /opt/airflow/dags/etl_completa.py
[2025-12-20T02:35:52.730+0000] {processor.py:829} INFO - Processing file /opt/airflow/dags/etl_completa.py for tasks to queue
[2025-12-20T02:35:52.730+0000] {logging_mixin.py:151} INFO - [2025-12-20T02:35:52.730+0000] {dagbag.py:539} INFO - Filling up the DagBag from /opt/airflow/dags/etl_completa.py
[2025-12-20T02:35:53.770+0000] {processor.py:839} INFO - DAG(s) dict_keys(['processo_etl_completo_geopandas']) retrieved from /opt/airflow/dags/etl_completa.py
[2025-12-20T02:35:53.786+0000] {logging_mixin.py:151} INFO - [2025-12-20T02:35:53.785+0000] {dag.py:2915} INFO - Sync 1 DAGs
[2025-12-20T02:35:53.793+0000] {logging_mixin.py:151} INFO - [2025-12-20T02:35:53.793+0000] {dag.py:3696} INFO - Setting next_dagrun for processo_etl_completo_geopandas to None, run_after=None
[2025-12-20T02:35:53.806+0000] {processor.py:179} INFO - Processing /opt/airflow/dags/etl_completa.py took 1.079 seconds
[2025-12-20T02:36:23.884+0000] {processor.py:157} INFO - Started process (PID=187) to work on /opt/airflow/dags/etl_completa.py
[2025-12-20T02:36:23.885+0000] {processor.py:829} INFO - Processing file /opt/airflow/dags/etl_completa.py for tasks to queue
[2025-12-20T02:36:23.886+0000] {logging_mixin.py:151} INFO - [2025-12-20T02:36:23.886+0000] {dagbag.py:539} INFO - Filling up the DagBag from /opt/airflow/dags/etl_completa.py
[2025-12-20T02:36:24.358+0000] {processor.py:839} INFO - DAG(s) dict_keys(['processo_etl_completo_geopandas']) retrieved from /opt/airflow/dags/etl_completa.py
[2025-12-20T02:36:24.376+0000] {logging_mixin.py:151} INFO - [2025-12-20T02:36:24.375+0000] {dag.py:2915} INFO - Sync 1 DAGs
[2025-12-20T02:36:24.383+0000] {logging_mixin.py:151} INFO - [2025-12-20T02:36:24.383+0000] {dag.py:3696} INFO - Setting next_dagrun for processo_etl_completo_geopandas to None, run_after=None
[2025-12-20T02:36:24.396+0000] {processor.py:179} INFO - Processing /opt/airflow/dags/etl_completa.py took 0.515 seconds
[2025-12-20T02:36:54.492+0000] {processor.py:157} INFO - Started process (PID=202) to work on /opt/airflow/dags/etl_completa.py
[2025-12-20T02:36:54.494+0000] {processor.py:829} INFO - Processing file /opt/airflow/dags/etl_completa.py for tasks to queue
[2025-12-20T02:36:54.495+0000] {logging_mixin.py:151} INFO - [2025-12-20T02:36:54.495+0000] {dagbag.py:539} INFO - Filling up the DagBag from /opt/airflow/dags/etl_completa.py
[2025-12-20T02:36:54.902+0000] {processor.py:839} INFO - DAG(s) dict_keys(['processo_etl_completo_geopandas']) retrieved from /opt/airflow/dags/etl_completa.py
[2025-12-20T02:36:54.917+0000] {logging_mixin.py:151} INFO - [2025-12-20T02:36:54.917+0000] {dag.py:2915} INFO - Sync 1 DAGs
[2025-12-20T02:36:54.926+0000] {logging_mixin.py:151} INFO - [2025-12-20T02:36:54.925+0000] {dag.py:3696} INFO - Setting next_dagrun for processo_etl_completo_geopandas to None, run_after=None
[2025-12-20T02:36:54.939+0000] {processor.py:179} INFO - Processing /opt/airflow/dags/etl_completa.py took 0.450 seconds
[2025-12-20T02:37:25.026+0000] {processor.py:157} INFO - Started process (PID=214) to work on /opt/airflow/dags/etl_completa.py
[2025-12-20T02:37:25.027+0000] {processor.py:829} INFO - Processing file /opt/airflow/dags/etl_completa.py for tasks to queue
[2025-12-20T02:37:25.028+0000] {logging_mixin.py:151} INFO - [2025-12-20T02:37:25.027+0000] {dagbag.py:539} INFO - Filling up the DagBag from /opt/airflow/dags/etl_completa.py
[2025-12-20T02:37:25.515+0000] {processor.py:839} INFO - DAG(s) dict_keys(['processo_etl_completo_geopandas']) retrieved from /opt/airflow/dags/etl_completa.py
[2025-12-20T02:37:25.536+0000] {logging_mixin.py:151} INFO - [2025-12-20T02:37:25.536+0000] {dag.py:2915} INFO - Sync 1 DAGs
[2025-12-20T02:37:25.548+0000] {logging_mixin.py:151} INFO - [2025-12-20T02:37:25.547+0000] {dag.py:3696} INFO - Setting next_dagrun for processo_etl_completo_geopandas to None, run_after=None
[2025-12-20T02:37:25.563+0000] {processor.py:179} INFO - Processing /opt/airflow/dags/etl_completa.py took 0.540 seconds
[2025-12-20T02:37:55.638+0000] {processor.py:157} INFO - Started process (PID=229) to work on /opt/airflow/dags/etl_completa.py
[2025-12-20T02:37:55.638+0000] {processor.py:829} INFO - Processing file /opt/airflow/dags/etl_completa.py for tasks to queue
[2025-12-20T02:37:55.639+0000] {logging_mixin.py:151} INFO - [2025-12-20T02:37:55.639+0000] {dagbag.py:539} INFO - Filling up the DagBag from /opt/airflow/dags/etl_completa.py
[2025-12-20T02:37:56.054+0000] {processor.py:839} INFO - DAG(s) dict_keys(['processo_etl_completo_geopandas']) retrieved from /opt/airflow/dags/etl_completa.py
[2025-12-20T02:37:56.070+0000] {logging_mixin.py:151} INFO - [2025-12-20T02:37:56.069+0000] {dag.py:2915} INFO - Sync 1 DAGs
[2025-12-20T02:37:56.077+0000] {logging_mixin.py:151} INFO - [2025-12-20T02:37:56.077+0000] {dag.py:3696} INFO - Setting next_dagrun for processo_etl_completo_geopandas to None, run_after=None
[2025-12-20T02:37:56.088+0000] {processor.py:179} INFO - Processing /opt/airflow/dags/etl_completa.py took 0.454 seconds
[2025-12-20T02:38:26.181+0000] {processor.py:157} INFO - Started process (PID=241) to work on /opt/airflow/dags/etl_completa.py
[2025-12-20T02:38:26.182+0000] {processor.py:829} INFO - Processing file /opt/airflow/dags/etl_completa.py for tasks to queue
[2025-12-20T02:38:26.182+0000] {logging_mixin.py:151} INFO - [2025-12-20T02:38:26.182+0000] {dagbag.py:539} INFO - Filling up the DagBag from /opt/airflow/dags/etl_completa.py
[2025-12-20T02:38:26.571+0000] {processor.py:839} INFO - DAG(s) dict_keys(['processo_etl_completo_geopandas']) retrieved from /opt/airflow/dags/etl_completa.py
[2025-12-20T02:38:26.586+0000] {logging_mixin.py:151} INFO - [2025-12-20T02:38:26.586+0000] {dag.py:2915} INFO - Sync 1 DAGs
[2025-12-20T02:38:26.595+0000] {logging_mixin.py:151} INFO - [2025-12-20T02:38:26.594+0000] {dag.py:3696} INFO - Setting next_dagrun for processo_etl_completo_geopandas to None, run_after=None
[2025-12-20T02:38:26.607+0000] {processor.py:179} INFO - Processing /opt/airflow/dags/etl_completa.py took 0.429 seconds
[2025-12-20T02:38:56.820+0000] {processor.py:157} INFO - Started process (PID=253) to work on /opt/airflow/dags/etl_completa.py
[2025-12-20T02:38:56.821+0000] {processor.py:829} INFO - Processing file /opt/airflow/dags/etl_completa.py for tasks to queue
[2025-12-20T02:38:56.822+0000] {logging_mixin.py:151} INFO - [2025-12-20T02:38:56.822+0000] {dagbag.py:539} INFO - Filling up the DagBag from /opt/airflow/dags/etl_completa.py
[2025-12-20T02:38:57.151+0000] {processor.py:839} INFO - DAG(s) dict_keys(['processo_etl_completo_geopandas']) retrieved from /opt/airflow/dags/etl_completa.py
[2025-12-20T02:38:57.171+0000] {logging_mixin.py:151} INFO - [2025-12-20T02:38:57.171+0000] {dag.py:2915} INFO - Sync 1 DAGs
[2025-12-20T02:38:57.181+0000] {logging_mixin.py:151} INFO - [2025-12-20T02:38:57.180+0000] {dag.py:3696} INFO - Setting next_dagrun for processo_etl_completo_geopandas to None, run_after=None
[2025-12-20T02:38:57.194+0000] {processor.py:179} INFO - Processing /opt/airflow/dags/etl_completa.py took 0.376 seconds
[2025-12-20T02:39:13.757+0000] {processor.py:157} INFO - Started process (PID=175) to work on /opt/airflow/dags/etl_completa.py
[2025-12-20T02:39:13.760+0000] {processor.py:829} INFO - Processing file /opt/airflow/dags/etl_completa.py for tasks to queue
[2025-12-20T02:39:13.760+0000] {logging_mixin.py:151} INFO - [2025-12-20T02:39:13.760+0000] {dagbag.py:539} INFO - Filling up the DagBag from /opt/airflow/dags/etl_completa.py
[2025-12-20T02:39:14.812+0000] {processor.py:839} INFO - DAG(s) dict_keys(['processo_etl_completo_geopandas']) retrieved from /opt/airflow/dags/etl_completa.py
[2025-12-20T02:39:14.828+0000] {logging_mixin.py:151} INFO - [2025-12-20T02:39:14.828+0000] {dag.py:2915} INFO - Sync 1 DAGs
[2025-12-20T02:39:14.836+0000] {logging_mixin.py:151} INFO - [2025-12-20T02:39:14.836+0000] {dag.py:3696} INFO - Setting next_dagrun for processo_etl_completo_geopandas to None, run_after=None
[2025-12-20T02:39:14.848+0000] {processor.py:179} INFO - Processing /opt/airflow/dags/etl_completa.py took 1.094 seconds
[2025-12-20T02:39:37.028+0000] {processor.py:157} INFO - Started process (PID=175) to work on /opt/airflow/dags/etl_completa.py
[2025-12-20T02:39:37.029+0000] {processor.py:829} INFO - Processing file /opt/airflow/dags/etl_completa.py for tasks to queue
[2025-12-20T02:39:37.029+0000] {logging_mixin.py:151} INFO - [2025-12-20T02:39:37.029+0000] {dagbag.py:539} INFO - Filling up the DagBag from /opt/airflow/dags/etl_completa.py
[2025-12-20T02:39:38.122+0000] {processor.py:839} INFO - DAG(s) dict_keys(['processo_etl_completo_geopandas']) retrieved from /opt/airflow/dags/etl_completa.py
[2025-12-20T02:39:38.137+0000] {logging_mixin.py:151} INFO - [2025-12-20T02:39:38.137+0000] {dag.py:2915} INFO - Sync 1 DAGs
[2025-12-20T02:39:38.145+0000] {logging_mixin.py:151} INFO - [2025-12-20T02:39:38.145+0000] {dag.py:3696} INFO - Setting next_dagrun for processo_etl_completo_geopandas to None, run_after=None
[2025-12-20T02:39:38.158+0000] {processor.py:179} INFO - Processing /opt/airflow/dags/etl_completa.py took 1.133 seconds
[2025-12-20T02:40:08.218+0000] {processor.py:157} INFO - Started process (PID=187) to work on /opt/airflow/dags/etl_completa.py
[2025-12-20T02:40:08.219+0000] {processor.py:829} INFO - Processing file /opt/airflow/dags/etl_completa.py for tasks to queue
[2025-12-20T02:40:08.220+0000] {logging_mixin.py:151} INFO - [2025-12-20T02:40:08.220+0000] {dagbag.py:539} INFO - Filling up the DagBag from /opt/airflow/dags/etl_completa.py
[2025-12-20T02:40:08.680+0000] {processor.py:839} INFO - DAG(s) dict_keys(['processo_etl_completo_geopandas']) retrieved from /opt/airflow/dags/etl_completa.py
[2025-12-20T02:40:08.695+0000] {logging_mixin.py:151} INFO - [2025-12-20T02:40:08.695+0000] {dag.py:2915} INFO - Sync 1 DAGs
[2025-12-20T02:40:08.702+0000] {logging_mixin.py:151} INFO - [2025-12-20T02:40:08.702+0000] {dag.py:3696} INFO - Setting next_dagrun for processo_etl_completo_geopandas to None, run_after=None
[2025-12-20T02:40:08.713+0000] {processor.py:179} INFO - Processing /opt/airflow/dags/etl_completa.py took 0.498 seconds
[2025-12-20T02:40:38.817+0000] {processor.py:157} INFO - Started process (PID=199) to work on /opt/airflow/dags/etl_completa.py
[2025-12-20T02:40:38.818+0000] {processor.py:829} INFO - Processing file /opt/airflow/dags/etl_completa.py for tasks to queue
[2025-12-20T02:40:38.819+0000] {logging_mixin.py:151} INFO - [2025-12-20T02:40:38.819+0000] {dagbag.py:539} INFO - Filling up the DagBag from /opt/airflow/dags/etl_completa.py
[2025-12-20T02:40:39.252+0000] {processor.py:839} INFO - DAG(s) dict_keys(['processo_etl_completo_geopandas']) retrieved from /opt/airflow/dags/etl_completa.py
[2025-12-20T02:40:39.267+0000] {logging_mixin.py:151} INFO - [2025-12-20T02:40:39.267+0000] {dag.py:2915} INFO - Sync 1 DAGs
[2025-12-20T02:40:39.275+0000] {logging_mixin.py:151} INFO - [2025-12-20T02:40:39.275+0000] {dag.py:3696} INFO - Setting next_dagrun for processo_etl_completo_geopandas to None, run_after=None
[2025-12-20T02:40:39.286+0000] {processor.py:179} INFO - Processing /opt/airflow/dags/etl_completa.py took 0.472 seconds
[2025-12-20T02:41:09.381+0000] {processor.py:157} INFO - Started process (PID=214) to work on /opt/airflow/dags/etl_completa.py
[2025-12-20T02:41:09.382+0000] {processor.py:829} INFO - Processing file /opt/airflow/dags/etl_completa.py for tasks to queue
[2025-12-20T02:41:09.382+0000] {logging_mixin.py:151} INFO - [2025-12-20T02:41:09.382+0000] {dagbag.py:539} INFO - Filling up the DagBag from /opt/airflow/dags/etl_completa.py
[2025-12-20T02:41:09.776+0000] {processor.py:839} INFO - DAG(s) dict_keys(['processo_etl_completo_geopandas']) retrieved from /opt/airflow/dags/etl_completa.py
[2025-12-20T02:41:09.791+0000] {logging_mixin.py:151} INFO - [2025-12-20T02:41:09.791+0000] {dag.py:2915} INFO - Sync 1 DAGs
[2025-12-20T02:41:09.798+0000] {logging_mixin.py:151} INFO - [2025-12-20T02:41:09.798+0000] {dag.py:3696} INFO - Setting next_dagrun for processo_etl_completo_geopandas to None, run_after=None
[2025-12-20T02:41:09.809+0000] {processor.py:179} INFO - Processing /opt/airflow/dags/etl_completa.py took 0.431 seconds
[2025-12-20T02:41:39.904+0000] {processor.py:157} INFO - Started process (PID=226) to work on /opt/airflow/dags/etl_completa.py
[2025-12-20T02:41:39.905+0000] {processor.py:829} INFO - Processing file /opt/airflow/dags/etl_completa.py for tasks to queue
[2025-12-20T02:41:39.906+0000] {logging_mixin.py:151} INFO - [2025-12-20T02:41:39.906+0000] {dagbag.py:539} INFO - Filling up the DagBag from /opt/airflow/dags/etl_completa.py
[2025-12-20T02:41:40.282+0000] {processor.py:839} INFO - DAG(s) dict_keys(['processo_etl_completo_geopandas']) retrieved from /opt/airflow/dags/etl_completa.py
[2025-12-20T02:41:40.297+0000] {logging_mixin.py:151} INFO - [2025-12-20T02:41:40.297+0000] {dag.py:2915} INFO - Sync 1 DAGs
[2025-12-20T02:41:40.305+0000] {logging_mixin.py:151} INFO - [2025-12-20T02:41:40.305+0000] {dag.py:3696} INFO - Setting next_dagrun for processo_etl_completo_geopandas to None, run_after=None
[2025-12-20T02:41:40.318+0000] {processor.py:179} INFO - Processing /opt/airflow/dags/etl_completa.py took 0.416 seconds
[2025-12-20T02:42:10.417+0000] {processor.py:157} INFO - Started process (PID=238) to work on /opt/airflow/dags/etl_completa.py
[2025-12-20T02:42:10.417+0000] {processor.py:829} INFO - Processing file /opt/airflow/dags/etl_completa.py for tasks to queue
[2025-12-20T02:42:10.418+0000] {logging_mixin.py:151} INFO - [2025-12-20T02:42:10.418+0000] {dagbag.py:539} INFO - Filling up the DagBag from /opt/airflow/dags/etl_completa.py
[2025-12-20T02:42:10.867+0000] {processor.py:839} INFO - DAG(s) dict_keys(['processo_etl_completo_geopandas']) retrieved from /opt/airflow/dags/etl_completa.py
[2025-12-20T02:42:10.883+0000] {logging_mixin.py:151} INFO - [2025-12-20T02:42:10.883+0000] {dag.py:2915} INFO - Sync 1 DAGs
[2025-12-20T02:42:10.891+0000] {logging_mixin.py:151} INFO - [2025-12-20T02:42:10.891+0000] {dag.py:3696} INFO - Setting next_dagrun for processo_etl_completo_geopandas to None, run_after=None
[2025-12-20T02:42:10.903+0000] {processor.py:179} INFO - Processing /opt/airflow/dags/etl_completa.py took 0.489 seconds
[2025-12-20T02:42:39.448+0000] {processor.py:157} INFO - Started process (PID=175) to work on /opt/airflow/dags/etl_completa.py
[2025-12-20T02:42:39.448+0000] {processor.py:829} INFO - Processing file /opt/airflow/dags/etl_completa.py for tasks to queue
[2025-12-20T02:42:39.449+0000] {logging_mixin.py:151} INFO - [2025-12-20T02:42:39.449+0000] {dagbag.py:539} INFO - Filling up the DagBag from /opt/airflow/dags/etl_completa.py
[2025-12-20T02:42:40.470+0000] {processor.py:839} INFO - DAG(s) dict_keys(['processo_etl_completo_geopandas']) retrieved from /opt/airflow/dags/etl_completa.py
[2025-12-20T02:42:40.485+0000] {logging_mixin.py:151} INFO - [2025-12-20T02:42:40.485+0000] {dag.py:2915} INFO - Sync 1 DAGs
[2025-12-20T02:42:40.493+0000] {logging_mixin.py:151} INFO - [2025-12-20T02:42:40.493+0000] {dag.py:3696} INFO - Setting next_dagrun for processo_etl_completo_geopandas to None, run_after=None
[2025-12-20T02:42:40.506+0000] {processor.py:179} INFO - Processing /opt/airflow/dags/etl_completa.py took 1.061 seconds
[2025-12-20T02:43:10.583+0000] {processor.py:157} INFO - Started process (PID=187) to work on /opt/airflow/dags/etl_completa.py
[2025-12-20T02:43:10.584+0000] {processor.py:829} INFO - Processing file /opt/airflow/dags/etl_completa.py for tasks to queue
[2025-12-20T02:43:10.584+0000] {logging_mixin.py:151} INFO - [2025-12-20T02:43:10.584+0000] {dagbag.py:539} INFO - Filling up the DagBag from /opt/airflow/dags/etl_completa.py
[2025-12-20T02:43:11.057+0000] {processor.py:839} INFO - DAG(s) dict_keys(['processo_etl_completo_geopandas']) retrieved from /opt/airflow/dags/etl_completa.py
[2025-12-20T02:43:11.076+0000] {logging_mixin.py:151} INFO - [2025-12-20T02:43:11.075+0000] {dag.py:2915} INFO - Sync 1 DAGs
[2025-12-20T02:43:11.084+0000] {logging_mixin.py:151} INFO - [2025-12-20T02:43:11.084+0000] {dag.py:3696} INFO - Setting next_dagrun for processo_etl_completo_geopandas to None, run_after=None
[2025-12-20T02:43:11.098+0000] {processor.py:179} INFO - Processing /opt/airflow/dags/etl_completa.py took 0.518 seconds
[2025-12-20T02:43:41.214+0000] {processor.py:157} INFO - Started process (PID=199) to work on /opt/airflow/dags/etl_completa.py
[2025-12-20T02:43:41.215+0000] {processor.py:829} INFO - Processing file /opt/airflow/dags/etl_completa.py for tasks to queue
[2025-12-20T02:43:41.216+0000] {logging_mixin.py:151} INFO - [2025-12-20T02:43:41.216+0000] {dagbag.py:539} INFO - Filling up the DagBag from /opt/airflow/dags/etl_completa.py
[2025-12-20T02:43:41.693+0000] {processor.py:839} INFO - DAG(s) dict_keys(['processo_etl_completo_geopandas']) retrieved from /opt/airflow/dags/etl_completa.py
[2025-12-20T02:43:41.712+0000] {logging_mixin.py:151} INFO - [2025-12-20T02:43:41.712+0000] {dag.py:2915} INFO - Sync 1 DAGs
[2025-12-20T02:43:41.722+0000] {logging_mixin.py:151} INFO - [2025-12-20T02:43:41.722+0000] {dag.py:3696} INFO - Setting next_dagrun for processo_etl_completo_geopandas to None, run_after=None
[2025-12-20T02:43:41.738+0000] {processor.py:179} INFO - Processing /opt/airflow/dags/etl_completa.py took 0.528 seconds
[2025-12-20T02:44:11.803+0000] {processor.py:157} INFO - Started process (PID=211) to work on /opt/airflow/dags/etl_completa.py
[2025-12-20T02:44:11.804+0000] {processor.py:829} INFO - Processing file /opt/airflow/dags/etl_completa.py for tasks to queue
[2025-12-20T02:44:11.804+0000] {logging_mixin.py:151} INFO - [2025-12-20T02:44:11.804+0000] {dagbag.py:539} INFO - Filling up the DagBag from /opt/airflow/dags/etl_completa.py
[2025-12-20T02:44:12.219+0000] {processor.py:839} INFO - DAG(s) dict_keys(['processo_etl_completo_geopandas']) retrieved from /opt/airflow/dags/etl_completa.py
[2025-12-20T02:44:12.236+0000] {logging_mixin.py:151} INFO - [2025-12-20T02:44:12.235+0000] {dag.py:2915} INFO - Sync 1 DAGs
[2025-12-20T02:44:12.243+0000] {logging_mixin.py:151} INFO - [2025-12-20T02:44:12.243+0000] {dag.py:3696} INFO - Setting next_dagrun for processo_etl_completo_geopandas to None, run_after=None
[2025-12-20T02:44:12.255+0000] {processor.py:179} INFO - Processing /opt/airflow/dags/etl_completa.py took 0.454 seconds
[2025-12-20T02:44:42.344+0000] {processor.py:157} INFO - Started process (PID=226) to work on /opt/airflow/dags/etl_completa.py
[2025-12-20T02:44:42.345+0000] {processor.py:829} INFO - Processing file /opt/airflow/dags/etl_completa.py for tasks to queue
[2025-12-20T02:44:42.346+0000] {logging_mixin.py:151} INFO - [2025-12-20T02:44:42.346+0000] {dagbag.py:539} INFO - Filling up the DagBag from /opt/airflow/dags/etl_completa.py
[2025-12-20T02:44:42.743+0000] {processor.py:839} INFO - DAG(s) dict_keys(['processo_etl_completo_geopandas']) retrieved from /opt/airflow/dags/etl_completa.py
[2025-12-20T02:44:42.759+0000] {logging_mixin.py:151} INFO - [2025-12-20T02:44:42.759+0000] {dag.py:2915} INFO - Sync 1 DAGs
[2025-12-20T02:44:42.768+0000] {logging_mixin.py:151} INFO - [2025-12-20T02:44:42.768+0000] {dag.py:3696} INFO - Setting next_dagrun for processo_etl_completo_geopandas to None, run_after=None
[2025-12-20T02:44:42.785+0000] {processor.py:179} INFO - Processing /opt/airflow/dags/etl_completa.py took 0.444 seconds
[2025-12-20T02:47:25.814+0000] {processor.py:157} INFO - Started process (PID=179) to work on /opt/airflow/dags/etl_completa.py
[2025-12-20T02:47:25.815+0000] {processor.py:829} INFO - Processing file /opt/airflow/dags/etl_completa.py for tasks to queue
[2025-12-20T02:47:25.816+0000] {logging_mixin.py:151} INFO - [2025-12-20T02:47:25.815+0000] {dagbag.py:539} INFO - Filling up the DagBag from /opt/airflow/dags/etl_completa.py
[2025-12-20T02:47:26.910+0000] {processor.py:839} INFO - DAG(s) dict_keys(['processo_etl_completo_geopandas']) retrieved from /opt/airflow/dags/etl_completa.py
[2025-12-20T02:47:27.035+0000] {logging_mixin.py:151} INFO - [2025-12-20T02:47:27.034+0000] {manager.py:499} INFO - Created Permission View: %s
[2025-12-20T02:47:27.044+0000] {logging_mixin.py:151} INFO - [2025-12-20T02:47:27.044+0000] {manager.py:499} INFO - Created Permission View: %s
[2025-12-20T02:47:27.052+0000] {logging_mixin.py:151} INFO - [2025-12-20T02:47:27.052+0000] {manager.py:499} INFO - Created Permission View: %s
[2025-12-20T02:47:27.053+0000] {logging_mixin.py:151} INFO - [2025-12-20T02:47:27.052+0000] {security.py:708} INFO - Not syncing DAG-level permissions for DAG 'DAG:processo_etl_completo_geopandas' as access control is unset.
[2025-12-20T02:47:27.053+0000] {logging_mixin.py:151} INFO - [2025-12-20T02:47:27.053+0000] {dag.py:2915} INFO - Sync 1 DAGs
[2025-12-20T02:47:27.062+0000] {logging_mixin.py:151} INFO - [2025-12-20T02:47:27.061+0000] {dag.py:2937} INFO - Creating ORM DAG for processo_etl_completo_geopandas
[2025-12-20T02:47:27.062+0000] {logging_mixin.py:151} INFO - [2025-12-20T02:47:27.062+0000] {dag.py:3696} INFO - Setting next_dagrun for processo_etl_completo_geopandas to None, run_after=None
[2025-12-20T02:47:27.074+0000] {processor.py:179} INFO - Processing /opt/airflow/dags/etl_completa.py took 1.263 seconds
[2025-12-20T02:47:57.188+0000] {processor.py:157} INFO - Started process (PID=191) to work on /opt/airflow/dags/etl_completa.py
[2025-12-20T02:47:57.189+0000] {processor.py:829} INFO - Processing file /opt/airflow/dags/etl_completa.py for tasks to queue
[2025-12-20T02:47:57.190+0000] {logging_mixin.py:151} INFO - [2025-12-20T02:47:57.190+0000] {dagbag.py:539} INFO - Filling up the DagBag from /opt/airflow/dags/etl_completa.py
[2025-12-20T02:47:57.601+0000] {processor.py:839} INFO - DAG(s) dict_keys(['processo_etl_completo_geopandas']) retrieved from /opt/airflow/dags/etl_completa.py
[2025-12-20T02:47:57.617+0000] {logging_mixin.py:151} INFO - [2025-12-20T02:47:57.617+0000] {dag.py:2915} INFO - Sync 1 DAGs
[2025-12-20T02:47:57.625+0000] {logging_mixin.py:151} INFO - [2025-12-20T02:47:57.624+0000] {dag.py:3696} INFO - Setting next_dagrun for processo_etl_completo_geopandas to None, run_after=None
[2025-12-20T02:47:57.636+0000] {processor.py:179} INFO - Processing /opt/airflow/dags/etl_completa.py took 0.451 seconds
[2025-12-20T02:48:27.733+0000] {processor.py:157} INFO - Started process (PID=206) to work on /opt/airflow/dags/etl_completa.py
[2025-12-20T02:48:27.734+0000] {processor.py:829} INFO - Processing file /opt/airflow/dags/etl_completa.py for tasks to queue
[2025-12-20T02:48:27.735+0000] {logging_mixin.py:151} INFO - [2025-12-20T02:48:27.734+0000] {dagbag.py:539} INFO - Filling up the DagBag from /opt/airflow/dags/etl_completa.py
[2025-12-20T02:48:28.186+0000] {processor.py:839} INFO - DAG(s) dict_keys(['processo_etl_completo_geopandas']) retrieved from /opt/airflow/dags/etl_completa.py
[2025-12-20T02:48:28.201+0000] {logging_mixin.py:151} INFO - [2025-12-20T02:48:28.201+0000] {dag.py:2915} INFO - Sync 1 DAGs
[2025-12-20T02:48:28.209+0000] {logging_mixin.py:151} INFO - [2025-12-20T02:48:28.209+0000] {dag.py:3696} INFO - Setting next_dagrun for processo_etl_completo_geopandas to None, run_after=None
[2025-12-20T02:48:28.222+0000] {processor.py:179} INFO - Processing /opt/airflow/dags/etl_completa.py took 0.491 seconds
[2025-12-20T02:48:58.323+0000] {processor.py:157} INFO - Started process (PID=218) to work on /opt/airflow/dags/etl_completa.py
[2025-12-20T02:48:58.324+0000] {processor.py:829} INFO - Processing file /opt/airflow/dags/etl_completa.py for tasks to queue
[2025-12-20T02:48:58.324+0000] {logging_mixin.py:151} INFO - [2025-12-20T02:48:58.324+0000] {dagbag.py:539} INFO - Filling up the DagBag from /opt/airflow/dags/etl_completa.py
[2025-12-20T02:48:58.806+0000] {processor.py:839} INFO - DAG(s) dict_keys(['processo_etl_completo_geopandas']) retrieved from /opt/airflow/dags/etl_completa.py
[2025-12-20T02:48:58.826+0000] {logging_mixin.py:151} INFO - [2025-12-20T02:48:58.826+0000] {dag.py:2915} INFO - Sync 1 DAGs
[2025-12-20T02:48:58.836+0000] {logging_mixin.py:151} INFO - [2025-12-20T02:48:58.836+0000] {dag.py:3696} INFO - Setting next_dagrun for processo_etl_completo_geopandas to None, run_after=None
[2025-12-20T02:48:58.852+0000] {processor.py:179} INFO - Processing /opt/airflow/dags/etl_completa.py took 0.532 seconds
[2025-12-20T02:49:28.959+0000] {processor.py:157} INFO - Started process (PID=230) to work on /opt/airflow/dags/etl_completa.py
[2025-12-20T02:49:28.959+0000] {processor.py:829} INFO - Processing file /opt/airflow/dags/etl_completa.py for tasks to queue
[2025-12-20T02:49:28.960+0000] {logging_mixin.py:151} INFO - [2025-12-20T02:49:28.960+0000] {dagbag.py:539} INFO - Filling up the DagBag from /opt/airflow/dags/etl_completa.py
[2025-12-20T02:49:29.357+0000] {processor.py:839} INFO - DAG(s) dict_keys(['processo_etl_completo_geopandas']) retrieved from /opt/airflow/dags/etl_completa.py
[2025-12-20T02:49:29.374+0000] {logging_mixin.py:151} INFO - [2025-12-20T02:49:29.373+0000] {dag.py:2915} INFO - Sync 1 DAGs
[2025-12-20T02:49:29.382+0000] {logging_mixin.py:151} INFO - [2025-12-20T02:49:29.382+0000] {dag.py:3696} INFO - Setting next_dagrun for processo_etl_completo_geopandas to None, run_after=None
[2025-12-20T02:49:29.397+0000] {processor.py:179} INFO - Processing /opt/airflow/dags/etl_completa.py took 0.441 seconds
[2025-12-20T02:49:48.512+0000] {processor.py:157} INFO - Started process (PID=175) to work on /opt/airflow/dags/etl_completa.py
[2025-12-20T02:49:48.514+0000] {processor.py:829} INFO - Processing file /opt/airflow/dags/etl_completa.py for tasks to queue
[2025-12-20T02:49:48.515+0000] {logging_mixin.py:151} INFO - [2025-12-20T02:49:48.514+0000] {dagbag.py:539} INFO - Filling up the DagBag from /opt/airflow/dags/etl_completa.py
[2025-12-20T02:49:49.540+0000] {processor.py:839} INFO - DAG(s) dict_keys(['processo_etl_completo_geopandas']) retrieved from /opt/airflow/dags/etl_completa.py
[2025-12-20T02:49:49.556+0000] {logging_mixin.py:151} INFO - [2025-12-20T02:49:49.556+0000] {dag.py:2915} INFO - Sync 1 DAGs
[2025-12-20T02:49:49.564+0000] {logging_mixin.py:151} INFO - [2025-12-20T02:49:49.564+0000] {dag.py:3696} INFO - Setting next_dagrun for processo_etl_completo_geopandas to None, run_after=None
[2025-12-20T02:49:49.576+0000] {processor.py:179} INFO - Processing /opt/airflow/dags/etl_completa.py took 1.067 seconds
[2025-12-20T02:50:27.461+0000] {processor.py:157} INFO - Started process (PID=175) to work on /opt/airflow/dags/etl_completa.py
[2025-12-20T02:50:27.462+0000] {processor.py:829} INFO - Processing file /opt/airflow/dags/etl_completa.py for tasks to queue
[2025-12-20T02:50:27.463+0000] {logging_mixin.py:151} INFO - [2025-12-20T02:50:27.462+0000] {dagbag.py:539} INFO - Filling up the DagBag from /opt/airflow/dags/etl_completa.py
[2025-12-20T02:50:28.496+0000] {processor.py:839} INFO - DAG(s) dict_keys(['processo_etl_completo_geopandas']) retrieved from /opt/airflow/dags/etl_completa.py
[2025-12-20T02:50:28.512+0000] {logging_mixin.py:151} INFO - [2025-12-20T02:50:28.511+0000] {dag.py:2915} INFO - Sync 1 DAGs
[2025-12-20T02:50:28.519+0000] {logging_mixin.py:151} INFO - [2025-12-20T02:50:28.519+0000] {dag.py:3696} INFO - Setting next_dagrun for processo_etl_completo_geopandas to None, run_after=None
[2025-12-20T02:50:28.533+0000] {processor.py:179} INFO - Processing /opt/airflow/dags/etl_completa.py took 1.074 seconds
[2025-12-20T02:50:58.596+0000] {processor.py:157} INFO - Started process (PID=187) to work on /opt/airflow/dags/etl_completa.py
[2025-12-20T02:50:58.597+0000] {processor.py:829} INFO - Processing file /opt/airflow/dags/etl_completa.py for tasks to queue
[2025-12-20T02:50:58.598+0000] {logging_mixin.py:151} INFO - [2025-12-20T02:50:58.598+0000] {dagbag.py:539} INFO - Filling up the DagBag from /opt/airflow/dags/etl_completa.py
[2025-12-20T02:50:59.033+0000] {processor.py:839} INFO - DAG(s) dict_keys(['processo_etl_completo_geopandas']) retrieved from /opt/airflow/dags/etl_completa.py
[2025-12-20T02:50:59.048+0000] {logging_mixin.py:151} INFO - [2025-12-20T02:50:59.048+0000] {dag.py:2915} INFO - Sync 1 DAGs
[2025-12-20T02:50:59.056+0000] {logging_mixin.py:151} INFO - [2025-12-20T02:50:59.056+0000] {dag.py:3696} INFO - Setting next_dagrun for processo_etl_completo_geopandas to None, run_after=None
[2025-12-20T02:50:59.067+0000] {processor.py:179} INFO - Processing /opt/airflow/dags/etl_completa.py took 0.474 seconds
[2025-12-20T02:51:29.172+0000] {processor.py:157} INFO - Started process (PID=202) to work on /opt/airflow/dags/etl_completa.py
[2025-12-20T02:51:29.173+0000] {processor.py:829} INFO - Processing file /opt/airflow/dags/etl_completa.py for tasks to queue
[2025-12-20T02:51:29.174+0000] {logging_mixin.py:151} INFO - [2025-12-20T02:51:29.174+0000] {dagbag.py:539} INFO - Filling up the DagBag from /opt/airflow/dags/etl_completa.py
[2025-12-20T02:51:29.584+0000] {processor.py:839} INFO - DAG(s) dict_keys(['processo_etl_completo_geopandas']) retrieved from /opt/airflow/dags/etl_completa.py
[2025-12-20T02:51:29.600+0000] {logging_mixin.py:151} INFO - [2025-12-20T02:51:29.600+0000] {dag.py:2915} INFO - Sync 1 DAGs
[2025-12-20T02:51:29.607+0000] {logging_mixin.py:151} INFO - [2025-12-20T02:51:29.607+0000] {dag.py:3696} INFO - Setting next_dagrun for processo_etl_completo_geopandas to None, run_after=None
[2025-12-20T02:51:29.620+0000] {processor.py:179} INFO - Processing /opt/airflow/dags/etl_completa.py took 0.450 seconds
[2025-12-20T02:51:59.706+0000] {processor.py:157} INFO - Started process (PID=214) to work on /opt/airflow/dags/etl_completa.py
[2025-12-20T02:51:59.707+0000] {processor.py:829} INFO - Processing file /opt/airflow/dags/etl_completa.py for tasks to queue
[2025-12-20T02:51:59.707+0000] {logging_mixin.py:151} INFO - [2025-12-20T02:51:59.707+0000] {dagbag.py:539} INFO - Filling up the DagBag from /opt/airflow/dags/etl_completa.py
[2025-12-20T02:52:00.083+0000] {processor.py:839} INFO - DAG(s) dict_keys(['processo_etl_completo_geopandas']) retrieved from /opt/airflow/dags/etl_completa.py
[2025-12-20T02:52:00.100+0000] {logging_mixin.py:151} INFO - [2025-12-20T02:52:00.100+0000] {dag.py:2915} INFO - Sync 1 DAGs
[2025-12-20T02:52:00.108+0000] {logging_mixin.py:151} INFO - [2025-12-20T02:52:00.108+0000] {dag.py:3696} INFO - Setting next_dagrun for processo_etl_completo_geopandas to None, run_after=None
[2025-12-20T02:52:00.121+0000] {processor.py:179} INFO - Processing /opt/airflow/dags/etl_completa.py took 0.417 seconds
[2025-12-20T02:52:30.218+0000] {processor.py:157} INFO - Started process (PID=226) to work on /opt/airflow/dags/etl_completa.py
[2025-12-20T02:52:30.219+0000] {processor.py:829} INFO - Processing file /opt/airflow/dags/etl_completa.py for tasks to queue
[2025-12-20T02:52:30.220+0000] {logging_mixin.py:151} INFO - [2025-12-20T02:52:30.220+0000] {dagbag.py:539} INFO - Filling up the DagBag from /opt/airflow/dags/etl_completa.py
[2025-12-20T02:52:30.710+0000] {processor.py:839} INFO - DAG(s) dict_keys(['processo_etl_completo_geopandas']) retrieved from /opt/airflow/dags/etl_completa.py
[2025-12-20T02:52:30.730+0000] {logging_mixin.py:151} INFO - [2025-12-20T02:52:30.730+0000] {dag.py:2915} INFO - Sync 1 DAGs
[2025-12-20T02:52:30.740+0000] {logging_mixin.py:151} INFO - [2025-12-20T02:52:30.740+0000] {dag.py:3696} INFO - Setting next_dagrun for processo_etl_completo_geopandas to None, run_after=None
[2025-12-20T02:52:30.756+0000] {processor.py:179} INFO - Processing /opt/airflow/dags/etl_completa.py took 0.541 seconds
[2025-12-20T02:52:50.802+0000] {processor.py:157} INFO - Started process (PID=238) to work on /opt/airflow/dags/etl_completa.py
[2025-12-20T02:52:50.802+0000] {processor.py:829} INFO - Processing file /opt/airflow/dags/etl_completa.py for tasks to queue
[2025-12-20T02:52:50.803+0000] {logging_mixin.py:151} INFO - [2025-12-20T02:52:50.803+0000] {dagbag.py:539} INFO - Filling up the DagBag from /opt/airflow/dags/etl_completa.py
[2025-12-20T02:52:51.230+0000] {processor.py:839} INFO - DAG(s) dict_keys(['processo_etl_completo_geopandas']) retrieved from /opt/airflow/dags/etl_completa.py
[2025-12-20T02:52:51.250+0000] {logging_mixin.py:151} INFO - [2025-12-20T02:52:51.249+0000] {dag.py:2915} INFO - Sync 1 DAGs
[2025-12-20T02:52:51.258+0000] {logging_mixin.py:151} INFO - [2025-12-20T02:52:51.258+0000] {dag.py:3696} INFO - Setting next_dagrun for processo_etl_completo_geopandas to None, run_after=None
[2025-12-20T02:52:51.276+0000] {processor.py:179} INFO - Processing /opt/airflow/dags/etl_completa.py took 0.477 seconds
[2025-12-20T02:53:00.003+0000] {processor.py:157} INFO - Started process (PID=244) to work on /opt/airflow/dags/etl_completa.py
[2025-12-20T02:53:00.003+0000] {processor.py:829} INFO - Processing file /opt/airflow/dags/etl_completa.py for tasks to queue
[2025-12-20T02:53:00.004+0000] {logging_mixin.py:151} INFO - [2025-12-20T02:53:00.003+0000] {dagbag.py:539} INFO - Filling up the DagBag from /opt/airflow/dags/etl_completa.py
[2025-12-20T02:53:00.264+0000] {processor.py:839} INFO - DAG(s) dict_keys(['processo_etl_completo_geopandas']) retrieved from /opt/airflow/dags/etl_completa.py
[2025-12-20T02:53:00.283+0000] {logging_mixin.py:151} INFO - [2025-12-20T02:53:00.282+0000] {dag.py:2915} INFO - Sync 1 DAGs
[2025-12-20T02:53:00.291+0000] {logging_mixin.py:151} INFO - [2025-12-20T02:53:00.291+0000] {dag.py:3696} INFO - Setting next_dagrun for processo_etl_completo_geopandas to None, run_after=None
[2025-12-20T02:53:00.304+0000] {processor.py:179} INFO - Processing /opt/airflow/dags/etl_completa.py took 0.304 seconds
[2025-12-20T02:58:49.692+0000] {processor.py:161} INFO - Started process (PID=172) to work on /opt/airflow/dags/etl_completa.py
[2025-12-20T02:58:49.693+0000] {processor.py:830} INFO - Processing file /opt/airflow/dags/etl_completa.py for tasks to queue
[2025-12-20T02:58:49.694+0000] {logging_mixin.py:188} INFO - [2025-12-20T02:58:49.694+0000] {dagbag.py:540} INFO - Filling up the DagBag from /opt/airflow/dags/etl_completa.py
[2025-12-20T02:58:50.712+0000] {processor.py:840} INFO - DAG(s) 'processo_etl_completo_geopandas' retrieved from /opt/airflow/dags/etl_completa.py
[2025-12-20T02:58:50.868+0000] {logging_mixin.py:188} INFO - [2025-12-20T02:58:50.868+0000] {override.py:1769} INFO - Created Permission View: can edit on DAG:processo_etl_completo_geopandas
[2025-12-20T02:58:50.876+0000] {logging_mixin.py:188} INFO - [2025-12-20T02:58:50.876+0000] {override.py:1769} INFO - Created Permission View: can read on DAG:processo_etl_completo_geopandas
[2025-12-20T02:58:50.882+0000] {logging_mixin.py:188} INFO - [2025-12-20T02:58:50.881+0000] {override.py:1769} INFO - Created Permission View: can delete on DAG:processo_etl_completo_geopandas
[2025-12-20T02:58:50.882+0000] {logging_mixin.py:188} INFO - [2025-12-20T02:58:50.882+0000] {dag.py:3047} INFO - Sync 1 DAGs
[2025-12-20T02:58:50.889+0000] {logging_mixin.py:188} INFO - [2025-12-20T02:58:50.889+0000] {dag.py:3069} INFO - Creating ORM DAG for processo_etl_completo_geopandas
[2025-12-20T02:58:50.890+0000] {logging_mixin.py:188} INFO - [2025-12-20T02:58:50.890+0000] {dag.py:3834} INFO - Setting next_dagrun for processo_etl_completo_geopandas to None, run_after=None
[2025-12-20T02:58:50.902+0000] {processor.py:183} INFO - Processing /opt/airflow/dags/etl_completa.py took 1.212 seconds
[2025-12-20T02:59:21.023+0000] {processor.py:161} INFO - Started process (PID=187) to work on /opt/airflow/dags/etl_completa.py
[2025-12-20T02:59:21.024+0000] {processor.py:830} INFO - Processing file /opt/airflow/dags/etl_completa.py for tasks to queue
[2025-12-20T02:59:21.025+0000] {logging_mixin.py:188} INFO - [2025-12-20T02:59:21.025+0000] {dagbag.py:540} INFO - Filling up the DagBag from /opt/airflow/dags/etl_completa.py
[2025-12-20T02:59:21.497+0000] {processor.py:840} INFO - DAG(s) 'processo_etl_completo_geopandas' retrieved from /opt/airflow/dags/etl_completa.py
[2025-12-20T02:59:21.515+0000] {logging_mixin.py:188} INFO - [2025-12-20T02:59:21.515+0000] {dag.py:3047} INFO - Sync 1 DAGs
[2025-12-20T02:59:21.526+0000] {logging_mixin.py:188} INFO - [2025-12-20T02:59:21.526+0000] {dag.py:3834} INFO - Setting next_dagrun for processo_etl_completo_geopandas to None, run_after=None
[2025-12-20T02:59:21.541+0000] {processor.py:183} INFO - Processing /opt/airflow/dags/etl_completa.py took 0.521 seconds
[2025-12-20T02:59:51.608+0000] {processor.py:161} INFO - Started process (PID=199) to work on /opt/airflow/dags/etl_completa.py
[2025-12-20T02:59:51.609+0000] {processor.py:830} INFO - Processing file /opt/airflow/dags/etl_completa.py for tasks to queue
[2025-12-20T02:59:51.610+0000] {logging_mixin.py:188} INFO - [2025-12-20T02:59:51.610+0000] {dagbag.py:540} INFO - Filling up the DagBag from /opt/airflow/dags/etl_completa.py
[2025-12-20T02:59:52.074+0000] {processor.py:840} INFO - DAG(s) 'processo_etl_completo_geopandas' retrieved from /opt/airflow/dags/etl_completa.py
[2025-12-20T02:59:52.090+0000] {logging_mixin.py:188} INFO - [2025-12-20T02:59:52.090+0000] {dag.py:3047} INFO - Sync 1 DAGs
[2025-12-20T02:59:52.096+0000] {logging_mixin.py:188} INFO - [2025-12-20T02:59:52.096+0000] {dag.py:3834} INFO - Setting next_dagrun for processo_etl_completo_geopandas to None, run_after=None
[2025-12-20T02:59:52.107+0000] {processor.py:183} INFO - Processing /opt/airflow/dags/etl_completa.py took 0.502 seconds
[2025-12-20T03:00:22.205+0000] {processor.py:161} INFO - Started process (PID=214) to work on /opt/airflow/dags/etl_completa.py
[2025-12-20T03:00:22.206+0000] {processor.py:830} INFO - Processing file /opt/airflow/dags/etl_completa.py for tasks to queue
[2025-12-20T03:00:22.206+0000] {logging_mixin.py:188} INFO - [2025-12-20T03:00:22.206+0000] {dagbag.py:540} INFO - Filling up the DagBag from /opt/airflow/dags/etl_completa.py
[2025-12-20T03:00:22.547+0000] {processor.py:840} INFO - DAG(s) 'processo_etl_completo_geopandas' retrieved from /opt/airflow/dags/etl_completa.py
[2025-12-20T03:00:22.562+0000] {logging_mixin.py:188} INFO - [2025-12-20T03:00:22.562+0000] {dag.py:3047} INFO - Sync 1 DAGs
[2025-12-20T03:00:22.569+0000] {logging_mixin.py:188} INFO - [2025-12-20T03:00:22.569+0000] {dag.py:3834} INFO - Setting next_dagrun for processo_etl_completo_geopandas to None, run_after=None
[2025-12-20T03:00:22.581+0000] {processor.py:183} INFO - Processing /opt/airflow/dags/etl_completa.py took 0.378 seconds
[2025-12-20T03:00:52.667+0000] {processor.py:161} INFO - Started process (PID=226) to work on /opt/airflow/dags/etl_completa.py
[2025-12-20T03:00:52.669+0000] {processor.py:830} INFO - Processing file /opt/airflow/dags/etl_completa.py for tasks to queue
[2025-12-20T03:00:52.669+0000] {logging_mixin.py:188} INFO - [2025-12-20T03:00:52.669+0000] {dagbag.py:540} INFO - Filling up the DagBag from /opt/airflow/dags/etl_completa.py
[2025-12-20T03:00:53.125+0000] {processor.py:840} INFO - DAG(s) 'processo_etl_completo_geopandas' retrieved from /opt/airflow/dags/etl_completa.py
[2025-12-20T03:00:53.141+0000] {logging_mixin.py:188} INFO - [2025-12-20T03:00:53.140+0000] {dag.py:3047} INFO - Sync 1 DAGs
[2025-12-20T03:00:53.147+0000] {logging_mixin.py:188} INFO - [2025-12-20T03:00:53.147+0000] {dag.py:3834} INFO - Setting next_dagrun for processo_etl_completo_geopandas to None, run_after=None
[2025-12-20T03:00:53.159+0000] {processor.py:183} INFO - Processing /opt/airflow/dags/etl_completa.py took 0.495 seconds
[2025-12-20T03:01:23.251+0000] {processor.py:161} INFO - Started process (PID=244) to work on /opt/airflow/dags/etl_completa.py
[2025-12-20T03:01:23.252+0000] {processor.py:830} INFO - Processing file /opt/airflow/dags/etl_completa.py for tasks to queue
[2025-12-20T03:01:23.253+0000] {logging_mixin.py:188} INFO - [2025-12-20T03:01:23.252+0000] {dagbag.py:540} INFO - Filling up the DagBag from /opt/airflow/dags/etl_completa.py
[2025-12-20T03:01:23.718+0000] {processor.py:840} INFO - DAG(s) 'processo_etl_completo_geopandas' retrieved from /opt/airflow/dags/etl_completa.py
[2025-12-20T03:01:23.732+0000] {logging_mixin.py:188} INFO - [2025-12-20T03:01:23.732+0000] {dag.py:3047} INFO - Sync 1 DAGs
[2025-12-20T03:01:23.739+0000] {logging_mixin.py:188} INFO - [2025-12-20T03:01:23.738+0000] {dag.py:3834} INFO - Setting next_dagrun for processo_etl_completo_geopandas to None, run_after=None
[2025-12-20T03:01:23.752+0000] {processor.py:183} INFO - Processing /opt/airflow/dags/etl_completa.py took 0.504 seconds
